Mes, Año de FECHA;MES_IMPACTO;FECHA;INTENCIONES;CAC_VALIDA;CICLO_FINAL_ASIGNADO;CIUDAD;DOCUMENTO;ESTADO;FECHA_ALTA;IDENTIFICACION;IDENTIFICACION_HOMOLOGADA;NFILAFF;REGION;RNR;SUB_CATEGORIA_VALIDA;SUBCATEGORIA_T_SALIDA;SUBPRODUCTO_HOMOLOGADO_FF;SUBSCRIBER_FINAL;TECNOLOGIA_FINAL_F;TIPO_FINAL;USUARIO_T;ZONA
septiembre de 2026;202610;16/9/2026;1;CAC PASEO BABAHOYO;CICLO FMC DIA 26-25;BABAHOYO;994981027;Atendido;;994981027;0994981027;1;R2;1;RENUNCIAS;Movil:Actualización de datos dirección correo;TELEFONIA;;HFC;RENUNCIAS HOGAR;DRENDONE;R2 ZONA 3
agosto de 2026;202609;24/8/2026;1;CAC SCALA;CICLO FMC DIA 2-1;QUITO;980260985;Atendido;1/3/2026;980260985;1755871959;1;R1;1;RENUNCIAS;Hogar:Renuncia HFC GPON  varios conceptos;Telefonia;25104261;GPON;OTROS CIERRES;RCENTENO;R1 ZONA 1
agosto de 2026;202609;12/8/2026;1;CAC CONDADO;CICLO FMC DIA 11-10;QUITO;990946814;Atendido;29/6/2022;990946814;1004587588;1;R1;1;SERVICIO AL CLIENTE;Hogar:Renuncia HFC GPON  varios conceptos;Internet;2218729335;GPON;OTROS CIERRES;CMINANGJ;R1 ZONA 1
septiembre de 2026;202610;8/9/2026;1;CAC AZOGUES;CICLO FMC DIA 24-23;AZOGUES;500776125;Atendido;22/6/2024;500776125;0500776125;1;R2;1;RENUNCIAS; Información de productos;Television;1000698874;GPON;RENUNCIAS HOGAR;JARIASG;R2 ZONA 4
julio de 2026;202608;27/7/2026;1;CAC 9 DE OCTUBRE;CICLO FMC DIA 11-10;GUAYAQUIL;969120461;Atendido;8/11/2022;969120461;0904309788;1;R2;1;SERVICIO AL CLIENTE;Hogar:Renuncia HFC GPON  varios conceptos;Internet;2218793001;GPON;OTROS CIERRES;TBARRERV;R2 ZONA 3
julio de 2026;202608;21/7/2026;1;CAC QUICENTRO SUR;CICLO FMC DIA 15-14;QUITO;981116429;Atendido;14/3/2026;981116429;1208887610;1;R1;1;RENUNCIAS;Hogar:Renuncia derivada del Kiosko;Telefonia;25226530;GPON;RENUNCIAS HOGAR;MMOREIRR;R1 ZONA 2
julio de 2026;202609;22/7/2026;1;CAC SAN LUIS;CICLO FMC DIA 26-25;QUITO;993041429;Atendido;;993041429;0993041429;1;R1;1;SERVICIO AL CLIENTE;Hogar:Renuncia HFC GPON  varios conceptos;INTERNET;;GPON;OTROS CIERRES;TMXMCASA;R1 ZONA 2
agosto de 2026;202609;17/8/2026;1;CAC TENA;CICLO FMC DIA 26-25;TENA;968623672;Atendido;24/1/2026;968623672;1803165925;1;R1;1;RENUNCIAS;Movil Pago: consumo masivo;Internet;1001506347;GPON;RENUNCIAS HOGAR;eortizm;R1 ZONA 1
septiembre de 2026;202610;2/9/2026;1;CAC PASEO RIOBAMBA;CICLO FMC DIA 26-25;RIOBAMBA;984019228;Atendido;;;0984019228;1;R1;1;RENUNCIAS;Movil:Actualización de datos dirección correo;INTERNET;;HFC;RENUNCIAS HOGAR;BVALLEJE;R1 ZONA 2
julio de 2026;202608;4/7/2026;1;CAC PASEO RIOBAMBA;CICLO FMC DIA 26-25;RIOBAMBA;969817862;Atendido;;969817862;0969817862;1;R1;1;RENUNCIAS;Hogar:Renuncia HFC GPON  varios conceptos;INTERNET;;HFC;RENUNCIAS HOGAR;PMONCAYB;R1 ZONA 2
septiembre de 2026;202611;23/9/2026;1;CAC EL BOSQUE;CICLO FMC DIA 26-25;QUITO;993333053;Atendido;;993333053;0993333053;1;R1;1;SERVICIO AL CLIENTE;Hogar:Renuncia HFC GPON  varios conceptos;INTERNET;;GPON;OTROS CIERRES;KMERCADO;R1 ZONA 2
agosto de 2026;202609;4/8/2026;1;CAC CHONE;CICLO FMC DIA 8-7;CHONE;1714296124;Atendido;18/3/2026;1714296124;1714296124;1;R2;1;RENUNCIAS;Movil: Renuncia servicio celular;Telefonia;55011420;GPON;RENUNCIAS HOGAR;MMOREIRV;R2 ZONA 1
agosto de 2026;202609;17/8/2026;1;CAC COCA;CICLO FMC DIA 11-10;COCA;986110988;Atendido;;986110988;0986110988;1;R1;1;SERVICIO AL CLIENTE;Hogar:Renuncia HFC GPON  varios conceptos;INTERNET;;HFC;OTROS CIERRES;ARUIZI;R1 ZONA 3
julio de 2026;202607;2/7/2026;1;CAC LAGUNA MALL;CICLO FMC DIA 11-10;IBARRA;992289514;Atendido;;992289514;0992289514;1;R1;1;RENUNCIAS;Movil/Hogar: Consulta Saldos;INTERNET;;HFC;RENUNCIAS HOGAR;ORIASCOC;R1 ZONA 3
agosto de 2026;202609;26/8/2026;1;CAC RIOCENTRO CEIBOS;CICLO FMC DIA 11-10;GUAYAQUIL;993660060;Atendido;;993660060;0993660060;1;R2;1;RENUNCIAS;Reclamo Facturacion;TELEVISION;;HFC;RENUNCIAS HOGAR;JCEVALLP;R2 ZONA 1
agosto de 2026;202609;14/8/2026;1;CAC MALL DEL RIO;CICLO FMC DIA 11-10;CUENCA;989488725;Atendido;;989488725;0989488725;1;R2;1;RENUNCIAS;Movil: Renuncia servicio celular;TELEFONIA;;HFC;RENUNCIAS HOGAR;ILOORO;R2 ZONA 4
septiembre de 2026;202610;3/9/2026;1;CAC LAGUNA MALL;CICLO FMC DIA 8-7;IBARRA;983025446;Atendido;9/9/2023;983025446;1714547245;1;R1;1;RENUNCIAS;Hogar:Renuncia HFC GPON  varios conceptos;Television;1000410423;GPON;RENUNCIAS HOGAR;MCISNERA;R1 ZONA 3
agosto de 2026;202609;29/8/2026;1;CAC EL BOSQUE;CICLO FMC DIA 11-10;QUITO;968276002;Atendido;;968276002;0968276002;1;R1;1;RENUNCIAS;Renuncia servicio corporativo;INTERNET;;HFC;RENUNCIAS HOGAR;SANDRADF;R1 ZONA 2
julio de 2026;202608;12/7/2026;1;CAC RIOCENTRO ENTRERIOS;CICLO FMC DIA 26-25;GUAYAQUIL;967601514;Atendido;14/5/2023;967601514;0916598949;1;R2;1;RENUNCIAS;Hogar:Renuncia HFC GPON  varios conceptos;Television;1000294578;GPON;RENUNCIAS HOGAR;DPOVEDAM;R2 ZONA 3
agosto de 2026;202610;31/8/2026;1;CAC COCA;CICLO FMC DIA 26-25;COCA;992506573;Atendido;;992506573;0992506573;1;R1;1;RENUNCIAS;Hogar:Renuncia HFC GPON  varios conceptos;TELEFONIA;;HFC;OTROS CIERRES;ARUIZI;R1 ZONA 3
agosto de 2026;202609;14/8/2026;1;CAC PASEO PLAYAS;CICLO FMC DIA 26-25;PLAYAS;909097147;Atendido;;;0909097147;1;R2;1;RENUNCIAS;Hogar:Renuncia HFC GPON  varios conceptos;TELEFONIA;;HFC;RENUNCIAS HOGAR;JMOREIRM;R2 ZONA 2
septiembre de 2026;202610;12/9/2026;1;CAC SCALA;CICLO FMC DIA 11-10;QUITO;985632563;Atendido;;985632563;0985632563;1;R1;1;SERVICIO AL CLIENTE;Hogar:Renuncia HFC GPON  varios conceptos;TELEFONIA;;HFC;OTROS CIERRES;RCENTENO;R1 ZONA 1
julio de 2026;202608;27/7/2026;1;CAC MILAGRO;CICLO FMC DIA 15-14;MILAGRO;986556336;Atendido;13/9/2025;1704699873;1704699873;1;R2;1;RENUNCIAS;Hogar Pago: consumo masivo;Internet;1001347574;GPON;RENUNCIAS HOGAR;AESCOBAL;R2 ZONA 3
julio de 2026;202608;9/7/2026;1;CAC LAGUNA MALL;CICLO FMC DIA 11-10;IBARRA;995709832;Atendido;;995709832;0995709832;1;R1;1;SERVICIO AL CLIENTE;Hogar:Renuncia HFC GPON  varios conceptos;TELEFONIA;;HFC;OTROS CIERRES;PMUNOZS;R1 ZONA 3
septiembre de 2026;202610;17/9/2026;1;CAC RIOCENTRO NORTE;CICLO FMC DIA 11-10;GUAYAQUIL;982436154;Atendido;;;0982436154;1;R2;1;RENUNCIAS;Movil: Renuncia servicio celular;INTERNET;;HFC;RENUNCIAS HOGAR;MBUENOA;R2 ZONA 2
septiembre de 2026;202610;11/9/2026;1;CAC COCA;CICLO FMC DIA 26-25;COCA;981983638;Atendido;;981983638;0981983638;1;R1;1;SERVICIO AL CLIENTE;Hogar:Renuncia HFC GPON  varios conceptos;INTERNET;;HFC;OTROS CIERRES;VZAMBRAM;R1 ZONA 3
septiembre de 2026;202610;1/9/2026;1;CAC AZOGUES;CICLO FMC DIA 6-5;AZOGUES;701938011;Atendido;24/7/2025;701938011;0701938011;1;R2;1;RENUNCIAS;Hogar:Renuncia HFC GPON  varios conceptos;Telefonia;75020098;GPON;RENUNCIAS HOGAR;JARIASG;R2 ZONA 4
agosto de 2026;202609;24/8/2026;1;CAC GALAPAGOS;CICLO FMC DIA 11-10;GALAPAGOS;991944134;Atendido;;991944134;0991944134;1;R2;1;RENUNCIAS;Hogar:Renuncia HFC GPON  varios conceptos;INTERNET;;GPON;RENUNCIAS HOGAR;DROMEROG;R2 ZONA 4
agosto de 2026;202609;12/8/2026;1;CAC QUEVEDO CENTRO;CICLO FMC DIA 11-10;QUEVEDO;910803360;Atendido;24/6/2026;910803360;0910803360;1;R2;1;RENUNCIAS;Movil Pago: consumo masivo;Television;1001700515;GPON;RENUNCIAS HOGAR;LGALLEGF;R2 ZONA 1
agosto de 2026;202609;28/8/2026;1;CAC QUEVEDO CENTRO;CICLO FMC DIA 6-5;QUEVEDO;978944138;Atendido;4/7/2025;1205991258;1205991258;1;R2;1;RENUNCIAS;Movil Pago: consumo masivo;Internet;1001242348;GPON;RENUNCIAS HOGAR;MGALVEZC;R2 ZONA 1
julio de 2026;202608;20/7/2026;1;CAC MALL DEL SUR;CICLO FMC DIA 6-5;GUAYAQUIL;985741261;Atendido;4/7/2026;985741261;0917231961;1;R2;1;SERVICIO AL CLIENTE;Hogar:Renuncia HFC GPON  varios conceptos;Internet;1001711521;GPON;OTROS CIERRES;BALVAREC;R2 ZONA 2
septiembre de 2026;202611;21/9/2026;1;CAC MALL DEL RIO;CICLO FMC DIA 26-25;CUENCA;984996802;Atendido;;984996802;0984996802;1;R2;1;RENUNCIAS;Movil: Renuncia servicio celular;INTERNET;;HFC;RENUNCIAS HOGAR;MVIVARM;R2 ZONA 4
agosto de 2026;202609;24/8/2026;1;CAC DAULE;CICLO FMC DIA 15-14;DAULE;993455732;Atendido;12/8/2026;993455732;0915778286;1;R2;1;RENUNCIAS;Movil Reposición de sim;Internet;1001756090;GPON;RENUNCIAS HOGAR;LCAICEDN;R2 ZONA 4
julio de 2026;202608;21/7/2026;1;CAC PASEO QUEVEDO;CICLO FMC DIA 17-16;QUEVEDO;1207648328;Atendido;16/5/2024;1207648328;1207648328;1;R2;1;RENUNCIAS;Movil:Actualización de datos dirección correo;Internet;1000660190;GPON;RENUNCIAS HOGAR;CMURILLI;R2 ZONA 1
agosto de 2026;202610;28/8/2026;1;CAC COCA;CICLO FMC DIA 26-25;COCA;981956508;Atendido;;981956508;0981956508;1;R1;1;RENUNCIAS;Hogar:Renuncia HFC GPON  varios conceptos;INTERNET;;HFC;OTROS CIERRES;JSANTILA;R1 ZONA 3
julio de 2026;202608;20/7/2026;1;CAC PASEO PLAYAS;CICLO FMC DIA 28-27;PLAYAS;1302340896;Atendido;21/1/2025;1302340896;1302340896;1;R2;1;SERVICIO AL CLIENTE;Hogar:Renuncia HFC GPON  varios conceptos;Internet;1000985484;GPON;OTROS CIERRES;YINTRIAL;R2 ZONA 2
agosto de 2026;202609;29/8/2026;1;CAC MALL DEL RIO;CICLO FMC DIA 11-10;CUENCA;993631244;Atendido;;;0993631244;1;R2;1;RENUNCIAS;Movil: Renuncia servicio celular;INTERNET;;HFC;RENUNCIAS HOGAR;MVIVARM;R2 ZONA 4
julio de 2026;202608;13/7/2026;1;CAC PASEO PLAYAS;CICLO FMC DIA 11-10;PLAYAS;905900932;Atendido;;905900932;0905900932;1;R2;1;RENUNCIAS;Movil Pago: consumo masivo;TELEFONIA;;GPON;RENUNCIAS HOGAR;JCEVALLU;R2 ZONA 2
agosto de 2026;202609;5/8/2026;1;CAC MALL DEL SUR;CICLO FMC DIA 2-1;GUAYAQUIL;939356704;Atendido;28/10/2024;;0909163792;1;R2;1;RENUNCIAS;Hogar:Renuncia HFC GPON  varios conceptos;Telefonia;45166997;GPON;OTROS CIERRES;GCORONER;R2 ZONA 2
julio de 2026;202607;4/7/2026;1;CAC SCALA;CICLO FMC DIA 11-10;QUITO;988453640;Atendido;;988453640;0988453640;1;R1;1;RENUNCIAS;Hogar:Renuncia HFC GPON  varios conceptos;INTERNET;;GPON;OTROS CIERRES;GALBARRR;R1 ZONA 1
julio de 2026;202608;21/7/2026;1;CAC SCALA;CICLO FMC DIA 11-10;QUITO;999286435;Atendido;;999286435;0999286435;1;R1;1;SERVICIO AL CLIENTE;Hogar:Renuncia HFC GPON  varios conceptos;INTERNET;;HFC;OTROS CIERRES;PPULUPA2;R1 ZONA 1
julio de 2026;202608;2/7/2026;1;CAC SAN LUIS;CICLO FMC DIA 2-1;QUITO;985011207;Atendido;20/2/2024;985011207;1700959511;1;R1;1;RENUNCIAS;Reclamo Facturacion;Internet;1000569018;HFC;RENUNCIAS HOGAR;CQUISHPH;R1 ZONA 2
julio de 2026;202609;30/7/2026;1;CAC PASEO PLAYAS;CICLO FMC DIA 26-25;PLAYAS;986774532;Atendido;;986774532;0986774532;1;R2;1;RENUNCIAS;Movil: Renuncia servicio celular;TELEFONIA;;HFC;RENUNCIAS HOGAR;DMOYAP;R2 ZONA 2
septiembre de 2026;202610;7/9/2026;1;CAC MALL DEL RIO;CICLO FMC DIA 11-10;CUENCA;988080869;Atendido;;988080869;0988080869;1;R2;1;RENUNCIAS;Movil: Renuncia servicio celular;TELEFONIA;;HFC;RENUNCIAS HOGAR;CHUAGLLC;R2 ZONA 4
agosto de 2026;202609;24/8/2026;1;CAC CONDADO;CICLO FMC DIA 11-10;QUITO;939476809;Atendido;6/2/2023;939476809;1750364117;1;R1;1;SERVICIO AL CLIENTE;Hogar:Renuncia HFC GPON  varios conceptos;Cloud;19120670;HFC;OTROS CIERRES;CMINANGJ;R1 ZONA 1
julio de 2026;202608;20/7/2026;1;CAC PASEO RIOBAMBA;CICLO FMC DIA 11-10;RIOBAMBA;989158098;Atendido;;989158098;0989158098;1;R1;1;SERVICIO AL CLIENTE;Hogar:Renuncia HFC GPON  varios conceptos;INTERNET;;HFC;OTROS CIERRES;VROBALIB;R1 ZONA 2
agosto de 2026;202610;28/8/2026;1;CAC PASEO DURAN;CICLO FMC DIA 26-25;GUAYAQUIL;969051500;Atendido;;969051500;0969051500;1;R2;1;SERVICIO AL CLIENTE;Hogar:Renuncia HFC GPON  varios conceptos;INTERNET;;GPON;OTROS CIERRES;JVIVASO;R2 ZONA 4
septiembre de 2026;202609;3/9/2026;1;CAC MALL DEL RIO;CICLO FMC DIA 11-10;CUENCA;962638047;Atendido;;962638047;0962638047;1;R2;1;RENUNCIAS;Movil: Renuncia servicio celular;TELEFONIA;;HFC;RENUNCIAS HOGAR;MVIVARM;R2 ZONA 4
julio de 2026;202608;4/7/2026;1;CAC MALL DEL RIO;CICLO FMC DIA 8-7;CUENCA;104844998;Atendido;22/2/2025;104844998;0104844998;1;R2;1;SERVICIO AL CLIENTE;Hogar:Renuncia HFC GPON  varios conceptos;Internet;1001034229;GPON;OTROS CIERRES;ATORRESC;R2 ZONA 4
agosto de 2026;202609;17/8/2026;1;CAC MALL DEL RIO;CICLO FMC DIA 26-25;CUENCA;963521326;Atendido;;;0963521326;1;R2;1;RENUNCIAS;Hogar:Renuncia HFC GPON  varios conceptos;TELEVISION;;HFC;RENUNCIAS HOGAR;ATORRESC;R2 ZONA 4
agosto de 2026;202609;21/8/2026;1;CAC EL RECREO;CICLO FMC DIA 11-10;QUITO;999758992;Atendido;;;0999758992;1;R1;1;RENUNCIAS;Movil: Renuncia servicio celular;INTERNET;;GPON;RENUNCIAS HOGAR;ECTFTERQ;R1 ZONA 2
agosto de 2026;202608;2/8/2026;1;CAC PASEO VIA DAULE;CICLO FMC DIA 11-10;GUAYAQUIL;921681441;Atendido;9/8/2025;921681441;0921681441;1;R2;1;RENUNCIAS;Hogar: Traslado de Servicio;Telefonia;45215608;GPON;RENUNCIAS HOGAR;EPINT;R2 ZONA 3
julio de 2026;202608;14/7/2026;1;CAC COCA;CICLO FMC DIA 11-10;COCA;997428212;Atendido;;997428212;0997428212;1;R1;1;RENUNCIAS;Hogar:Renuncia HFC GPON  varios conceptos;INTERNET;;HFC;OTROS CIERRES;ARUIZI;R1 ZONA 3
septiembre de 2026;202610;4/9/2026;1;CAC EL RECREO;CICLO FMC DIA 24-23;QUITO;967266671;Atendido;23/4/2024;967266671;0900659103;1;R1;1;RENUNCIAS;Hogar:Renuncia HFC GPON  varios conceptos;Telefonia;25023408;GPON;RENUNCIAS HOGAR;amelende;R1 ZONA 2
septiembre de 2026;202610;15/9/2026;1;CAC IBARRA;CICLO FMC DIA 26-25;IBARRA;960113000;Atendido;4/3/2024;960113000;0400461901;1;R1;1;RENUNCIAS;Hogar Pago: consumo masivo;Telefonia;65017113;GPON;RENUNCIAS HOGAR;SBRAVOM;R1 ZONA 3
julio de 2026;202608;16/7/2026;1;CAC SAN LUIS;CICLO FMC DIA 2-1;QUITO;991400008;Atendido;29/6/2025;991400008;1712715786;1;R1;1;RENUNCIAS;Movil Pago: consumo masivo;Television;1001235858;GPON;RENUNCIAS HOGAR;GORTIZUL;R1 ZONA 2
agosto de 2026;202610;25/8/2026;1;CAC COCA;CICLO FMC DIA 26-25;COCA;939774013;Atendido;;939774013;0939774013;1;R1;1;RENUNCIAS;Hogar:Renuncia HFC GPON  varios conceptos;TELEFONIA;;HFC;OTROS CIERRES;VZAMBRAM;R1 ZONA 3
julio de 2026;202609;30/7/2026;1;CAC RIOCENTRO ENTRERIOS;CICLO FMC DIA 26-25;GUAYAQUIL;969547144;Atendido;;;0969547144;1;R2;1;RENUNCIAS;Movil: Renuncia servicio celular;TELEFONIA;;GPON;RENUNCIAS HOGAR;HPENAFIO;R2 ZONA 3
septiembre de 2026;202610;8/9/2026;1;CAC PASEO RIOBAMBA;CICLO FMC DIA 26-25;RIOBAMBA;989460043;Atendido;;989460043;0989460043;1;R1;1;SERVICIO AL CLIENTE;Hogar:Renuncia HFC GPON  varios conceptos;INTERNET;;HFC;OTROS CIERRES;FORTIZM;R1 ZONA 2
julio de 2026;202608;10/7/2026;1;CAC PASEO PORTOVIEJO;CICLO FMC DIA 15-14;PORTOVIEJO;986445294;Atendido;13/7/2024;986445294;1306506211;1;R2;1;RENUNCIAS;Movil Pago: consumo masivo;Telefonia;55010309;GPON;RENUNCIAS HOGAR;KBRAVOP2;R2 ZONA 3
julio de 2026;202608;15/7/2026;1;CAC PASEO QUEVEDO;CICLO FMC DIA 26-25;QUEVEDO;967287812;Atendido;5/5/2025;967287812;0940268360;1;R2;1;SERVICIO AL CLIENTE;Hogar:Renuncia HFC GPON  varios conceptos;Telefonia;55017290;GPON;OTROS CIERRES;BVARGASV;R2 ZONA 1
septiembre de 2026;202610;8/9/2026;1;CAC PASEO PLAYAS;CICLO FMC DIA 11-10;PLAYAS;962713182;Atendido;;962713182;0962713182;1;R2;1;RENUNCIAS;Movil: Renuncia servicio celular;TELEVISION;;HFC;RENUNCIAS HOGAR;ORIOFRIR;R2 ZONA 2
septiembre de 2026;202610;11/9/2026;1;CAC QUEVEDO CENTRO;CICLO FMC DIA 11-10;QUEVEDO;1201865837;Atendido;;1201865837;1201865837;1;R2;1;RENUNCIAS;Movil:Actualización de datos dirección correo;INTERNET;;HFC;RENUNCIAS HOGAR;BMINOT;R2 ZONA 1
septiembre de 2026;202610;10/9/2026;1;CAC QUEVEDO CENTRO;CICLO FMC DIA 2-1;QUEVEDO;1200531125;Atendido;29/8/2026;1200531125;1200531125;1;R2;1;RENUNCIAS;Movil Pago: consumo masivo;Internet;1001777087;GPON;RENUNCIAS HOGAR;CSANTILN;R2 ZONA 1
agosto de 2026;202609;5/8/2026;1;CAC EL DORADO;CICLO FMC DIA 26-25;GUAYAQUIL;998697048;Atendido;;;0998697048;1;R2;1;RENUNCIAS;Hogar:Renuncia HFC GPON  varios conceptos;TELEFONIA;;HFC;OTROS CIERRES;AZAMBRA;R2 ZONA 3
septiembre de 2026;202610;22/9/2026;1;CAC RIOCENTRO ENTRERIOS;CICLO FMC DIA 24-23;GUAYAQUIL;994890218;Atendido;27/4/2026;994890218;1707551998;1;R2;1;SERVICIO AL CLIENTE;Hogar:Renuncia HFC GPON  varios conceptos;Internet;1001622476;GPON;OTROS CIERRES;KHIDALGM;R2 ZONA 3
septiembre de 2026;202610;8/9/2026;1;CAC MALL DEL PACIFICO;CICLO FMC DIA 2-1;MANTA;986515781;Atendido;24/1/2025;986515781;1303174542;1;R2;1;SERVICIO AL CLIENTE;Hogar:Renuncia HFC GPON  varios conceptos;Internet;1000988042;GPON;OTROS CIERRES;LALONZOI;R2 ZONA 1
julio de 2026;202609;22/7/2026;1;CAC SCALA;CICLO FMC DIA 26-25;QUITO;995451430;Atendido;;;0995451430;1;R1;1;RENUNCIAS;Hogar Pago: consumo masivo;INTERNET;;GPON;RENUNCIAS HOGAR;GALBARRR;R1 ZONA 1
julio de 2026;202608;7/7/2026;1;CAC LAGUNA MALL;CICLO FMC DIA 11-10;IBARRA;948934895;Atendido;;;0948934895;1;R1;1;SERVICIO AL CLIENTE;Hogar:Renuncia HFC GPON  varios conceptos;INTERNET;;HFC;OTROS CIERRES;MCISNERA;R1 ZONA 3
agosto de 2026;202609;7/8/2026;1;CAC SCALA;CICLO FMC DIA 26-25;QUITO;991280357;Atendido;;991280357;0991280357;1;R1;1;RENUNCIAS;Hogar:Renuncia HFC GPON  varios conceptos;INTERNET;;HFC;OTROS CIERRES;NTGECARM;R1 ZONA 1
agosto de 2026;202610;29/8/2026;1;CAC DAULE;CICLO FMC DIA 24-23;DAULE;980120184;Atendido;23/2/2024;980120184;0919194621;1;R2;1;RENUNCIAS;Movil Reposición de sim;Internet;1000570827;GPON;RENUNCIAS HOGAR;LCAICEDN;R2 ZONA 4
septiembre de 2026;202610;28/9/2026;1;CAC COCA;CICLO FMC DIA 11-10;COCA;993756484;Atendido;;993756484;0993756484;1;R1;1;RENUNCIAS;Hogar:Renuncia HFC GPON  varios conceptos;TELEFONIA;;GPON;OTROS CIERRES;ARUIZI;R1 ZONA 3
julio de 2026;202608;15/7/2026;1;CAC LOJA;CICLO FMC DIA 4-3;LOJA;1105337453;Atendido;2/12/2025;1105337453;1105337453;1;R2;1;RENUNCIAS;Hogar:Mala venta DAS FVD SAC;Internet;1001454024;GPON;RENUNCIAS HOGAR;DVERGARR;R2 ZONA 1
septiembre de 2026;202611;26/9/2026;1;CAC MALL DEL ALTO;CICLO FMC DIA 26-25;CUENCA;940190749;Atendido;;;0940190749;1;R2;1;RENUNCIAS;Hogar:Renuncia derivada del Kiosko;INTERNET;;HFC;RENUNCIAS HOGAR;ALUCEROG;R2 ZONA 4
agosto de 2026;202609;7/8/2026;1;CAC LAGUNA MALL;CICLO FMC DIA 11-10;IBARRA;998215057;Atendido;;;0998215057;1;R1;1;SERVICIO AL CLIENTE;Hogar:Renuncia HFC GPON  varios conceptos;INTERNET;;GPON;OTROS CIERRES;MCISNERA;R1 ZONA 3
julio de 2026;202608;9/7/2026;1;CAC PASEO PLAYAS;CICLO FMC DIA 26-25;PLAYAS;942965161;Atendido;25/10/2023;;0942965161;1;R2;1;RENUNCIAS;Hogar:Renuncia HFC GPON  varios conceptos;Internet;1000453035;GPON;RENUNCIAS HOGAR;DMOYAP;R2 ZONA 2
septiembre de 2026;202610;18/9/2026;1;CAC EL BOSQUE;CICLO FMC DIA 26-25;QUITO;987244829;Atendido;;;0987244829;1;R1;1;SERVICIO AL CLIENTE;Hogar:Renuncia HFC GPON  varios conceptos;TELEFONIA;;HFC;OTROS CIERRES;CHERRERC;R1 ZONA 2
julio de 2026;202608;3/7/2026;1;CAC LAGUNA MALL;CICLO FMC DIA 26-25;IBARRA;985636891;Atendido;;985636891;0985636891;1;R1;1;RENUNCIAS; Información de productos;TELEFONIA;;GPON;RENUNCIAS HOGAR;KAGREDAG;R1 ZONA 3
agosto de 2026;202608;2/8/2026;1;CAC EL DORADO;CICLO FMC DIA 11-10;GUAYAQUIL;986325670;Atendido;;986325670;0986325670;1;R2;1;RENUNCIAS;Renuncia servicio corporativo;INTERNET;;GPON;RENUNCIAS HOGAR;MRIVERAT;R2 ZONA 3
julio de 2026;202608;9/7/2026;1;CAC PASEO PORTOVIEJO;CICLO FMC DIA 2-1;PORTOVIEJO;968831864;Atendido;15/4/2025;968831864;1308075389;1;R2;1;SERVICIO AL CLIENTE;Movil Pago: consumo masivo;Telefonia;55025789;GPON;FMC;JNIETOUP;R2 ZONA 3
agosto de 2026;202609;7/8/2026;1;CAC MALL DEL RIO;CICLO FMC DIA 26-25;CUENCA;850577230;Atendido;24/1/2026;850577230;0850577230;1;R2;1;SERVICIO AL CLIENTE;Hogar:Renuncia HFC GPON  varios conceptos;Internet;1001506824;GPON;OTROS CIERRES;ATORRESC;R2 ZONA 4
septiembre de 2026;202610;17/9/2026;1;CAC PASEO PLAYAS;CICLO FMC DIA 26-25;PLAYAS;979684205;Atendido;;979684205;0979684205;1;R2;1;RENUNCIAS;Movil: Renuncia servicio celular;INTERNET;;HFC;RENUNCIAS HOGAR;DMOYAP;R2 ZONA 2
agosto de 2026;202609;31/8/2026;1;CAC LAGUNA MALL;CICLO FMC DIA 11-10;IBARRA;997844409;Atendido;;997844409;0997844409;1;R1;1;RENUNCIAS;Hogar:Renuncia HFC GPON  varios conceptos;INTERNET;;HFC;RENUNCIAS HOGAR;MCISNERA;R1 ZONA 3
julio de 2026;202608;16/7/2026;1;CAC CUENCA;CICLO FMC DIA 2-1;CUENCA;702881517;Atendido;28/2/2024;702881517;0702881517;1;R2;1;RENUNCIAS;Movil Pago: consumo masivo;Internet;1000577431;GPON;RENUNCIAS HOGAR;KCALLEM;R2 ZONA 4
agosto de 2026;202609;5/8/2026;1;CAC PASEO PLAYAS;CICLO FMC DIA 26-25;PLAYAS;988773782;Atendido;;988773782;0988773782;1;R2;1;RENUNCIAS;Hogar:Renuncia HFC GPON  varios conceptos;TELEFONIA;;GPON;RENUNCIAS HOGAR;DMOYAP;R2 ZONA 2
julio de 2026;202608;8/7/2026;1;CAC SCALA;CICLO FMC DIA 11-10;QUITO;987775381;Atendido;;;0987775381;1;R1;1;RENUNCIAS;Hogar:Renuncia HFC GPON  varios conceptos;INTERNET;;HFC;OTROS CIERRES;JPONCER;R1 ZONA 1
agosto de 2026;202610;27/8/2026;1;CAC PASEO PLAYAS;CICLO FMC DIA 26-25;PLAYAS;999766428;Atendido;;999766428;0999766428;1;R2;1;RENUNCIAS;Movil: Renuncia servicio celular;INTERNET;;GPON;RENUNCIAS HOGAR;ORIOFRIR;R2 ZONA 2
agosto de 2026;202609;19/8/2026;1;CAC CONDADO;CICLO FMC DIA 11-10;QUITO;958936304;Atendido;;;0958936304;1;R1;1;RENUNCIAS;Hogar:Renuncia HFC GPON  varios conceptos;TELEFONIA;;GPON;OTROS CIERRES;ACABEZAV;R1 ZONA 1
julio de 2026;202607;9/7/2026;1;CAC LAGUNA MALL;CICLO FMC DIA 24-23;IBARRA;968871715;Atendido;20/1/2024;968871715;1003388467;1;R1;1;RENUNCIAS;Movil: No comprende los rubros no esta de acuerdo;Telefonia;65017874;GPON;RENUNCIAS HOGAR;KTERANC;R1 ZONA 3
julio de 2026;202608;17/7/2026;1;CAC COCA;CICLO FMC DIA 26-25;COCA;993515307;Atendido;;993515307;0993515307;1;R1;1;RENUNCIAS;Hogar:Renuncia HFC GPON  varios conceptos;INTERNET;;HFC;OTROS CIERRES;JSANTILA;R1 ZONA 3
julio de 2026;202608;17/7/2026;1;CAC COCA;CICLO FMC DIA 26-25;COCA;986531047;Atendido;;986531047;0986531047;1;R1;1;RENUNCIAS;Hogar:Renuncia HFC GPON  varios conceptos;TELEVISION;;HFC;OTROS CIERRES;VZAMBRAM;R1 ZONA 3
septiembre de 2026;202610;20/9/2026;1;CAC PASEO RIOBAMBA;CICLO FMC DIA 26-25;RIOBAMBA;999001265;Atendido;;999001265;0999001265;1;R1;1;SERVICIO AL CLIENTE;Hogar:Renuncia HFC GPON  varios conceptos;INTERNET;;HFC;OTROS CIERRES;PMONCAYB;R1 ZONA 2
septiembre de 2026;202611;28/9/2026;1;CAC SAN MARINO;CICLO FMC DIA 26-25;GUAYAQUIL;979582209;Atendido;23/5/2021;979582209;0964708804;1;R2;1;RENUNCIAS;Hogar:Renuncia derivada del Kiosko;Internet;2216992822;GPON;RENUNCIAS HOGAR;GBOSQUEV;R2 ZONA 3
julio de 2026;202608;27/7/2026;1;CAC PASEO PORTOVIEJO;CICLO FMC DIA 2-1;PORTOVIEJO;1310081474;Atendido;29/7/2023;1310081474;1310081474;1;R2;1;RENUNCIAS;Hogar: BrownField servicio al cliente y otros;Internet;1000368969;GPON;RENUNCIAS HOGAR;KBRAVOP2;R2 ZONA 3
agosto de 2026;202609;18/8/2026;1;CAC RIOCENTRO SUR;CICLO FMC DIA 11-10;GUAYAQUIL;983607383;Atendido;;983607383;0983607383;1;R2;1;RENUNCIAS;Hogar:Renuncia HFC GPON  varios conceptos;INTERNET;;HFC;RENUNCIAS HOGAR;KJUMBOP;R2 ZONA 4
julio de 2026;202608;17/7/2026;1;CAC EL BOSQUE;CICLO FMC DIA 26-25;QUITO;992131196;Atendido;;992131196;0992131196;1;R1;1;RENUNCIAS;Hogar:Renuncia HFC GPON  varios conceptos;TELEFONIA;;HFC;OTROS CIERRES;CHERRERC;R1 ZONA 2
julio de 2026;202609;21/7/2026;1;CAC EL JARDIN;CICLO FMC DIA 26-25;QUITO;1721963708;Atendido;;;1721963708;1;R1;1;RENUNCIAS;Hogar:Renuncia derivada del Kiosko;INTERNET;;HFC;RENUNCIAS HOGAR;CFERNANR;R1 ZONA 3
julio de 2026;202608;1/7/2026;1;CAC CCI;CICLO FMC DIA 26-25;QUITO;1712257300;Atendido;12/4/2022;;1712257300;1;R1;1;RENUNCIAS;Hogar:Renuncia HFC GPON  varios conceptos;Telefonia;25017780;GPON;OTROS CIERRES;CCARCELR;R1 ZONA 3
septiembre de 2026;202610;16/9/2026;1;CAC ETECO;CICLO FMC DIA 11-10;QUITO;985285535;Atendido;;;0985285535;1;R1;1;SERVICIO AL CLIENTE;Hogar:Renuncia HFC GPON  varios conceptos;TELEFONIA;;GPON;OTROS CIERRES;KPABONUE;R1 ZONA 1
julio de 2026;202607;3/7/2026;1;CAC LOJA;CICLO FMC DIA 15-14;LOJA;939169556;Atendido;13/8/2024;700608300;0700608300;1;R2;1;SERVICIO AL CLIENTE;Movil: No comprende los rubros no esta de acuerdo;Internet;1000761682;GPON;FMC;MSANCHES;R2 ZONA 1
julio de 2026;202608;10/7/2026;1;CAC MALL DEL RIO;CICLO FMC DIA 2-1;CUENCA;102132636;Atendido;30/9/2024;102132636;0102132636;1;R2;1;SERVICIO AL CLIENTE;Reclamo Facturacion;Internet;1000832771;GPON;FMC;HFIGUERZ;R2 ZONA 4
julio de 2026;202609;31/7/2026;1;CAC CONDADO;CICLO FMC DIA 26-25;QUITO;988946756;Atendido;;988946756;0988946756;1;R1;1;SERVICIO AL CLIENTE;Hogar:Renuncia HFC GPON  varios conceptos;INTERNET;;HFC;OTROS CIERRES;CMINANGJ;R1 ZONA 1
julio de 2026;202608;29/7/2026;1;CAC CHONE;CICLO FMC DIA 17-16;CHONE;1304710468;Atendido;9/4/2024;1304710468;1304710468;1;R2;1;RENUNCIAS;Movil:Actualización de datos dirección correo;Telefonia;25042687;GPON;RENUNCIAS HOGAR;AFLORESZ;R2 ZONA 1
agosto de 2026;202609;13/8/2026;1;CAC COCA;CICLO FMC DIA 26-25;COCA;981417005;Atendido;;981417005;0981417005;1;R1;1;RENUNCIAS;Hogar:Renuncia HFC GPON  varios conceptos;INTERNET;;HFC;OTROS CIERRES;JSANTILA;R1 ZONA 3
septiembre de 2026;202610;16/9/2026;1;CAC PASEO PLAYAS;CICLO FMC DIA 26-25;PLAYAS;991223879;Atendido;;991223879;0991223879;1;R2;1;RENUNCIAS;Movil: Renuncia servicio celular;TELEFONIA;;HFC;RENUNCIAS HOGAR;AMENDOZY;R2 ZONA 2
septiembre de 2026;202610;17/9/2026;1;CAC MALL DEL PACIFICO;CICLO FMC DIA 26-25;MANTA;997637871;Atendido;;997637871;0997637871;1;R2;1;RENUNCIAS;Movil: Renuncia servicio celular;INTERNET;;GPON;RENUNCIAS HOGAR;JZAMBRAM;R2 ZONA 1
agosto de 2026;202609;19/8/2026;1;CAC QUEVEDO CENTRO;CICLO FMC DIA 11-10;QUEVEDO;1207664259;Atendido;10/9/2025;1207664259;1207664259;1;R2;1;RENUNCIAS;Movil:Actualización de datos dirección correo;Internet;1001346482;GPON;RENUNCIAS HOGAR;JPLUASAG;R2 ZONA 1
julio de 2026;202608;4/7/2026;1;CAC EL BOSQUE;CICLO FMC DIA 26-25;QUITO;984662624;Atendido;;;0984662624;1;R1;1;SERVICIO AL CLIENTE;Hogar:Renuncia HFC GPON  varios conceptos;INTERNET;;HFC;OTROS CIERRES;KMERCADO;R1 ZONA 2
agosto de 2026;202609;9/8/2026;1;CAC DAULE;CICLO FMC DIA 26-25;DAULE;9420149370;Atendido;9/8/2023;942014937;0942014937;1;R2;1;RENUNCIAS;Movil: Reclamo Facturación.;Telefonia;55005632;GPON;RENUNCIAS HOGAR;XREINOSR;R2 ZONA 4
julio de 2026;202608;14/7/2026;1;CAC RIOCENTRO NORTE;CICLO FMC DIA 26-25;GUAYAQUIL;959260530;Atendido;12/12/2013;959260530;0909613143;1;R2;1;SERVICIO AL CLIENTE;Hogar:Renuncia HFC GPON  varios conceptos;Telefonia;45021551;GPON;OTROS CIERRES;MVALLEJA;R2 ZONA 2
agosto de 2026;202609;19/8/2026;1;CAC MALL DEL RIO;CICLO FMC DIA 26-25;CUENCA;967879877;Atendido;5/8/2024;;0107167140;1;R2;1;SERVICIO AL CLIENTE;Movil/Hogar: Consulta Saldos;Internet;1000754269;GPON;FMC;ATORRESC;R2 ZONA 4
julio de 2026;202607;2/7/2026;1;CAC QUEVEDO CENTRO;CICLO FMC DIA 8-7;QUEVEDO;986103492;Atendido;7/3/2025;986103492;1203974439;1;R2;1;RENUNCIAS;Movil:Actualización de datos dirección correo;Telefonia;55017154;GPON;RENUNCIAS HOGAR;AIBARRAM;R2 ZONA 1
septiembre de 2026;202610;1/9/2026;1;CAC PASEO SANTO DOMINGO;CICLO FMC DIA 2-1;SANTO DOMINGO;979803231;Atendido;2/9/2026;979803231;1723573844;1;R1;1;SERVICIO AL CLIENTE;Hogar:Renuncia HFC GPON  varios conceptos;Telefonia;25211520;GPON;OTROS CIERRES;SCABRERJ;R1 ZONA 1
septiembre de 2026;202610;16/9/2026;1;CAC EL BOSQUE;CICLO FMC DIA 8-7;QUITO;991099820;Atendido;7/8/2026;1716554298;1716554298;1;R1;1;RENUNCIAS;Traspaso de titular;Internet;1001748724;GPON;RENUNCIAS HOGAR;PPINOL;R1 ZONA 2
agosto de 2026;202610;24/8/2026;1;CAC MALL DEL SOL;CICLO FMC DIA 26-25;GUAYAQUIL;960155353;Atendido;;;0960155353;1;R2;1;RENUNCIAS;Hogar:Renuncia HFC GPON  varios conceptos;INTERNET;;HFC;RENUNCIAS HOGAR;AAYALAT;R2 ZONA 4
julio de 2026;202608;16/7/2026;1;CAC COCA;CICLO FMC DIA 11-10;COCA;959804461;Atendido;;959804461;0959804461;1;R1;1;RENUNCIAS;Hogar:Renuncia HFC GPON  varios conceptos;INTERNET;;HFC;OTROS CIERRES;VZAMBRAM;R1 ZONA 3
agosto de 2026;202610;21/8/2026;1;CAC MALL DEL RIO;CICLO FMC DIA 26-25;CUENCA;986558103;Atendido;;986558103;0986558103;1;R2;1;RENUNCIAS;Movil: Renuncia servicio celular;INTERNET;;GPON;RENUNCIAS HOGAR;CHUAGLLC;R2 ZONA 4
agosto de 2026;202609;23/8/2026;1;CAC BOMBOLI;CICLO FMC DIA 13-12;SANTO DOMINGO;988322766;Atendido;12/11/2024;988322766;1718035825;1;R1;1;RENUNCIAS;Hogar:Renuncia HFC GPON  varios conceptos;Internet;1000892684;GPON;RENUNCIAS HOGAR;JMANYAG;R1 ZONA 1
julio de 2026;202608;26/7/2026;1;CAC MULTIPLAZA PORTOVIEJO;CICLO FMC DIA 11-10;PORTOVIEJO;1312590415;Atendido;8/6/2025;1312590415;1312590415;1;R2;1;RENUNCIAS;Movil: Reclamo Facturación.;Internet;1001200777;GPON;RENUNCIAS HOGAR;GFLORESA;R2 ZONA 3
septiembre de 2026;202610;10/9/2026;1;CAC COCA;CICLO FMC DIA 11-10;COCA;988865652;Atendido;;988865652;0988865652;1;R1;1;RENUNCIAS;Hogar:Renuncia HFC GPON  varios conceptos;TELEVISION;;HFC;OTROS CIERRES;VZAMBRAM;R1 ZONA 3
septiembre de 2026;202610;14/9/2026;1;CAC URDESA;CICLO FMC DIA 15-14;GUAYAQUIL;984219476;Atendido;1/8/2025;924573090;0924573090;1;R2;1;RENUNCIAS; Información de productos;Telefonia;45223370;GPON;RENUNCIAS HOGAR;ACEVALLP;R2 ZONA 2
agosto de 2026;202609;20/8/2026;1;CAC MULTIPLAZA PORTOVIEJO;CICLO FMC DIA 28-27;PORTOVIEJO;1303669905;Atendido;30/4/2025;1303669905;1303669905;1;R2;1;RENUNCIAS;Hogar:Solicita Visita Técnica y/o mantenimiento;Internet;1001142165;GPON;RENUNCIAS HOGAR;DARTEAGQ;R2 ZONA 3
julio de 2026;202607;10/7/2026;1;CAC URDESA;CICLO FMC DIA 17-16;GUAYAQUIL;940071665;Atendido;15/10/2025;940071665;0940071665;1;R2;1;SERVICIO AL CLIENTE;Hogar:Renuncia HFC GPON  varios conceptos;Telefonia;45161068;GPON;OTROS CIERRES;kverar;R2 ZONA 2
agosto de 2026;202609;10/8/2026;1;CAC QUICENTRO NORTE;CICLO FMC DIA 11-10;QUITO;983064803;Atendido;;;0983064803;1;R1;1;RENUNCIAS;Movil Reposición de sim;INTERNET;;HFC;RENUNCIAS HOGAR;FDIAZR;R1 ZONA 3
julio de 2026;202608;8/7/2026;1;CAC MILAGRO;CICLO FMC DIA 26-25;MILAGRO;979923267;Atendido;;979923267;0979923267;1;R2;1;RENUNCIAS;Movil/Hogar: Consulta Saldos;INTERNET;;GPON;RENUNCIAS HOGAR;DPOVEDAT;R2 ZONA 3
julio de 2026;202608;14/7/2026;1;CAC RIOCENTRO ENTRERIOS;CICLO FMC DIA 26-25;GUAYAQUIL;983387189;Atendido;;;0983387189;1;R2;1;RENUNCIAS;Hogar:Renuncia HFC GPON  varios conceptos;INTERNET;;HFC;RENUNCIAS HOGAR;AMORA;R2 ZONA 3
julio de 2026;202609;31/7/2026;1;CAC LAGUNA MALL;CICLO FMC DIA 26-25;IBARRA;939413344;Atendido;;;0939413344;1;R1;1;SERVICIO AL CLIENTE;Hogar:Renuncia HFC GPON  varios conceptos;TELEVISION;;GPON;OTROS CIERRES;MCISNERA;R1 ZONA 3
agosto de 2026;202609;3/8/2026;1;CAC PASEO PLAYAS;CICLO FMC DIA 26-25;PLAYAS;990173734;Atendido;;990173734;0990173734;1;R2;1;RENUNCIAS;Movil: Renuncia servicio celular;TELEVISION;;HFC;RENUNCIAS HOGAR;JCEVALLU;R2 ZONA 2
septiembre de 2026;202610;7/9/2026;1;CAC URDESA;CICLO FMC DIA 24-23;GUAYAQUIL;903329985;Atendido;23/9/2023;903329985;0903329985;1;R2;1;SERVICIO AL CLIENTE;Hogar:Renuncia HFC GPON  varios conceptos;Internet;1000423989;GPON;OTROS CIERRES;JASTUDIL;R2 ZONA 2
julio de 2026;202608;30/7/2026;1;CAC AMBATO;CICLO FMC DIA 11-10;AMBATO;968713427;Atendido;;968713427;0968713427;1;R1;1;RENUNCIAS;Movil/Hogar: Consulta Saldos;TELEFONIA;;HFC;RENUNCIAS HOGAR;MROMEROY;R1 ZONA 2
julio de 2026;202608;13/7/2026;1;CAC COCA;CICLO FMC DIA 11-10;COCA;988792922;Atendido;;988792922;0988792922;1;R1;1;SERVICIO AL CLIENTE;Hogar:Renuncia HFC GPON  varios conceptos;INTERNET;;HFC;OTROS CIERRES;JSANTILA;R1 ZONA 3
julio de 2026;202609;30/7/2026;1;CAC CONDADO;CICLO FMC DIA 26-25;QUITO;994408614;Atendido;;;0994408614;1;R1;1;SERVICIO AL CLIENTE;Hogar:Renuncia HFC GPON  varios conceptos;TELEFONIA;;HFC;OTROS CIERRES;CMINANGJ;R1 ZONA 1
agosto de 2026;202609;20/8/2026;1;CAC MALL DEL RIO;CICLO FMC DIA 26-25;CUENCA;967672405;Atendido;;967672405;0967672405;1;R2;1;RENUNCIAS;Movil: Renuncia servicio celular;INTERNET;;HFC;RENUNCIAS HOGAR;ILOORO;R2 ZONA 4
agosto de 2026;202609;18/8/2026;1;CAC CITYMALL;CICLO FMC DIA 11-10;GUAYAQUIL;909909384;Atendido;;;0909909384;1;R2;1;SERVICIO AL CLIENTE;Hogar:Renuncia HFC GPON  varios conceptos;INTERNET;;GPON;OTROS CIERRES;SSANTAND;R2 ZONA 4
agosto de 2026;202610;29/8/2026;1;CAC PASEO PORTOVIEJO;CICLO FMC DIA 26-25;PORTOVIEJO;969972533;Atendido;;969972533;0969972533;1;R2;1;RENUNCIAS;Movil: Renuncia derivada del Kiosko;INTERNET;;GPON;RENUNCIAS HOGAR;KBRAVOP2;R2 ZONA 3
agosto de 2026;202609;24/8/2026;1;CAC EL PORTAL;CICLO FMC DIA 11-10;QUITO;999029046;Atendido;;;0999029046;1;R1;1;SERVICIO AL CLIENTE;Hogar:Renuncia HFC GPON  varios conceptos;INTERNET;;HFC;OTROS CIERRES;DCOBOSP;R1 ZONA 1
septiembre de 2026;202610;8/9/2026;1;CAC PUYO;CICLO FMC DIA 26-25;PUYO;992847947;Atendido;;;0992847947;1;R1;1;RENUNCIAS;Movil/Hogar: Consulta Saldos;INTERNET;;GPON;RENUNCIAS HOGAR;RFREIREO;R1 ZONA 1
agosto de 2026;202609;10/8/2026;1;CAC CITYMALL;CICLO FMC DIA 26-25;GUAYAQUIL;993548667;Atendido;25/4/2024;993548667;0931964886;1;R2;1;SERVICIO AL CLIENTE;Hogar:Renuncia HFC GPON  varios conceptos;Internet;1000636037;GPON;OTROS CIERRES;EGALLARD;R2 ZONA 4
julio de 2026;202608;28/7/2026;1;CAC PASEO LA LIBERTAD;CICLO FMC DIA 11-10;LA LIBERTAD;2400461964;Atendido;;2400461964;2400461964;1;R2;1;SERVICIO AL CLIENTE;Hogar:Renuncia HFC GPON  varios conceptos;TELEFONIA;;HFC;OTROS CIERRES;SINFANTB;R2 ZONA 2
agosto de 2026;202609;3/8/2026;1;CAC MALL DEL RIO;CICLO FMC DIA 2-1;CUENCA;150273399;Atendido;6/5/2025;150273399;0150273399;1;R2;1;SERVICIO AL CLIENTE;Movil Reposición de sim;Telefonia;75010326;GPON;FMC;JPALACIN;R2 ZONA 4
julio de 2026;202608;20/7/2026;1;CAC AMBATO;CICLO FMC DIA 11-10;AMBATO;960713724;Atendido;;960713724;0960713724;1;R1;1;RENUNCIAS;Movil Pago: consumo masivo;TELEFONIA;;HFC;RENUNCIAS HOGAR;NNARANJS;R1 ZONA 2
septiembre de 2026;202610;5/9/2026;1;CAC SCALA;CICLO FMC DIA 26-25;QUITO;989264617;Atendido;;989264617;0989264617;1;R1;1;RENUNCIAS;Hogar:Renuncia HFC GPON  varios conceptos;INTERNET;;GPON;OTROS CIERRES;PPULUPA2;R1 ZONA 1
agosto de 2026;202609;17/8/2026;1;CAC COCA;CICLO FMC DIA 26-25;COCA;999076494;Atendido;;999076494;0999076494;1;R1;1;RENUNCIAS;Hogar:Renuncia HFC GPON  varios conceptos;INTERNET;;HFC;OTROS CIERRES;VZAMBRAM;R1 ZONA 3
julio de 2026;202608;16/7/2026;1;CAC LAGUNA MALL;CICLO FMC DIA 28-27;IBARRA;988352252;Atendido;26/12/2025;988352252;0941287013;1;R1;1;RENUNCIAS;Hogar Pago: consumo masivo;Telefonia;65013743;GPON;RENUNCIAS HOGAR;JALTUVEG;R1 ZONA 3
julio de 2026;202608;28/7/2026;1;CAC COCA;CICLO FMC DIA 11-10;COCA;977862399;Atendido;;;0977862399;1;R1;1;RENUNCIAS;Hogar:Renuncia HFC GPON  varios conceptos;TELEFONIA;;HFC;OTROS CIERRES;ARUIZI;R1 ZONA 3
julio de 2026;202608;14/7/2026;1;CAC QUICENTRO SUR;CICLO FMC DIA 26-25;QUITO;997930207;Atendido;;997930207;0997930207;1;R1;1;RENUNCIAS;Movil: Renuncia derivada del Kiosko;INTERNET;;GPON;RENUNCIAS HOGAR;CDAVILAG;R1 ZONA 2
septiembre de 2026;202610;1/9/2026;1;CAC EL PORTAL;CICLO FMC DIA 26-25;QUITO;994700655;Atendido;;994700655;0994700655;1;R1;1;RENUNCIAS;Hogar:Renuncia HFC GPON  varios conceptos;TELEFONIA;;HFC;OTROS CIERRES;NGONZALC;R1 ZONA 1
agosto de 2026;202609;20/8/2026;1;CAC COCA;CICLO FMC DIA 11-10;COCA;981147861;Atendido;;981147861;0981147861;1;R1;1;RENUNCIAS;Hogar:Renuncia HFC GPON  varios conceptos;TELEVISION;;HFC;OTROS CIERRES;VZAMBRAM;R1 ZONA 3
agosto de 2026;202609;9/8/2026;1;CAC EL JARDIN;CICLO FMC DIA 11-10;QUITO;987884099;Atendido;;;0987884099;1;R1;1;RENUNCIAS;Hogar:Renuncia derivada del Kiosko;TELEVISION;;HFC;RENUNCIAS HOGAR;LEGASP;R1 ZONA 3
septiembre de 2026;202610;25/9/2026;1;CAC QUEVEDO CENTRO;CICLO FMC DIA 11-10;QUEVEDO;1253004335;Atendido;10/11/2024;1253004335;1253004335;1;R2;1;RENUNCIAS;Movil Pago: consumo masivo;Internet;1000886593;GPON;RENUNCIAS HOGAR;LGALLEGF;R2 ZONA 1
septiembre de 2026;202610;17/9/2026;1;CAC HIPERMARKET BUIJO;CICLO FMC DIA 11-10;GUAYAQUIL;988381977;Atendido;;;0988381977;1;R2;1;SERVICIO AL CLIENTE;Hogar:Renuncia HFC GPON  varios conceptos;INTERNET;;HFC;OTROS CIERRES;SASTUDIC;R2 ZONA 4
agosto de 2026;202610;21/8/2026;1;CAC RIOCENTRO ENTRERIOS;CICLO FMC DIA 26-25;GUAYAQUIL;958628646;Atendido;;;0958628646;1;R2;1;RENUNCIAS;Hogar:Renuncia HFC GPON  varios conceptos;INTERNET;;HFC;RENUNCIAS HOGAR;DPOVEDAM;R2 ZONA 3
septiembre de 2026;202610;8/9/2026;1;CAC SAN MARINO;CICLO FMC DIA 11-10;GUAYAQUIL;991395058;Atendido;;;0991395058;1;R2;1;RENUNCIAS;Renuncia servicio corporativo;TELEVISION;;HFC;RENUNCIAS HOGAR;GBOSQUEV;R2 ZONA 3
agosto de 2026;202609;15/8/2026;1;CAC EL PORTAL;CICLO FMC DIA 26-25;QUITO;986670080;Atendido;19/6/2023;986670080;1710296458;1;R1;1;RENUNCIAS;Hogar:Renuncia derivada del Kiosko;Internet;1000325012;GPON;RENUNCIAS HOGAR;OTERANM;R1 ZONA 1
agosto de 2026;202609;7/8/2026;1;CAC RIOCENTRO SUR;CICLO FMC DIA 26-25;GUAYAQUIL;930449301;Atendido;10/5/2024;;0930449301;1;R2;1;SERVICIO AL CLIENTE;Hogar:Renuncia HFC GPON  varios conceptos;Television;1000653927;GPON;OTROS CIERRES;PSALVATP;R2 ZONA 4
agosto de 2026;202608;3/8/2026;1;CAC MALL DEL SOL;CICLO FMC DIA 11-10;GUAYAQUIL;1000643059;Atendido;;1000643059;1000643059;1;R2;1;RENUNCIAS;Movil Reposición de sim;INTERNET;;GPON;RENUNCIAS HOGAR;LBASCUNS;R2 ZONA 4
agosto de 2026;202609;6/8/2026;1;CAC QUEVEDO CENTRO;CICLO FMC DIA 8-7;QUEVEDO;1202123434;Atendido;7/7/2025;;1202123434;1;R2;1;RENUNCIAS;Movil Pago: consumo masivo;Internet;1001247220;GPON;RENUNCIAS HOGAR;RVELIZS;R2 ZONA 1
septiembre de 2026;202610;13/9/2026;1;CAC MALL DEL RIO;CICLO FMC DIA 26-25;CUENCA;995701835;Atendido;;995701835;0995701835;1;R2;1;RENUNCIAS;Movil: Renuncia servicio celular;TELEFONIA;;GPON;RENUNCIAS HOGAR;ATORRESC;R2 ZONA 4
julio de 2026;202608;9/7/2026;1;CAC SCALA;CICLO FMC DIA 2-1;QUITO;98784774;Atendido;28/5/2026;1710387497;1710387497;1;R1;1;SERVICIO AL CLIENTE;Hogar:Renuncia HFC GPON  varios conceptos;Internet;1001665402;GPON;OTROS CIERRES;PPULUPA2;R1 ZONA 1
agosto de 2026;202608;2/8/2026;1;CAC MALL DEL ALTO;CICLO FMC DIA 11-10;CUENCA;902137674;Atendido;;;0902137674;1;R2;1;RENUNCIAS;Movil: Renuncia servicio celular;INTERNET;;HFC;RENUNCIAS HOGAR;NGUACHIG;R2 ZONA 4
agosto de 2026;202609;21/8/2026;1;CAC CITYMALL;CICLO FMC DIA 11-10;GUAYAQUIL;969091019;Atendido;;969091019;0969091019;1;R2;1;SERVICIO AL CLIENTE;Hogar:Renuncia HFC GPON  varios conceptos;INTERNET;;HFC;OTROS CIERRES;SSANTAND;R2 ZONA 4
agosto de 2026;202609;8/8/2026;1;CAC PASEO PLAYAS;CICLO FMC DIA 26-25;PLAYAS;969204306;Atendido;;969204306;0969204306;1;R2;1;RENUNCIAS;Hogar:Renuncia HFC GPON  varios conceptos;TELEVISION;;HFC;RENUNCIAS HOGAR;YINTRIAL;R2 ZONA 2
septiembre de 2026;202610;14/9/2026;1;CAC AZOGUES;CICLO FMC DIA 8-7;AZOGUES;1315388601;Atendido;7/4/2026;1315388601;1315388601;1;R2;1;SERVICIO AL CLIENTE;Hogar Pago: consumo masivo;Internet;1001595559;GPON;FMC;JARIASG;R2 ZONA 4
septiembre de 2026;202610;3/9/2026;1;CAC MALL DEL RIO;CICLO FMC DIA 26-25;CUENCA;995816509;Atendido;;995816509;0995816509;1;R2;1;RENUNCIAS;Hogar:Renuncia HFC GPON  varios conceptos;TELEFONIA;;HFC;RENUNCIAS HOGAR;MVIVARM;R2 ZONA 4
septiembre de 2026;202610;1/9/2026;1;CAC COCA;CICLO FMC DIA 26-25;COCA;989068352;Atendido;;989068352;0989068352;1;R1;1;RENUNCIAS;Hogar:Renuncia HFC GPON  varios conceptos;TELEFONIA;;HFC;OTROS CIERRES;VZAMBRAM;R1 ZONA 3
septiembre de 2026;202610;9/9/2026;1;CAC CONDADO;CICLO FMC DIA 26-25;QUITO;988140546;Atendido;;;0988140546;1;R1;1;RENUNCIAS;Hogar:Renuncia HFC GPON  varios conceptos;INTERNET;;HFC;OTROS CIERRES;CMINANGJ;R1 ZONA 1
julio de 2026;202607;3/7/2026;1;CAC MULTIPLAZA PORTOVIEJO;CICLO FMC DIA 15-14;PORTOVIEJO;1311573446;Atendido;26/3/2025;1311573446;1311573446;1;R2;1;RENUNCIAS;Hogar: Información de productos.;Telefonia;55025239;GPON;RENUNCIAS HOGAR;LHELENZ;R2 ZONA 3
agosto de 2026;202608;3/8/2026;1;CAC SCALA;CICLO FMC DIA 11-10;QUITO;992224271;Atendido;;992224271;0992224271;1;R1;1;RENUNCIAS;Hogar:Renuncia HFC GPON  varios conceptos;TELEFONIA;;HFC;OTROS CIERRES;GALBARRR;R1 ZONA 1
septiembre de 2026;202610;15/9/2026;1;CAC SCALA;CICLO FMC DIA 11-10;QUITO;962874694;Atendido;;;0962874694;1;R1;1;RENUNCIAS;Hogar:Renuncia HFC GPON  varios conceptos;INTERNET;;HFC;OTROS CIERRES;RCENTENO;R1 ZONA 1
septiembre de 2026;202610;15/9/2026;1;CAC BOMBOLI;CICLO FMC DIA 2-1;SANTO DOMINGO;999636379;Atendido;29/10/2023;999636379;1309322277;1;R1;1;RENUNCIAS;Hogar:Renuncia HFC GPON  varios conceptos;Internet;1000459805;GPON;RENUNCIAS HOGAR;JESPINME;R1 ZONA 1
julio de 2026;202607;13/7/2026;1;CAC COCA;CICLO FMC DIA 19-18;COCA;988424790;Atendido;14/4/2026;988424790;2250153836;1;R1;1;SERVICIO AL CLIENTE;Hogar:Renuncia HFC GPON  varios conceptos;Internet;1001603520;GPON;OTROS CIERRES;JSANTILA;R1 ZONA 3
agosto de 2026;202609;13/8/2026;1;CAC COCA;CICLO FMC DIA 26-25;COCA;992281376;Atendido;;992281376;0992281376;1;R1;1;RENUNCIAS;Hogar:Renuncia HFC GPON  varios conceptos;INTERNET;;GPON;OTROS CIERRES;VZAMBRAM;R1 ZONA 3
septiembre de 2026;202610;13/9/2026;1;CAC PASEO RIOBAMBA;CICLO FMC DIA 24-23;RIOBAMBA;980089607;Atendido;21/5/2024;980089607;0605843002;1;R1;1;RENUNCIAS;Movil:Actualización de datos dirección correo;Internet;1000659559;GPON;RENUNCIAS HOGAR;BVALLEJE;R1 ZONA 2
julio de 2026;202607;6/7/2026;1;CAC CHONE;CICLO FMC DIA 21-20;CHONE;1316793130;Atendido;19/12/2025;1316793130;1316793130;1;R2;1;RENUNCIAS;Movil:Actualización de datos dirección correo;Telefonia;55011301;GPON;RENUNCIAS HOGAR;MALAVAC;R2 ZONA 1
agosto de 2026;202609;21/8/2026;1;CAC MALL DEL SOL;CICLO FMC DIA 11-10;GUAYAQUIL;909978826;Atendido;;;0909978826;1;R2;1;SERVICIO AL CLIENTE;Hogar:Renuncia HFC GPON  varios conceptos;INTERNET;;HFC;OTROS CIERRES;GMOLINAA;R2 ZONA 4
julio de 2026;202608;17/7/2026;1;CAC MACHALA;CICLO FMC DIA 2-1;MACHALA;702635533;Atendido;1/7/2025;702635533;0702635533;1;R2;1;SERVICIO AL CLIENTE;Hogar:Renuncia HFC GPON  varios conceptos;Telefonia;75025333;GPON;OTROS CIERRES;MGALARZS;R2 ZONA 2
agosto de 2026;202609;11/8/2026;1;CAC MALL DEL SUR;CICLO FMC DIA 15-14;GUAYAQUIL;980321679;Atendido;13/11/2024;980321679;0907414346;1;R2;1;RENUNCIAS;Hogar:Renuncia HFC GPON  varios conceptos;Internet;1000893092;GPON;OTROS CIERRES;SNOBOAC;R2 ZONA 2
septiembre de 2026;202610;14/9/2026;1;CAC CONDADO;CICLO FMC DIA 26-25;QUITO;996023712;Atendido;6/7/2021;996023712;0904942471;1;R1;1;RENUNCIAS;Hogar:Renuncia HFC GPON  varios conceptos;Internet;2217218554;HFC;RENUNCIAS HOGAR;CMINANGJ;R1 ZONA 1
septiembre de 2026;202610;17/9/2026;1;CAC EL DORADO;CICLO FMC DIA 21-20;GUAYAQUIL;986044892;Atendido;20/9/2024;;0927810564;1;R2;1;RENUNCIAS;Hogar:Renuncia derivada del Kiosko;Telefonia;45137500;GPON;RENUNCIAS HOGAR;AZAMBRA;R2 ZONA 3
julio de 2026;202608;10/7/2026;1;CAC PASEO RIOBAMBA;CICLO FMC DIA 15-14;RIOBAMBA;983135383;Atendido;12/1/2024;983135383;0604008714;1;R1;1;SERVICIO AL CLIENTE;Hogar:Renuncia HFC GPON  varios conceptos;Internet;1000524049;GPON;OTROS CIERRES;PMONCAYB;R1 ZONA 2
septiembre de 2026;202610;18/9/2026;1;CAC QUEVEDO CENTRO;CICLO FMC DIA 11-10;QUEVEDO;1206305227;Atendido;;1206305227;1206305227;1;R2;1;RENUNCIAS;Movil Pago: consumo masivo;INTERNET;;HFC;RENUNCIAS HOGAR;VCANTOS;R2 ZONA 1
septiembre de 2026;202610;9/9/2026;1;CAC EL PORTAL;CICLO FMC DIA 26-25;QUITO;987440179;Atendido;;987440179;0987440179;1;R1;1;RENUNCIAS;Hogar:Renuncia HFC GPON  varios conceptos;TELEFONIA;;HFC;OTROS CIERRES;NGONZALC;R1 ZONA 1
julio de 2026;202608;17/7/2026;1;CAC SAN LUIS;CICLO FMC DIA 26-25;QUITO;983941973;Atendido;;;0983941973;1;R1;1;RENUNCIAS;Hogar:Renuncia HFC GPON  varios conceptos;TELEVISION;;GPON;RENUNCIAS HOGAR;JROSALEP;R1 ZONA 2
septiembre de 2026;202610;4/9/2026;1;CAC LAGUNA MALL;CICLO FMC DIA 26-25;IBARRA;983734262;Atendido;;;0983734262;1;R1;1;SERVICIO AL CLIENTE;Hogar:Renuncia HFC GPON  varios conceptos;INTERNET;;HFC;OTROS CIERRES;MCISNERA;R1 ZONA 3
julio de 2026;202609;27/7/2026;1;CAC PASEO VIA DAULE;CICLO FMC DIA 26-25;GUAYAQUIL;925498107;Atendido;14/5/2020;925498107;0925498107;1;R2;1;RENUNCIAS; Información de productos;Internet;2215500234;HFC;RENUNCIAS HOGAR;JZAMORAA;R2 ZONA 3
agosto de 2026;202608;13/8/2026;1;CAC PASEO RIOBAMBA;CICLO FMC DIA 21-20;RIOBAMBA;981192798;Atendido;30/7/2026;981192798;1762135133;1;R1;1;SERVICIO AL CLIENTE;Hogar:Renuncia HFC GPON  varios conceptos;Internet;1001736337;GPON;OTROS CIERRES;PMONCAYB;R1 ZONA 2
julio de 2026;202608;6/7/2026;1;CAC SCALA;CICLO FMC DIA 28-27;QUITO;998787677;Atendido;21/6/2025;1001904489;1001904489;1;R1;1;SERVICIO AL CLIENTE;Hogar:Renuncia HFC GPON  varios conceptos;Telefonia;25230492;HFC;OTROS CIERRES;RCENTENO;R1 ZONA 1
septiembre de 2026;202610;3/9/2026;1;CAC MALL DEL PACIFICO;CICLO FMC DIA 26-25;MANTA;992223306;Atendido;;;0992223306;1;R2;1;SERVICIO AL CLIENTE;Hogar:Renuncia HFC GPON  varios conceptos;TELEVISION;;GPON;OTROS CIERRES;KAMERAME;R2 ZONA 1
septiembre de 2026;202610;18/9/2026;1;CAC RIOCENTRO ENTRERIOS;CICLO FMC DIA 24-23;GUAYAQUIL;994394445;Atendido;14/7/2024;994394445;0915356174;1;R2;1;SERVICIO AL CLIENTE; Información de productos;Telefonia;45121707;GPON;FMC;SJALILV;R2 ZONA 3
julio de 2026;202608;7/7/2026;1;CAC COCA;CICLO FMC DIA 11-10;COCA;988271819;Atendido;;988271819;0988271819;1;R1;1;SERVICIO AL CLIENTE;Hogar:Renuncia HFC GPON  varios conceptos;TELEVISION;;HFC;OTROS CIERRES;VZAMBRAM;R1 ZONA 3
julio de 2026;202608;29/7/2026;1;CAC PASEO QUEVEDO;CICLO FMC DIA 11-10;QUEVEDO;993711927;Atendido;18/6/2022;904010741;0904010741;1;R2;1;RENUNCIAS;Movil:Actualización de datos dirección correo;Telefonia;55002175;GPON;RENUNCIAS HOGAR;CMURILLI;R2 ZONA 1
agosto de 2026;202609;18/8/2026;1;CAC PASEO PLAYAS;CICLO FMC DIA 11-10;PLAYAS;984503129;Atendido;;;0984503129;1;R2;1;RENUNCIAS;Movil: Renuncia servicio celular;INTERNET;;HFC;RENUNCIAS HOGAR;DMOYAP;R2 ZONA 2
septiembre de 2026;202610;16/9/2026;1;CAC MALL DEL RIO;CICLO FMC DIA 11-10;CUENCA;992480923;Atendido;9/1/2025;;0103055679;1;R2;1;RENUNCIAS;Hogar:Renuncia HFC GPON  varios conceptos;Internet;1000967894;GPON;RENUNCIAS HOGAR;ATORRESC;R2 ZONA 4
julio de 2026;202608;11/7/2026;1;CAC DAULE;CICLO FMC DIA 26-25;DAULE;990982699;Atendido;;990982699;0990982699;1;R2;1;RENUNCIAS;Movil Venta Línea nueva migración;INTERNET;;HFC;RENUNCIAS HOGAR;XREINOSR;R2 ZONA 4
julio de 2026;202608;25/7/2026;1;CAC PASEO DURAN;CICLO FMC DIA 21-20;GUAYAQUIL;1300698519;Atendido;19/6/2025;1300698519;1300698519;1;R2;1;RENUNCIAS;Movil Pago: consumo masivo;Internet;1001220328;GPON;RENUNCIAS HOGAR;LCORDOVC;R2 ZONA 4
julio de 2026;202608;11/7/2026;1;CAC PASEO RIOBAMBA;CICLO FMC DIA 11-10;RIOBAMBA;997360360;Atendido;9/3/2024;997360360;0603841578;1;R1;1;SERVICIO AL CLIENTE;Movil Reposición de sim;Internet;1000590332;GPON;FMC;MOROZCOM;R1 ZONA 2
julio de 2026;202608;14/7/2026;1;CAC MANTA;CICLO FMC DIA 11-10;MANTA;994412839;Atendido;;994412839;0994412839;1;R2;1;RENUNCIAS;Hogar:Solicita Visita Técnica y/o mantenimiento;INTERNET;;GPON;RENUNCIAS HOGAR;VVINUEZM;R2 ZONA 1
agosto de 2026;202610;28/8/2026;1;CAC LAGUNA MALL;CICLO FMC DIA 26-25;IBARRA;993385150;Atendido;15/9/2021;993385150;1003241443;1;R1;1;RENUNCIAS;Hogar:Renuncia HFC GPON  varios conceptos;Internet;2217529801;GPON;RENUNCIAS HOGAR;MCISNERA;R1 ZONA 3
julio de 2026;202609;23/7/2026;1;CAC COCA;CICLO FMC DIA 26-25;COCA;993631964;Atendido;;993631964;0993631964;1;R1;1;RENUNCIAS;Hogar:Renuncia HFC GPON  varios conceptos;TELEFONIA;;HFC;OTROS CIERRES;VZAMBRAM;R1 ZONA 3
julio de 2026;202609;31/7/2026;1;CAC QUEVEDO CENTRO;CICLO FMC DIA 26-25;QUEVEDO;1250427620;Atendido;;1250427620;1250427620;1;R2;1;RENUNCIAS;Movil Pago: consumo masivo;INTERNET;;HFC;RENUNCIAS HOGAR;AIBARRAM;R2 ZONA 1
julio de 2026;202608;8/7/2026;1;CAC RIOCENTRO ENTRERIOS;CICLO FMC DIA 26-25;GUAYAQUIL;983380394;Atendido;10/10/2019;983380394;0930471073;1;R2;1;SERVICIO AL CLIENTE;Hogar:Renuncia HFC GPON  varios conceptos;Telefonia;45028808;HFC;OTROS CIERRES;DPOVEDAM;R2 ZONA 3
julio de 2026;202608;13/7/2026;1;CAC MALL DEL RIO;CICLO FMC DIA 17-16;CUENCA;802653444;Atendido;15/4/2025;802653444;0802653444;1;R2;1;SERVICIO AL CLIENTE;Hogar:Renuncia HFC GPON  varios conceptos;Internet;1001114070;GPON;OTROS CIERRES;ATORRESC;R2 ZONA 4
agosto de 2026;202609;14/8/2026;1;CAC CITYMALL;CICLO FMC DIA 11-10;GUAYAQUIL;992250061;Atendido;9/11/2021;992250061;1306386184;1;R2;1;SERVICIO AL CLIENTE;Hogar:Renuncia HFC GPON  varios conceptos;Telefonia;45017369;GPON;OTROS CIERRES;EGALLARD;R2 ZONA 4
septiembre de 2026;202610;13/9/2026;1;CAC MALL DEL ALTO;CICLO FMC DIA 26-25;CUENCA;923848618;Atendido;;;0923848618;1;R2;1;RENUNCIAS;Hogar:Renuncia derivada del Kiosko;TELEFONIA;;HFC;RENUNCIAS HOGAR;ALUCEROG;R2 ZONA 4
septiembre de 2026;202610;16/9/2026;1;CAC PASEO VIA DAULE;CICLO FMC DIA 11-10;GUAYAQUIL;953774593;Atendido;;953774593;0953774593;1;R2;1;RENUNCIAS;Hogar Pago: consumo masivo;TELEFONIA;;HFC;RENUNCIAS HOGAR;JQUIMISB;R2 ZONA 3
agosto de 2026;202609;31/8/2026;1;CAC PASEO RIOBAMBA;CICLO FMC DIA 11-10;RIOBAMBA;994395021;Atendido;8/10/2024;994395021;0605287101;1;R1;1;SERVICIO AL CLIENTE;Hogar:Renuncia HFC GPON  varios conceptos;Internet;1000846925;GPON;OTROS CIERRES;PMONCAYB;R1 ZONA 2
agosto de 2026;202609;29/8/2026;1;CAC MALL DEL RIO;CICLO FMC DIA 11-10;CUENCA;995927410;Atendido;;995927410;0995927410;1;R2;1;RENUNCIAS;Movil: Renuncia servicio celular;INTERNET;;GPON;RENUNCIAS HOGAR;CHUAGLLC;R2 ZONA 4
septiembre de 2026;202611;28/9/2026;1;CAC DAULE;CICLO FMC DIA 2-1;DAULE;979987864;Atendido;29/5/2024;979987864;0907300032;1;R2;1;RENUNCIAS;Movil/Hogar: Consulta Saldos;Television;1000672974;GPON;RENUNCIAS HOGAR;AMOREIRA;R2 ZONA 4
julio de 2026;202608;9/7/2026;1;CAC 9 DE OCTUBRE;CICLO FMC DIA 11-10;GUAYAQUIL;750966954;Atendido;;750966954;0750966954;1;R2;1;VENTAS;Hogar:Renuncia HFC GPON  varios conceptos;TELEFONIA;;HFC;OTROS CIERRES;CVERDUGC;R2 ZONA 3
agosto de 2026;202608;4/8/2026;1;CAC ETECO;CICLO FMC DIA 11-10;QUITO;979533199;Atendido;8/7/2023;979533199;1719013201;1;R1;1;SERVICIO AL CLIENTE;Hogar:Renuncia HFC GPON  varios conceptos;Internet;1000344207;GPON;OTROS CIERRES;VARHEAHD;R1 ZONA 1
agosto de 2026;202609;7/8/2026;1;CAC SCALA;CICLO FMC DIA 11-10;QUITO;998580892;Atendido;;998580892;0998580892;1;R1;1;SERVICIO AL CLIENTE;Hogar:Renuncia HFC GPON  varios conceptos;TELEFONIA;;GPON;OTROS CIERRES;GALBARRR;R1 ZONA 1
julio de 2026;202608;10/7/2026;1;CAC PASEO VIA DAULE;CICLO FMC DIA 26-25;GUAYAQUIL;919423533;Atendido;23/7/2023;919423533;0919423533;1;R2;1;RENUNCIAS;Movil Pago: consumo masivo;Television;1000360979;GPON;RENUNCIAS HOGAR;KMACIASS;R2 ZONA 3
agosto de 2026;202609;27/8/2026;1;CAC COCA;CICLO FMC DIA 11-10;COCA;989561068;Atendido;;989561068;0989561068;1;R1;1;RENUNCIAS;Hogar:Renuncia HFC GPON  varios conceptos;INTERNET;;HFC;OTROS CIERRES;JSANTILA;R1 ZONA 3
julio de 2026;202608;31/7/2026;1;CAC CITYMALL;CICLO FMC DIA 11-10;GUAYAQUIL;924299983;Atendido;;;0924299983;1;R2;1;SERVICIO AL CLIENTE;Hogar:Renuncia HFC GPON  varios conceptos;INTERNET;;HFC;OTROS CIERRES;LBARCOH;R2 ZONA 4
julio de 2026;202608;10/7/2026;1;CAC EL RECREO 2;CICLO FMC DIA 2-1;QUITO;993238490;Atendido;29/10/2025;993238490;194729374;1;R1;1;RENUNCIAS;Movil: Renuncia servicio celular;Internet;1001414256;GPON;RENUNCIAS HOGAR;MSANCHE3;R1 ZONA 2
julio de 2026;202607;10/7/2026;1;CAC MALL DEL RIO;CICLO FMC DIA 21-20;CUENCA;101233674;Atendido;10/7/2025;101233674;0101233674;1;R2;1;SERVICIO AL CLIENTE;Movil Pago: consumo masivo;Internet;1001254022;GPON;FMC;LFAREZF;R2 ZONA 4
julio de 2026;202608;6/7/2026;1;CAC SAN LUIS;CICLO FMC DIA 26-25;QUITO;997373453;Atendido;;997373453;0997373453;1;R1;1;RENUNCIAS;Renuncia servicio corporativo;TELEFONIA;;HFC;RENUNCIAS HOGAR;GORTIZUL;R1 ZONA 2
julio de 2026;202608;16/7/2026;1;CAC LAGUNA MALL;CICLO FMC DIA 11-10;IBARRA;967128215;Atendido;29/5/2020;967128215;1003658091;1;R1;1;RENUNCIAS;Movil Pago: consumo masivo;Internet;2215536165;GPON;RENUNCIAS HOGAR;PACOSTAF;R1 ZONA 3
agosto de 2026;202609;11/8/2026;1;CAC SCALA;CICLO FMC DIA 26-25;QUITO;984566120;Atendido;;;0984566120;1;R1;1;SERVICIO AL CLIENTE;Hogar:Renuncia HFC GPON  varios conceptos;INTERNET;;HFC;OTROS CIERRES;KPABONUE;R1 ZONA 1
septiembre de 2026;202610;27/9/2026;1;CAC PASEO PLAYAS;CICLO FMC DIA 11-10;PLAYAS;992428073;Atendido;;992428073;0992428073;1;R2;1;RENUNCIAS;Movil: Renuncia servicio celular;INTERNET;;GPON;RENUNCIAS HOGAR;DMOYAP;R2 ZONA 2
agosto de 2026;202610;26/8/2026;1;CAC LOJA;CICLO FMC DIA 26-25;LOJA;980402181;Atendido;;980402181;0980402181;1;R2;1;RENUNCIAS;Hogar: Recepcion de Equipos Fijo;TELEVISION;;HFC;RENUNCIAS HOGAR;XCABRERP;R2 ZONA 1
agosto de 2026;202610;22/8/2026;1;CAC RIOCENTRO SUR;CICLO FMC DIA 26-25;GUAYAQUIL;916418544;Atendido;;;0916418544;1;R2;1;SERVICIO AL CLIENTE;Hogar:Renuncia HFC GPON  varios conceptos;INTERNET;;GPON;OTROS CIERRES;SSANTANR;R2 ZONA 4
agosto de 2026;202610;27/8/2026;1;CAC HIPERMARKET BUIJO;CICLO FMC DIA 26-25;GUAYAQUIL;985766128;Atendido;;985766128;0985766128;1;R2;1;RENUNCIAS;Movil: Renuncia servicio celular;INTERNET;;HFC;RENUNCIAS HOGAR;SASTUDIC;R2 ZONA 4
agosto de 2026;202609;9/8/2026;1;CAC RIOCENTRO SUR;CICLO FMC DIA 11-10;GUAYAQUIL;921019170;Atendido;3/7/2022;;0921019170;1;R2;1;SERVICIO AL CLIENTE;Hogar:Renuncia HFC GPON  varios conceptos;Telefonia;45108621;GPON;OTROS CIERRES;PSALVATP;R2 ZONA 4
septiembre de 2026;202610;26/9/2026;1;CAC RIOCENTRO NORTE;CICLO FMC DIA 11-10;GUAYAQUIL;990710099;Atendido;11/3/2025;;0904126976;1;R2;1;RENUNCIAS;Hogar:Renuncia HFC GPON  varios conceptos;Television;1001057859;GPON;RENUNCIAS HOGAR;ESUAREZV;R2 ZONA 2
agosto de 2026;202609;6/8/2026;1;CAC COCA;CICLO FMC DIA 26-25;COCA;986030355;Atendido;;986030355;0986030355;1;R1;1;RENUNCIAS;Hogar:Renuncia HFC GPON  varios conceptos;TELEVISION;;HFC;OTROS CIERRES;JSANTILA;R1 ZONA 3
septiembre de 2026;202609;1/9/2026;1;CAC EL PORTAL;CICLO FMC DIA 19-18;QUITO;985062678;Atendido;17/4/2026;;1208884807;1;R1;1;RENUNCIAS;Hogar:Renuncia HFC GPON  varios conceptos;Telefonia;25197366;GPON;RENUNCIAS HOGAR;NGONZALC;R1 ZONA 1
agosto de 2026;202609;24/8/2026;1;CAC EL PORTAL;CICLO FMC DIA 2-1;QUITO;979427506;Atendido;27/1/2024;;1050209939;1;R1;1;SERVICIO AL CLIENTE;Hogar:Renuncia HFC GPON  varios conceptos;Television;1000545626;GPON;OTROS CIERRES;NGONZALC;R1 ZONA 1
julio de 2026;202608;2/7/2026;1;CAC EL PORTAL;CICLO FMC DIA 26-25;QUITO;999814158;Atendido;;;0999814158;1;R1;1;SERVICIO AL CLIENTE;Hogar:Renuncia HFC GPON  varios conceptos;INTERNET;;HFC;OTROS CIERRES;JCORDOVG;R1 ZONA 1
agosto de 2026;202609;3/8/2026;1;CAC MULTIPLAZA PORTOVIEJO;CICLO FMC DIA 26-25;PORTOVIEJO;969666647;Atendido;;969666647;0969666647;1;R2;1;SERVICIO AL CLIENTE;Hogar:Renuncia HFC GPON  varios conceptos;TELEVISION;;HFC;OTROS CIERRES;GFLORESA;R2 ZONA 3
agosto de 2026;202609;5/8/2026;1;CAC RIOCENTRO SUR;CICLO FMC DIA 26-25;GUAYAQUIL;991138746;Atendido;9/7/2023;991138746;0900543877;1;R2;1;SERVICIO AL CLIENTE;Hogar:Renuncia HFC GPON  varios conceptos;Internet;1000344162;GPON;OTROS CIERRES;KJUMBOP;R2 ZONA 4
julio de 2026;202608;23/7/2026;1;CAC PASEO RIOBAMBA;CICLO FMC DIA 11-10;RIOBAMBA;939209500;Atendido;;939209500;0939209500;1;R1;1;SERVICIO AL CLIENTE;Hogar:Renuncia HFC GPON  varios conceptos;TELEFONIA;;GPON;OTROS CIERRES;VROBALIB;R1 ZONA 2
julio de 2026;202609;23/7/2026;1;CAC MALL DEL SUR;CICLO FMC DIA 26-25;GUAYAQUIL;986901180;Atendido;30/11/2022;;0902489723;1;R2;1;RENUNCIAS;Hogar:Renuncia HFC GPON  varios conceptos;Telefonia;45163765;GPON;RENUNCIAS HOGAR;GCORONER;R2 ZONA 2
julio de 2026;202608;20/7/2026;1;CAC LAGUNA MALL;CICLO FMC DIA 11-10;IBARRA;987044212;Atendido;;;0987044212;1;R1;1;SERVICIO AL CLIENTE;Hogar:Renuncia HFC GPON  varios conceptos;INTERNET;;HFC;OTROS CIERRES;MCISNERA;R1 ZONA 3
julio de 2026;202608;28/7/2026;1;CAC COCA;CICLO FMC DIA 11-10;COCA;988468504;Atendido;;988468504;0988468504;1;R1;1;RENUNCIAS;Hogar:Renuncia HFC GPON  varios conceptos;TELEFONIA;;GPON;OTROS CIERRES;JSANTILA;R1 ZONA 3
agosto de 2026;202609;13/8/2026;1;CAC LOJA;CICLO FMC DIA 2-1;LOJA;961503241;Atendido;27/11/2023;1100053139;1100053139;1;R2;1;RENUNCIAS;Movil/Hogar: Consulta Saldos;Internet;1000489001;GPON;RENUNCIAS HOGAR;XCABRERP;R2 ZONA 1
septiembre de 2026;202610;15/9/2026;1;CAC MALL DEL RIO;CICLO FMC DIA 11-10;CUENCA;983921768;Atendido;;;0983921768;1;R2;1;RENUNCIAS;Movil: Renuncia servicio celular;INTERNET;;GPON;RENUNCIAS HOGAR;ILOORO;R2 ZONA 4
julio de 2026;202608;13/7/2026;1;CAC COCA;CICLO FMC DIA 26-25;COCA;982871248;Atendido;;982871248;0982871248;1;R1;1;RENUNCIAS;Hogar:Renuncia HFC GPON  varios conceptos;INTERNET;;HFC;OTROS CIERRES;JSANTILA;R1 ZONA 3
agosto de 2026;202609;28/8/2026;1;CAC RIOCENTRO ENTRERIOS;CICLO FMC DIA 11-10;GUAYAQUIL;992665692;Atendido;2/3/2018;992665692;0915803845;1;R2;1;RENUNCIAS;Hogar:Renuncia HFC GPON  varios conceptos;Internet;2210121764;HFC;RENUNCIAS HOGAR;DPOVEDAM;R2 ZONA 3
julio de 2026;202608;14/7/2026;1;CAC LOJA;CICLO FMC DIA 11-10;LOJA;993332832;Atendido;;993332832;0993332832;1;R2;1;RENUNCIAS;Renuncia servicio corporativo;INTERNET;;HFC;RENUNCIAS HOGAR;MCASTILJ;R2 ZONA 1
julio de 2026;202608;28/7/2026;1;CAC RIOCENTRO NORTE;CICLO FMC DIA 24-23;GUAYAQUIL;969792280;Atendido;22/7/2026;;0923467666;1;R2;1;RENUNCIAS;Hogar:Renuncia derivada del Kiosko;Television;1001725463;GPON;RENUNCIAS HOGAR;MPEREZE;R2 ZONA 2
agosto de 2026;202609;27/8/2026;1;CAC CONDADO;CICLO FMC DIA 11-10;QUITO;997005215;Atendido;;997005215;0997005215;1;R1;1;SERVICIO AL CLIENTE;Hogar:Renuncia HFC GPON  varios conceptos;INTERNET;;HFC;OTROS CIERRES;PCABEZAN;R1 ZONA 1
julio de 2026;202608;15/7/2026;1;CAC AMBATO;CICLO FMC DIA 26-25;AMBATO;998060810;Atendido;;998060810;0998060810;1;R1;1;RENUNCIAS;Hogar:Intermitencia Internet Lento sin servicio;TELEVISION;;GPON;RENUNCIAS HOGAR;JCASTROR;R1 ZONA 2
agosto de 2026;202609;7/8/2026;1;CAC MALL DEL RIO;CICLO FMC DIA 2-1;CUENCA;1104357148;Atendido;30/11/2024;1104357148;1104357148;1;R2;1;SERVICIO AL CLIENTE;Hogar:Renuncia HFC GPON  varios conceptos;Internet;1000919414;GPON;OTROS CIERRES;ATORRESC;R2 ZONA 4
julio de 2026;202608;24/7/2026;1;CAC EL JARDIN;CICLO FMC DIA 11-10;QUITO;993649594;Atendido;;993649594;0993649594;1;R1;1;RENUNCIAS;Renuncia servicio corporativo;INTERNET;;HFC;RENUNCIAS HOGAR;MLIMAA;R1 ZONA 3
julio de 2026;202607;7/7/2026;1;CAC QUEVEDO CENTRO;CICLO FMC DIA 15-14;QUEVEDO;1706128558;Atendido;8/7/2026;1706128558;1706128558;1;R2;1;RENUNCIAS;Movil Pago: consumo masivo;Internet;1001714688;GPON;RENUNCIAS HOGAR;MGALVEZC;R2 ZONA 1
agosto de 2026;202609;22/8/2026;1;CAC EL BOSQUE;CICLO FMC DIA 11-10;QUITO;994205700;Atendido;;994205700;0994205700;1;R1;1;RENUNCIAS;Hogar:Renuncia HFC GPON  varios conceptos;TELEFONIA;;HFC;RENUNCIAS HOGAR;CHERRERC;R1 ZONA 2
julio de 2026;202608;6/7/2026;1;CAC COCA;CICLO FMC DIA 11-10;COCA;969493304;Atendido;;969493304;0969493304;1;R1;1;RENUNCIAS;Hogar:Renuncia HFC GPON  varios conceptos;INTERNET;;HFC;OTROS CIERRES;JSANTILA;R1 ZONA 3
septiembre de 2026;202610;18/9/2026;1;CAC QUICENTRO SUR;CICLO FMC DIA 26-25;QUITO;982808163;Atendido;25/2/2023;;1717802597;1;R1;1;RENUNCIAS;Renuncia servicio corporativo;Internet;1000218487;GPON;RENUNCIAS HOGAR;HROMEROP;R1 ZONA 2
julio de 2026;202608;11/7/2026;1;CAC LAGUNA MALL;CICLO FMC DIA 11-10;IBARRA;985516064;Atendido;;985516064;0985516064;1;R1;1;RENUNCIAS;Hogar:Entrega de equipo por cierre de servicio;INTERNET;;HFC;RENUNCIAS HOGAR;KTERANC;R1 ZONA 3
septiembre de 2026;202611;23/9/2026;1;CAC MALL DEL SUR;CICLO FMC DIA 26-25;GUAYAQUIL;905642153;Atendido;15/11/2020;;0905642153;1;R2;1;SERVICIO AL CLIENTE;Hogar:Renuncia HFC GPON  varios conceptos;Internet;2215996522;HFC;OTROS CIERRES;DMALDONP;R2 ZONA 2
agosto de 2026;202609;19/8/2026;1;CAC 9 DE OCTUBRE;CICLO FMC DIA 11-10;GUAYAQUIL;902925981;Atendido;14/7/2023;902925981;0902925981;1;R2;1;SERVICIO AL CLIENTE;Hogar:Renuncia HFC GPON  varios conceptos;Internet;1000342518;HFC;OTROS CIERRES;KROJASM;R2 ZONA 3
agosto de 2026;202609;26/8/2026;1;CAC CITYMALL;CICLO FMC DIA 11-10;GUAYAQUIL;940678568;Atendido;10/7/2024;;0940678568;1;R2;1;SERVICIO AL CLIENTE;Hogar:Renuncia HFC GPON  varios conceptos;Internet;1000719830;GPON;OTROS CIERRES;EGALLARD;R2 ZONA 4
julio de 2026;202608;20/7/2026;1;CAC LOJA;CICLO FMC DIA 26-25;LOJA;979426420;Atendido;;979426420;0979426420;1;R2;1;RENUNCIAS;Movil: Renuncia servicio celular;INTERNET;;GPON;RENUNCIAS HOGAR;AGONZAGL;R2 ZONA 1
julio de 2026;202608;7/7/2026;1;CAC CITYMALL;CICLO FMC DIA 28-27;GUAYAQUIL;904971868;Atendido;27/4/2026;;0904971868;1;R2;1;RENUNCIAS;Hogar:Renuncia HFC GPON  varios conceptos;Internet;1001622922;GPON;OTROS CIERRES;SSANTAND;R2 ZONA 4
julio de 2026;202608;18/7/2026;1;CAC EL RECREO 2;CICLO FMC DIA 11-10;QUITO;939044076;Atendido;;;0939044076;1;R1;1;RENUNCIAS;Movil: Renuncia servicio celular;INTERNET;;GPON;RENUNCIAS HOGAR;MSANCHE3;R1 ZONA 2
julio de 2026;202608;11/7/2026;1;CAC EL RECREO;CICLO FMC DIA 11-10;QUITO;990662380;Atendido;;990662380;0990662380;1;R1;1;RENUNCIAS;Movil: Renuncia servicio celular;INTERNET;;GPON;RENUNCIAS HOGAR;SDEFAZN;R1 ZONA 2
julio de 2026;202608;27/7/2026;1;CAC SCALA;CICLO FMC DIA 11-10;QUITO;980023656;Atendido;;1706060306;1706060306;1;R1;1;RENUNCIAS;Hogar:Renuncia HFC GPON  varios conceptos;TELEFONIA;;HFC;OTROS CIERRES;GALBARRR;R1 ZONA 1
septiembre de 2026;202610;15/9/2026;1;CAC MALL DE LOS ANDES;CICLO FMC DIA 26-25;AMBATO;983988825;Atendido;;;0983988825;1;R1;1;SERVICIO AL CLIENTE;Hogar:Renuncia HFC GPON  varios conceptos;INTERNET;;HFC;OTROS CIERRES;PCARRILR;R1 ZONA 2
septiembre de 2026;202610;16/9/2026;1;CAC RIOCENTRO ENTRERIOS;CICLO FMC DIA 11-10;GUAYAQUIL;996000654;Atendido;8/7/2022;996000654;1708542459;1;R2;1;RENUNCIAS;Hogar:Renuncia HFC GPON  varios conceptos;Internet;1000065961;HFC;RENUNCIAS HOGAR;DPOVEDAM;R2 ZONA 3
julio de 2026;202608;31/7/2026;1;CAC DAULE;CICLO FMC DIA 11-10;DAULE;982699256;Atendido;;982699256;0982699256;1;R2;1;RENUNCIAS;Hogar:Entrega de equipo por cierre de servicio;INTERNET;;GPON;RENUNCIAS HOGAR;KLAVAYEV;R2 ZONA 4
septiembre de 2026;202610;16/9/2026;1;CAC EL BOSQUE;CICLO FMC DIA 26-25;QUITO;963675781;Atendido;;;0963675781;1;R1;1;RENUNCIAS;Movil Pago: consumo masivo;TELEFONIA;;GPON;RENUNCIAS HOGAR;SANDRADF;R1 ZONA 2
septiembre de 2026;202610;22/9/2026;1;CAC PASEO PLAYAS;CICLO FMC DIA 11-10;PLAYAS;959664049;Atendido;;959664049;0959664049;1;R2;1;RENUNCIAS;Movil: Renuncia servicio celular;TELEVISION;;HFC;RENUNCIAS HOGAR;AMENDOZY;R2 ZONA 2
septiembre de 2026;202610;17/9/2026;1;CAC MACHALA;CICLO FMC DIA 2-1;MACHALA;706385358;Atendido;29/3/2024;;0706385358;1;R2;1;SERVICIO AL CLIENTE;Movil Pago: consumo masivo;Internet;1000611531;GPON;FMC;JGUZMANB;R2 ZONA 2
julio de 2026;202608;6/7/2026;1;CAC COCA;CICLO FMC DIA 26-25;COCA;997140012;Atendido;;997140012;0997140012;1;R1;1;RENUNCIAS;Hogar:Renuncia HFC GPON  varios conceptos;TELEFONIA;;GPON;OTROS CIERRES;JSANTILA;R1 ZONA 3
agosto de 2026;202609;20/8/2026;1;CAC URDESA;CICLO FMC DIA 11-10;GUAYAQUIL;906399829;Atendido;3/9/2016;906399829;0906399829;1;R2;1;SERVICIO AL CLIENTE;Hogar:Renuncia HFC GPON  varios conceptos;Television;2205716349;HFC;OTROS CIERRES;LACOSTAL;R2 ZONA 2
septiembre de 2026;202611;28/9/2026;1;CAC CONDADO;CICLO FMC DIA 26-25;QUITO;997217036;Atendido;;;0997217036;1;R1;1;RENUNCIAS;Hogar:Renuncia HFC GPON  varios conceptos;TELEFONIA;;HFC;OTROS CIERRES;CMINANGJ;R1 ZONA 1
agosto de 2026;202609;23/8/2026;1;CAC MALL DEL RIO;CICLO FMC DIA 2-1;CUENCA;994959744;Atendido;5/5/2025;994959744;0102858156;1;R2;1;RENUNCIAS;Movil: Renuncia servicio celular;Internet;1001148670;GPON;RENUNCIAS HOGAR;ILOORO;R2 ZONA 4
septiembre de 2026;202610;14/9/2026;1;CAC COCA;CICLO FMC DIA 11-10;COCA;997953245;Atendido;;997953245;0997953245;1;R1;1;RENUNCIAS;Hogar:Renuncia HFC GPON  varios conceptos;TELEVISION;;HFC;OTROS CIERRES;VZAMBRAM;R1 ZONA 3
agosto de 2026;202610;28/8/2026;1;CAC CONDADO;CICLO FMC DIA 26-25;QUITO;989834243;Atendido;;989834243;0989834243;1;R1;1;RENUNCIAS;Hogar:Renuncia HFC GPON  varios conceptos;TELEFONIA;;GPON;OTROS CIERRES;CMINANGJ;R1 ZONA 1
agosto de 2026;202609;28/8/2026;1;CAC PASEO SANTO DOMINGO;CICLO FMC DIA 11-10;SANTO DOMINGO;959591670;Atendido;10/6/2025;959591670;1712556115;1;R1;1;SERVICIO AL CLIENTE;Hogar:Renuncia HFC GPON  varios conceptos;Telefonia;25206789;GPON;OTROS CIERRES;SCABRERJ;R1 ZONA 1
septiembre de 2026;202610;28/9/2026;1;CAC CONDADO;CICLO FMC DIA 11-10;QUITO;987774933;Atendido;;987774933;0987774933;1;R1;1;SERVICIO AL CLIENTE;Hogar:Renuncia HFC GPON  varios conceptos;INTERNET;;GPON;OTROS CIERRES;CMINANGJ;R1 ZONA 1
septiembre de 2026;202610;7/9/2026;1;CAC CONDADO;CICLO FMC DIA 11-10;QUITO;983322764;Atendido;4/7/2022;;1725755910;1;R1;1;RENUNCIAS;Hogar:Renuncia HFC GPON  varios conceptos;Internet;2218736769;GPON;OTROS CIERRES;CMINANGJ;R1 ZONA 1
agosto de 2026;202608;3/8/2026;1;CAC PASEO PORTOVIEJO;CICLO FMC DIA 11-10;PORTOVIEJO;992681449;Atendido;;992681449;0992681449;1;R2;1;RENUNCIAS;Movil/Hogar: Consulta Saldos;TELEFONIA;;HFC;RENUNCIAS HOGAR;SCANDOE;R2 ZONA 3
septiembre de 2026;202610;2/9/2026;1;CAC PASEO VIA DAULE;CICLO FMC DIA 24-23;GUAYAQUIL;952733319;Atendido;21/1/2024;952733319;0952733319;1;R2;1;RENUNCIAS;Movil/Hogar: Consulta Saldos;Telefonia;45154140;GPON;RENUNCIAS HOGAR;RGUERREG;R2 ZONA 3
septiembre de 2026;202611;26/9/2026;1;CAC HIPERMARKET BUIJO;CICLO FMC DIA 26-25;GUAYAQUIL;967371447;Atendido;;967371447;0967371447;1;R2;1;RENUNCIAS;Movil: Renuncia servicio celular;INTERNET;;HFC;RENUNCIAS HOGAR;SASTUDIC;R2 ZONA 4
septiembre de 2026;202609;5/9/2026;1;CAC PASEO PLAYAS;CICLO FMC DIA 11-10;PLAYAS;960580201;Atendido;;;0960580201;1;R2;1;RENUNCIAS;Hogar:Renuncia HFC GPON  varios conceptos;INTERNET;;HFC;RENUNCIAS HOGAR;SZAMBRAP;R2 ZONA 2
septiembre de 2026;202610;21/9/2026;1;CAC QUEVEDO CENTRO;CICLO FMC DIA 11-10;QUEVEDO;959625385;Atendido;;959625385;0959625385;1;R2;1;RENUNCIAS;Movil Pago: consumo masivo;TELEFONIA;;GPON;RENUNCIAS HOGAR;LGALLEGF;R2 ZONA 1
septiembre de 2026;202610;15/9/2026;1;CAC CONDADO;CICLO FMC DIA 26-25;QUITO;984809477;Atendido;;;0984809477;1;R1;1;RENUNCIAS;Hogar:Renuncia HFC GPON  varios conceptos;INTERNET;;HFC;OTROS CIERRES;PCABEZAN;R1 ZONA 1
julio de 2026;202608;3/7/2026;1;CAC EL RECREO 2;CICLO FMC DIA 26-25;QUITO;901706952;Atendido;14/6/2023;;0901706952;1;R1;1;RENUNCIAS;Movil: Renuncia servicio celular;Internet;1000322819;GPON;RENUNCIAS HOGAR;MSANCHE3;R1 ZONA 2
agosto de 2026;202609;21/8/2026;1;CAC PASEO PLAYAS;CICLO FMC DIA 11-10;PLAYAS;967630350;Atendido;;967630350;0967630350;1;R2;1;SERVICIO AL CLIENTE;Hogar:Renuncia HFC GPON  varios conceptos;INTERNET;;GPON;OTROS CIERRES;AMENDOZY;R2 ZONA 2
julio de 2026;202608;3/7/2026;1;CAC PASEO RIOBAMBA;CICLO FMC DIA 26-25;RIOBAMBA;987136589;Atendido;;;0987136589;1;R1;1;SERVICIO AL CLIENTE;Hogar:Renuncia HFC GPON  varios conceptos;TELEVISION;;HFC;OTROS CIERRES;FORTIZM;R1 ZONA 2
agosto de 2026;202609;9/8/2026;1;CAC LAGUNA MALL;CICLO FMC DIA 11-10;IBARRA;994537911;Atendido;13/10/2021;994537911;1001840915;1;R1;1;RENUNCIAS;Hogar:Renuncia HFC GPON  varios conceptos;Telefonia;65002655;GPON;RENUNCIAS HOGAR;MCISNERA;R1 ZONA 3
septiembre de 2026;202610;1/9/2026;1;CAC CHONE;CICLO FMC DIA 24-23;CHONE;1313291765;Atendido;23/1/2026;1313291765;1313291765;1;R2;1;RENUNCIAS;Hogar: Reclamo  Facturación.;Internet;1001502998;GPON;RENUNCIAS HOGAR;CCASTROE;R2 ZONA 1
julio de 2026;202608;6/7/2026;1;CAC COCA;CICLO FMC DIA 26-25;COCA;992068947;Atendido;;992068947;0992068947;1;R1;1;RENUNCIAS;Hogar:Renuncia HFC GPON  varios conceptos;TELEFONIA;;HFC;OTROS CIERRES;JSANTILA;R1 ZONA 3
agosto de 2026;202610;24/8/2026;1;CAC EL BOSQUE;CICLO FMC DIA 26-25;QUITO;959026454;Atendido;;959026454;0959026454;1;R1;1;RENUNCIAS;Renuncia servicio corporativo;INTERNET;;HFC;RENUNCIAS HOGAR;DOCHOAR;R1 ZONA 2
julio de 2026;202608;17/7/2026;1;CAC LAGUNA MALL;CICLO FMC DIA 26-25;IBARRA;993465330;Atendido;;993465330;0993465330;1;R1;1;RENUNCIAS;Movil Reposición de sim;TELEFONIA;;HFC;RENUNCIAS HOGAR;JALTUVEG;R1 ZONA 3
septiembre de 2026;202610;24/9/2026;1;CAC PASEO VIA DAULE;CICLO FMC DIA 2-1;GUAYAQUIL;90000900;Atendido;22/5/2026;958075681;0958075681;1;R2;1;RENUNCIAS;Movil/Hogar: Consulta Saldos;Internet;1001655478;GPON;RENUNCIAS HOGAR;RGUERREG;R2 ZONA 3
agosto de 2026;202609;25/8/2026;1;CAC COCA;CICLO FMC DIA 11-10;COCA;993645411;Atendido;;993645411;0993645411;1;R1;1;RENUNCIAS;Hogar:Renuncia HFC GPON  varios conceptos;TELEFONIA;;HFC;OTROS CIERRES;JSANTILA;R1 ZONA 3
septiembre de 2026;202611;21/9/2026;1;CAC URDESA;CICLO FMC DIA 26-25;GUAYAQUIL;905593976;Atendido;1/12/2021;905593976;0905593976;1;R2;1;RENUNCIAS;Hogar: Reclamo  Facturación.;Internet;2217886795;HFC;RENUNCIAS HOGAR;ACEDENOP;R2 ZONA 2
julio de 2026;202608;24/7/2026;1;CAC PASEO PORTOVIEJO;CICLO FMC DIA 11-10;PORTOVIEJO;1313088609;Atendido;10/8/2023;1313088609;1313088609;1;R2;1;RENUNCIAS;Movil: Actualización misma tarifa down up;Internet;1000379758;GPON;RENUNCIAS HOGAR;JNIETOUP;R2 ZONA 3
agosto de 2026;202608;6/8/2026;1;CAC AZOGUES;CICLO FMC DIA 24-23;AZOGUES;1204439176;Atendido;14/9/2024;1204439176;1204439176;1;R2;1;RENUNCIAS; Información de productos;Internet;1000812995;GPON;RENUNCIAS HOGAR;KULLOAJ;R2 ZONA 4
julio de 2026;202608;14/7/2026;1;CAC EL JARDIN;CICLO FMC DIA 11-10;QUITO;998524067;Atendido;;;0998524067;1;R1;1;RENUNCIAS;Hogar:Renuncia derivada del Kiosko;INTERNET;;HFC;RENUNCIAS HOGAR;CFERNANR;R1 ZONA 3
julio de 2026;202608;14/7/2026;1;CAC MULTIPLAZA PORTOVIEJO;CICLO FMC DIA 19-18;PORTOVIEJO;1302407240;Atendido;11/6/2024;1302407240;1302407240;1;R2;1;RENUNCIAS;Movil: Reclamo Facturación.;Internet;1000689039;GPON;RENUNCIAS HOGAR;GFLORESA;R2 ZONA 3
agosto de 2026;202609;18/8/2026;1;CAC IBARRA;CICLO FMC DIA 11-10;IBARRA;999639635;Atendido;10/6/2020;999639635;1002171237;1;R1;1;SERVICIO AL CLIENTE;Hogar:Renuncia HFC GPON  varios conceptos;Internet;2215528485;GPON;OTROS CIERRES;AMARQUES;R1 ZONA 3
septiembre de 2026;202610;18/9/2026;1;CAC URDESA;CICLO FMC DIA 26-25;GUAYAQUIL;906183629;Atendido;11/2/2014;906183629;0906183629;1;R2;1;SERVICIO AL CLIENTE;Hogar:Renuncia HFC GPON  varios conceptos;Internet;1239642;HFC;OTROS CIERRES;LACOSTAL;R2 ZONA 2
septiembre de 2026;202610;10/9/2026;1;CAC CCI;CICLO FMC DIA 11-10;QUITO;979021173;Atendido;;;0979021173;1;R1;1;SERVICIO AL CLIENTE;Hogar:Renuncia HFC GPON  varios conceptos;TELEFONIA;;HFC;OTROS CIERRES;CCARCELR;R1 ZONA 3
agosto de 2026;202609;29/8/2026;1;CAC PASEO RIOBAMBA;CICLO FMC DIA 8-7;RIOBAMBA;989516554;Atendido;17/9/2025;989516554;0601872534;1;R1;1;RENUNCIAS;Hogar: Recepcion de Equipos Fijo;Telefonia;35025554;GPON;RENUNCIAS HOGAR;ANUNEZP;R1 ZONA 2
agosto de 2026;202609;14/8/2026;1;CAC DAULE;CICLO FMC DIA 26-25;DAULE;912574837;Atendido;;912574837;0912574837;1;R2;1;RENUNCIAS;Movil: Actualización misma tarifa down up;TELEFONIA;;HFC;RENUNCIAS HOGAR;KBONILLD;R2 ZONA 4
agosto de 2026;202609;5/8/2026;1;CAC LAGUNA MALL;CICLO FMC DIA 26-25;IBARRA;961531106;Atendido;;;0961531106;1;R1;1;RENUNCIAS;Hogar:Renuncia HFC GPON  varios conceptos;INTERNET;;HFC;RENUNCIAS HOGAR;KTERANC;R1 ZONA 3
julio de 2026;202608;22/7/2026;1;CAC COCA;CICLO FMC DIA 11-10;COCA;962970166;Atendido;;962970166;0962970166;1;R1;1;SERVICIO AL CLIENTE;Hogar:Renuncia HFC GPON  varios conceptos;INTERNET;;GPON;OTROS CIERRES;JSANTILA;R1 ZONA 3
julio de 2026;202607;1/7/2026;1;CAC PASEO RIOBAMBA;CICLO FMC DIA 11-10;RIOBAMBA;997146625;Atendido;;997146625;0997146625;1;R1;1;RENUNCIAS;Movil Reposición de sim;INTERNET;;HFC;RENUNCIAS HOGAR;MOROZCOM;R1 ZONA 2
septiembre de 2026;202610;9/9/2026;1;CAC CHONE;CICLO FMC DIA 2-1;CHONE;2350778961;Atendido;11/9/2026;2350778961;2350778961;1;R2;1;RENUNCIAS;Movil:Actualización de datos dirección correo;Internet;1001793763;GPON;RENUNCIAS HOGAR;AFLORESZ;R2 ZONA 1
septiembre de 2026;202610;16/9/2026;1;CAC PASEO BABAHOYO;CICLO FMC DIA 26-25;BABAHOYO;982407433;Atendido;;982407433;0982407433;1;R2;1;RENUNCIAS;Movil:Actualización de datos dirección correo;TELEFONIA;;HFC;RENUNCIAS HOGAR;RMAYORGR;R2 ZONA 3
septiembre de 2026;202609;3/9/2026;1;CAC LAGO AGRIO;CICLO FMC DIA 11-10;LAGO AGRIO;996662138;Atendido;;;0996662138;1;R1;1;RENUNCIAS;Movil: Renuncia servicio celular;TELEFONIA;;HFC;RENUNCIAS HOGAR;DMARINT;R1 ZONA 3
agosto de 2026;202609;26/8/2026;1;CAC COCA;CICLO FMC DIA 11-10;COCA;997422747;Atendido;;997422747;0997422747;1;R1;1;RENUNCIAS;Hogar:Renuncia HFC GPON  varios conceptos;TELEVISION;;HFC;OTROS CIERRES;MMENDEZO;R1 ZONA 3
septiembre de 2026;202610;8/9/2026;1;CAC PASEO DURAN;CICLO FMC DIA 11-10;GUAYAQUIL;905402087;Atendido;10/3/2022;905402087;0905402087;1;R2;1;SERVICIO AL CLIENTE;Hogar:Renuncia HFC GPON  varios conceptos;Telefonia;45090327;GPON;OTROS CIERRES;JROGGIE;R2 ZONA 4
agosto de 2026;202609;7/8/2026;1;CAC EL DORADO;CICLO FMC DIA 26-25;GUAYAQUIL;919535526;Atendido;10/8/2021;;0919535526;1;R2;1;RENUNCIAS;Hogar:Renuncia HFC GPON  varios conceptos;Internet;2217411080;GPON;RENUNCIAS HOGAR;MRIVERAT;R2 ZONA 3
septiembre de 2026;202610;24/9/2026;1;CAC QUEVEDO CENTRO;CICLO FMC DIA 11-10;QUEVEDO;1204110603;Atendido;23/12/2019;1204110603;1204110603;1;R2;1;RENUNCIAS;Movil:Actualización de datos dirección correo;Internet;2214862848;GPON;RENUNCIAS HOGAR;JPLUASAG;R2 ZONA 1
agosto de 2026;202609;5/8/2026;1;CAC EL RECREO 2;CICLO FMC DIA 26-25;QUITO;989119291;Atendido;;989119291;0989119291;1;R1;1;RENUNCIAS;Movil: Renuncia servicio celular;INTERNET;;GPON;RENUNCIAS HOGAR;MSANCHE3;R1 ZONA 2
agosto de 2026;202609;7/8/2026;1;CAC 9 DE OCTUBRE;CICLO FMC DIA 11-10;GUAYAQUIL;917843427;Atendido;3/10/2019;917843427;0917843427;1;R2;1;RENUNCIAS;Hogar:Renuncia HFC GPON  varios conceptos;Internet;2214483501;GPON;OTROS CIERRES;SMEDINAD;R2 ZONA 3
agosto de 2026;202610;31/8/2026;1;CAC MALL DEL RIO;CICLO FMC DIA 26-25;CUENCA;988715695;Atendido;;988715695;0988715695;1;R2;1;RENUNCIAS;Movil: Renuncia servicio celular;INTERNET;;GPON;RENUNCIAS HOGAR;ILOORO;R2 ZONA 4
septiembre de 2026;202609;5/9/2026;1;CAC RIOCENTRO ENTRERIOS;CICLO FMC DIA 11-10;GUAYAQUIL;969504469;Atendido;;969504469;0969504469;1;R2;1;RENUNCIAS;Hogar:Renuncia HFC GPON  varios conceptos;INTERNET;;HFC;RENUNCIAS HOGAR;DPOVEDAM;R2 ZONA 3
julio de 2026;202608;12/7/2026;1;CAC RIOCENTRO CEIBOS;CICLO FMC DIA 11-10;GUAYAQUIL;901208645;Atendido;11/3/2025;901208645;0901208645;1;R2;1;SERVICIO AL CLIENTE;Hogar:Renuncia HFC GPON  varios conceptos;Television;1001058330;GPON;OTROS CIERRES;JMONSERC;R2 ZONA 1
julio de 2026;202608;21/7/2026;1;CAC PASEO PORTOVIEJO;CICLO FMC DIA 11-10;PORTOVIEJO;979906289;Atendido;;979906289;0979906289;1;R2;1;RENUNCIAS;Hogar:Renuncia HFC GPON  varios conceptos;TELEVISION;;HFC;RENUNCIAS HOGAR;TPINS;R2 ZONA 3
agosto de 2026;202609;26/8/2026;1;CAC PASEO VIA DAULE;CICLO FMC DIA 11-10;GUAYAQUIL;929451102;Atendido;31/5/2023;929451102;0929451102;1;R2;1;RENUNCIAS;Movil: Renuncia servicio celular;Internet;1000311840;GPON;RENUNCIAS HOGAR;EPINT;R2 ZONA 3
julio de 2026;202608;25/7/2026;1;CAC LOJA;CICLO FMC DIA 11-10;LOJA;981406434;Atendido;;1104191315;1104191315;1;R2;1;RENUNCIAS;Hogar:Entrega de equipo por cierre de servicio;INTERNET;;HFC;RENUNCIAS HOGAR;MSANCHES;R2 ZONA 1
julio de 2026;202608;8/7/2026;1;CAC QUEVEDO CENTRO;CICLO FMC DIA 11-10;QUEVEDO;988682484;Atendido;;988682484;0988682484;1;R2;1;RENUNCIAS;Movil:Actualización de datos dirección correo;INTERNET;;GPON;RENUNCIAS HOGAR;AIBARRAM;R2 ZONA 1
septiembre de 2026;202610;16/9/2026;1;CAC URDESA;CICLO FMC DIA 11-10;GUAYAQUIL;991567053;Atendido;;991567053;0991567053;1;R2;1;RENUNCIAS;Movil Pago: consumo masivo;TELEVISION;;HFC;RENUNCIAS HOGAR;ACEDENOP;R2 ZONA 2
septiembre de 2026;202610;14/9/2026;1;CAC RIOCENTRO ENTRERIOS;CICLO FMC DIA 11-10;GUAYAQUIL;992455080;Atendido;;992455080;0992455080;1;R2;1;RENUNCIAS;Movil: Renuncia servicio celular;TELEFONIA;;GPON;RENUNCIAS HOGAR;AAGUILES;R2 ZONA 3
agosto de 2026;202608;5/8/2026;1;CAC COCA;CICLO FMC DIA 11-10;COCA;985669470;Atendido;;985669470;0985669470;1;R1;1;RENUNCIAS;Hogar:Renuncia HFC GPON  varios conceptos;INTERNET;;HFC;OTROS CIERRES;JSANTILA;R1 ZONA 3
septiembre de 2026;202610;23/9/2026;1;CAC LAGUNA MALL;CICLO FMC DIA 11-10;IBARRA;996772795;Atendido;;;0996772795;1;R1;1;RENUNCIAS;Hogar:Renuncia HFC GPON  varios conceptos;INTERNET;;GPON;RENUNCIAS HOGAR;MCISNERA;R1 ZONA 3
julio de 2026;202608;21/7/2026;1;CAC MALL DEL SOL;CICLO FMC DIA 8-7;GUAYAQUIL;939663914;Atendido;6/9/2024;;0952468494;1;R2;1;RENUNCIAS;Hogar:Renuncia derivada del Kiosko;Telefonia;45160975;GPON;RENUNCIAS HOGAR;NTGECARM;R2 ZONA 4
agosto de 2026;202610;28/8/2026;1;CAC CONDADO;CICLO FMC DIA 26-25;QUITO;998566366;Atendido;;;0998566366;1;R1;1;RENUNCIAS;Hogar:Renuncia HFC GPON  varios conceptos;TELEFONIA;;HFC;OTROS CIERRES;CMINANGJ;R1 ZONA 1
agosto de 2026;202610;28/8/2026;1;CAC PASEO LA LIBERTAD;CICLO FMC DIA 24-23;LA LIBERTAD;981601340;Atendido;9/11/2024;981601340;0914506597;1;R2;1;RENUNCIAS;Hogar:Renuncia HFC GPON  varios conceptos;Telefonia;45135155;GPON;RENUNCIAS HOGAR;SINFANTB;R2 ZONA 2
julio de 2026;202608;13/7/2026;1;CAC EL BOSQUE;CICLO FMC DIA 11-10;QUITO;995584788;Atendido;;;0995584788;1;R1;1;RENUNCIAS;Movil Pago: consumo masivo;TELEVISION;;GPON;RENUNCIAS HOGAR;DOCHOAR;R1 ZONA 2
agosto de 2026;202609;28/8/2026;1;CAC DAULE;CICLO FMC DIA 19-18;DAULE;981620568;Atendido;10/11/2025;981620568;0920537230;1;R2;1;RENUNCIAS;Hogar:Renuncia HFC GPON  varios conceptos;Telefonia;45206444;GPON;RENUNCIAS HOGAR;AMOREIRA;R2 ZONA 4
julio de 2026;202608;10/7/2026;1;CAC MALL DEL ALTO;CICLO FMC DIA 26-25;CUENCA;968587328;Atendido;;;0968587328;1;R2;1;RENUNCIAS;Movil: Renuncia servicio celular;INTERNET;;GPON;RENUNCIAS HOGAR;CRIOFRIB;R2 ZONA 4
septiembre de 2026;202610;14/9/2026;1;CAC COCA;CICLO FMC DIA 26-25;COCA;994687763;Atendido;;994687763;0994687763;1;R1;1;RENUNCIAS;Hogar:Renuncia HFC GPON  varios conceptos;INTERNET;;HFC;OTROS CIERRES;VZAMBRAM;R1 ZONA 3
julio de 2026;202608;9/7/2026;1;CAC LAGUNA MALL;CICLO FMC DIA 11-10;IBARRA;997616999;Atendido;;997616999;0997616999;1;R1;1;RENUNCIAS;Hogar Pago: consumo masivo;TELEFONIA;;HFC;RENUNCIAS HOGAR;ORIASCOC;R1 ZONA 3
septiembre de 2026;202610;21/9/2026;1;CAC EL BOSQUE;CICLO FMC DIA 11-10;QUITO;999654067;Atendido;;;0999654067;1;R1;1;RENUNCIAS;Movil: Cambio de CFP;TELEFONIA;;HFC;RENUNCIAS HOGAR;PPINOL;R1 ZONA 2
agosto de 2026;202609;31/8/2026;1;CAC AMBATO;CICLO FMC DIA 11-10;AMBATO;969594532;Atendido;8/10/2024;605287101;0605287101;1;R1;1;SERVICIO AL CLIENTE;Hogar:Renuncia HFC GPON  varios conceptos;Internet;1000846925;GPON;OTROS CIERRES;JCASTROR;R1 ZONA 2
agosto de 2026;202609;15/8/2026;1;CAC RIOCENTRO ENTRERIOS;CICLO FMC DIA 26-25;GUAYAQUIL;908894249;Atendido;22/4/2022;;0908894249;1;R2;1;RENUNCIAS;Hogar:Renuncia HFC GPON  varios conceptos;Telefonia;45129516;GPON;RENUNCIAS HOGAR;HPENAFIO;R2 ZONA 3
agosto de 2026;202609;31/8/2026;1;CAC EL PORTAL;CICLO FMC DIA 11-10;QUITO;995682818;Atendido;;;0995682818;1;R1;1;RENUNCIAS;Hogar:Renuncia HFC GPON  varios conceptos;TELEFONIA;;HFC;OTROS CIERRES;NGONZALC;R1 ZONA 1
septiembre de 2026;202610;20/9/2026;1;CAC EL BOSQUE;CICLO FMC DIA 26-25;QUITO;984099171;Atendido;;984099171;0984099171;1;R1;1;RENUNCIAS;Movil Pago: consumo masivo;INTERNET;;HFC;RENUNCIAS HOGAR;DOCHOAR;R1 ZONA 2
julio de 2026;202607;1/7/2026;1;CAC PASEO PORTOVIEJO;CICLO FMC DIA 24-23;PORTOVIEJO;1303453912;Atendido;31/1/2026;1303453912;1303453912;1;R2;1;RENUNCIAS;Hogar:Renuncia HFC GPON  varios conceptos;Internet;1001515141;GPON;RENUNCIAS HOGAR;LPALACIA;R2 ZONA 3
julio de 2026;202608;24/7/2026;1;CAC PASEO PLAYAS;CICLO FMC DIA 11-10;PLAYAS;1300485727;Atendido;31/10/2022;1300485727;1300485727;1;R2;1;RENUNCIAS;Movil Pago: consumo masivo;Internet;2218790293;GPON;RENUNCIAS HOGAR;JCEVALLU;R2 ZONA 2
septiembre de 2026;202610;12/9/2026;1;CAC MALL DEL RIO;CICLO FMC DIA 26-25;CUENCA;993519918;Atendido;;993519918;0993519918;1;R2;1;RENUNCIAS;Movil: Renuncia servicio celular;INTERNET;;HFC;RENUNCIAS HOGAR;ATORRESC;R2 ZONA 4
julio de 2026;202607;5/7/2026;1;CAC PASEO PORTOVIEJO;CICLO FMC DIA 11-10;PORTOVIEJO;1310685175;Atendido;;1310685175;1310685175;1;R2;1;SERVICIO AL CLIENTE;Hogar:Renuncia HFC GPON  varios conceptos;INTERNET;;GPON;OTROS CIERRES;MRENGIFP;R2 ZONA 3
agosto de 2026;202609;10/8/2026;1;CAC MALL DEL ALTO;CICLO FMC DIA 26-25;CUENCA;989822965;Atendido;;989822965;0989822965;1;R2;1;RENUNCIAS;Movil: Renuncia servicio celular;INTERNET;;HFC;RENUNCIAS HOGAR;CROGELG;R2 ZONA 4
septiembre de 2026;202610;26/9/2026;1;CAC RIOCENTRO SUR;CICLO FMC DIA 11-10;GUAYAQUIL;969319181;Atendido;;969319181;0969319181;1;R2;1;RENUNCIAS;Hogar:Renuncia HFC GPON  varios conceptos;INTERNET;;GPON;RENUNCIAS HOGAR;VDELAPAC;R2 ZONA 4
julio de 2026;202608;14/7/2026;1;CAC LOJA;CICLO FMC DIA 17-16;LOJA;988587060;Atendido;10/7/2026;1104715329;1104715329;1;R2;1;RENUNCIAS;Hogar:Cliente sin servicio en producto hogar;Telefonia;75023032;GPON;RENUNCIAS HOGAR;MCASTILJ;R2 ZONA 1
septiembre de 2026;202610;17/9/2026;1;CAC QUEVEDO CENTRO;CICLO FMC DIA 11-10;QUEVEDO;1204111031;Atendido;6/6/2022;1204111031;1204111031;1;R2;1;RENUNCIAS;Movil:Consulta SVA SMS PREMIUN/Claro Video/Musica;Internet;2218673801;GPON;RENUNCIAS HOGAR;VCAMPUZL;R2 ZONA 1
septiembre de 2026;202610;10/9/2026;1;CAC AZOGUES;CICLO FMC DIA 11-10;AZOGUES;91703754463;Atendido;30/4/2022;1703754463;1703754463;1;R2;1;RENUNCIAS;Hogar:Renuncia HFC GPON  varios conceptos;Internet;2218579735;GPON;RENUNCIAS HOGAR;JARIASG;R2 ZONA 4
septiembre de 2026;202610;7/9/2026;1;CAC PASEO RIOBAMBA;CICLO FMC DIA 26-25;RIOBAMBA;999007183;Atendido;;;0999007183;1;R1;1;SERVICIO AL CLIENTE;Hogar:Renuncia HFC GPON  varios conceptos;TELEFONIA;;HFC;OTROS CIERRES;VROBALIB;R1 ZONA 2
septiembre de 2026;202610;9/9/2026;1;CAC SCALA;CICLO FMC DIA 11-10;QUITO;994857600;Atendido;;994857600;0994857600;1;R1;1;RENUNCIAS;Hogar:Renuncia HFC GPON  varios conceptos;INTERNET;;HFC;RENUNCIAS HOGAR;PPULUPA2;R1 ZONA 1
septiembre de 2026;202610;7/9/2026;1;CAC EL BOSQUE;CICLO FMC DIA 26-25;QUITO;998551734;Atendido;;;0998551734;1;R1;1;RENUNCIAS;Hogar:Renuncia HFC GPON  varios conceptos;TELEFONIA;;GPON;RENUNCIAS HOGAR;CHERRERC;R1 ZONA 2
julio de 2026;202608;6/7/2026;1;CAC PASEO PLAYAS;CICLO FMC DIA 26-25;PLAYAS;901241786;Atendido;;901241786;0901241786;1;R2;1;RENUNCIAS;Movil: Renuncia servicio celular;INTERNET;;HFC;RENUNCIAS HOGAR;DMOYAP;R2 ZONA 2
julio de 2026;202607;7/7/2026;1;CAC MALL DEL RIO;CICLO FMC DIA 13-12;CUENCA;103431979;Atendido;12/11/2024;103431979;0103431979;1;R2;1;SERVICIO AL CLIENTE;Hogar:Renuncia HFC GPON  varios conceptos;Telefonia;75009244;GPON;OTROS CIERRES;ATORRESC;R2 ZONA 4
septiembre de 2026;202610;15/9/2026;1;CAC LAGUNA MALL;CICLO FMC DIA 15-14;IBARRA;997351454;Atendido;13/4/2026;;0801178773;1;R1;1;RENUNCIAS;Hogar:Renuncia derivada del Kiosko;Telefonia;65009677;GPON;RENUNCIAS HOGAR;KTERANC;R1 ZONA 3
agosto de 2026;202609;6/8/2026;1;CAC PASEO PLAYAS;CICLO FMC DIA 11-10;PLAYAS;967290721;Atendido;;967290721;0967290721;1;R2;1;RENUNCIAS;Movil: Renuncia servicio celular;TELEVISION;;HFC;RENUNCIAS HOGAR;ORIOFRIR;R2 ZONA 2
agosto de 2026;202609;14/8/2026;1;CAC COCA;CICLO FMC DIA 11-10;COCA;997891689;Atendido;;997891689;0997891689;1;R1;1;RENUNCIAS;Hogar:Renuncia HFC GPON  varios conceptos;INTERNET;;HFC;OTROS CIERRES;ARUIZI;R1 ZONA 3
julio de 2026;202607;1/7/2026;1;CAC MALL DEL SOL;CICLO FMC DIA 11-10;GUAYAQUIL;993090127;Atendido;;993090127;0993090127;1;R2;1;SERVICIO AL CLIENTE;Hogar:Renuncia HFC GPON  varios conceptos;INTERNET;;GPON;OTROS CIERRES;AAYALAT;R2 ZONA 4
julio de 2026;202608;16/7/2026;1;CAC COCA;CICLO FMC DIA 11-10;COCA;994996388;Atendido;;994996388;0994996388;1;R1;1;RENUNCIAS;Hogar:Renuncia HFC GPON  varios conceptos;TELEFONIA;;HFC;OTROS CIERRES;JSANTILA;R1 ZONA 3
septiembre de 2026;202610;26/9/2026;1;CAC CONDADO;CICLO FMC DIA 11-10;QUITO;998808838;Atendido;;998808838;0998808838;1;R1;1;SERVICIO AL CLIENTE;Hogar:Renuncia HFC GPON  varios conceptos;INTERNET;;GPON;OTROS CIERRES;CMINANGJ;R1 ZONA 1
agosto de 2026;202609;2/8/2026;1;CAC DAULE;CICLO FMC DIA 26-25;DAULE;999540014;Atendido;;999540014;0999540014;1;R2;1;RENUNCIAS;Movil: Información de productos.;INTERNET;;HFC;RENUNCIAS HOGAR;KBONILLD;R2 ZONA 4
agosto de 2026;202609;7/8/2026;1;CAC MALL DEL PACIFICO;CICLO FMC DIA 26-25;MANTA;999693460;Atendido;24/1/2025;999693460;1309473211;1;R2;1;SERVICIO AL CLIENTE;Hogar:Renuncia HFC GPON  varios conceptos;Telefonia;55020179;GPON;OTROS CIERRES;FSANCHEO;R2 ZONA 1
septiembre de 2026;202610;25/9/2026;1;CAC LAGUNA MALL;CICLO FMC DIA 6-5;IBARRA;979803999;Atendido;31/3/2025;;1004590244;1;R1;1;RENUNCIAS;Hogar:Renuncia HFC GPON  varios conceptos;Internet;1001093702;GPON;RENUNCIAS HOGAR;MCISNERA;R1 ZONA 3
agosto de 2026;202609;30/8/2026;1;CAC CONDADO;CICLO FMC DIA 11-10;QUITO;963751963;Atendido;;;0963751963;1;R1;1;SERVICIO AL CLIENTE;Hogar:Renuncia HFC GPON  varios conceptos;INTERNET;;GPON;OTROS CIERRES;LMOSQUEL;R1 ZONA 1
septiembre de 2026;202610;13/9/2026;1;CAC PASEO PLAYAS;CICLO FMC DIA 6-5;PLAYAS;991422448;Atendido;29/8/2026;991422448;2400462962;1;R2;1;RENUNCIAS;Movil: Renuncia servicio celular;Internet;1001779544;GPON;RENUNCIAS HOGAR;ORIOFRIR;R2 ZONA 2
julio de 2026;202608;21/7/2026;1;CAC COCA;CICLO FMC DIA 11-10;COCA;981460747;Atendido;;981460747;0981460747;1;R1;1;RENUNCIAS;Hogar:Renuncia HFC GPON  varios conceptos;TELEVISION;;HFC;OTROS CIERRES;VZAMBRAM;R1 ZONA 3
agosto de 2026;202610;28/8/2026;1;CAC EL BOSQUE;CICLO FMC DIA 26-25;QUITO;987028707;Atendido;;;0987028707;1;R1;1;RENUNCIAS;Hogar:Renuncia HFC GPON  varios conceptos;INTERNET;;HFC;OTROS CIERRES;CHERRERC;R1 ZONA 2
julio de 2026;202608;15/7/2026;1;CAC PASEO RIOBAMBA;CICLO FMC DIA 26-25;RIOBAMBA;987477588;Atendido;;;0987477588;1;R1;1;SERVICIO AL CLIENTE;Hogar:Renuncia HFC GPON  varios conceptos;TELEVISION;;HFC;OTROS CIERRES;VROBALIB;R1 ZONA 2
julio de 2026;202608;6/7/2026;1;CAC RIOCENTRO ENTRERIOS;CICLO FMC DIA 11-10;GUAYAQUIL;984096899;Atendido;28/7/2021;984096899;1720447661;1;R2;1;RENUNCIAS;Hogar:Renuncia HFC GPON  varios conceptos;Internet;2217326263;HFC;OTROS CIERRES;DPOVEDAM;R2 ZONA 3
agosto de 2026;202609;24/8/2026;1;CAC COCA;CICLO FMC DIA 11-10;COCA;981908470;Atendido;;981908470;0981908470;1;R1;1;RENUNCIAS;Hogar:Renuncia HFC GPON  varios conceptos;INTERNET;;GPON;OTROS CIERRES;JSANTILA;R1 ZONA 3
agosto de 2026;202609;17/8/2026;1;CAC SCALA;CICLO FMC DIA 26-25;QUITO;999136826;Atendido;;999136826;0999136826;1;R1;1;RENUNCIAS;Hogar:Renuncia HFC GPON  varios conceptos;TELEVISION;;HFC;OTROS CIERRES;GALBARRR;R1 ZONA 1
septiembre de 2026;202611;24/9/2026;1;CAC QUEVEDO CENTRO;CICLO FMC DIA 26-25;QUEVEDO;1725801185;Atendido;25/6/2025;1725801185;1725801185;1;R2;1;RENUNCIAS;Movil:Consulta SVA SMS PREMIUN/Claro Video/Musica;Internet;1001229515;GPON;RENUNCIAS HOGAR;VCAMPUZL;R2 ZONA 1
agosto de 2026;202609;1/8/2026;1;CAC EL DORADO;CICLO FMC DIA 26-25;GUAYAQUIL;992021967;Atendido;16/3/2021;992021967;0910339886;1;R2;1;RENUNCIAS;Hogar:Renuncia HFC GPON  varios conceptos;Internet;2216650135;HFC;RENUNCIAS HOGAR;AZAMBRA;R2 ZONA 3
septiembre de 2026;202610;14/9/2026;1;CAC IBARRA;CICLO FMC DIA 11-10;IBARRA;997965517;Atendido;;997965517;0997965517;1;R1;1;SERVICIO AL CLIENTE;Hogar:Renuncia HFC GPON  varios conceptos;INTERNET;;HFC;OTROS CIERRES;AMARQUES;R1 ZONA 3
agosto de 2026;202609;28/8/2026;1;CAC PASEO DURAN;CICLO FMC DIA 11-10;GUAYAQUIL;943463133;Atendido;;943463133;0943463133;1;R2;1;RENUNCIAS; Información de productos;TELEFONIA;;HFC;RENUNCIAS HOGAR;MGUERRET;R2 ZONA 4
julio de 2026;202607;2/7/2026;1;CAC MALL DEL SUR;CICLO FMC DIA 11-10;GUAYAQUIL;983655490;Atendido;31/1/2023;983655490;0900542572;1;R2;1;SERVICIO AL CLIENTE;Hogar:Renuncia HFC GPON  varios conceptos;Internet;1000198969;GPON;OTROS CIERRES;SAVILESR;R2 ZONA 2
julio de 2026;202608;6/7/2026;1;CAC EL PORTAL;CICLO FMC DIA 26-25;QUITO;991502050;Atendido;;991502050;0991502050;1;R1;1;RENUNCIAS;Hogar:Renuncia HFC GPON  varios conceptos;INTERNET;;GPON;OTROS CIERRES;DPROANOP;R1 ZONA 1
julio de 2026;202608;15/7/2026;1;CAC EL PORTAL;CICLO FMC DIA 11-10;QUITO;1701086686;Atendido;9/7/2022;;1701086686;1;R1;1;SERVICIO AL CLIENTE;Hogar:Renuncia HFC GPON  varios conceptos;Internet;2218746909;GPON;OTROS CIERRES;DPROANOP;R1 ZONA 1
agosto de 2026;202609;3/8/2026;1;CAC SCALA;CICLO FMC DIA 26-25;QUITO;983898447;Atendido;;983898447;0983898447;1;R1;1;RENUNCIAS;Hogar:Renuncia HFC GPON  varios conceptos;INTERNET;;GPON;OTROS CIERRES;GALBARRR;R1 ZONA 1
agosto de 2026;202609;20/8/2026;1;CAC QUEVEDO CENTRO;CICLO FMC DIA 26-25;QUEVEDO;1207043454;Atendido;;1207043454;1207043454;1;R2;1;RENUNCIAS;Movil Pago: consumo masivo;TELEVISION;;HFC;RENUNCIAS HOGAR;MGALVEZC;R2 ZONA 1
julio de 2026;202608;8/7/2026;1;CAC TENA;CICLO FMC DIA 26-25;TENA;993015950;Atendido;;993015950;0993015950;1;R1;1;RENUNCIAS;Movil: Renuncia servicio celular;INTERNET;;HFC;RENUNCIAS HOGAR;SCHANGUA;R1 ZONA 1
septiembre de 2026;202610;3/9/2026;1;CAC LAGUNA MALL;CICLO FMC DIA 8-7;IBARRA;979791396;Atendido;5/9/2023;979791396;1002655908;1;R1;1;RENUNCIAS; Información de productos;Television;1000403040;GPON;RENUNCIAS HOGAR;KTERANC;R1 ZONA 3
agosto de 2026;202609;14/8/2026;1;CAC DAULE;CICLO FMC DIA 26-25;DAULE;926087487;Atendido;24/6/2026;926087487;0926087487;1;R2;1;RENUNCIAS;Movil Reposición de sim;Telefonia;45204631;GPON;RENUNCIAS HOGAR;LCAICEDN;R2 ZONA 4
septiembre de 2026;202610;15/9/2026;1;CAC MALL DEL SUR;CICLO FMC DIA 11-10;GUAYAQUIL;939541627;Atendido;;;0939541627;1;R2;1;RENUNCIAS;Hogar:Renuncia HFC GPON  varios conceptos;INTERNET;;GPON;OTROS CIERRES;SAVILESR;R2 ZONA 2
septiembre de 2026;202610;18/9/2026;1;CAC MALL DEL ALTO;CICLO FMC DIA 26-25;CUENCA;907431512;Atendido;;;0907431512;1;R2;1;RENUNCIAS;Movil: Renuncia servicio celular;TELEVISION;;HFC;RENUNCIAS HOGAR;CROGELG;R2 ZONA 4
agosto de 2026;202609;12/8/2026;1;CAC AZOGUES;CICLO FMC DIA 17-16;AZOGUES;302712955;Atendido;9/12/2024;302712955;0302712955;1;R2;1;RENUNCIAS;Hogar:Renuncia HFC GPON  varios conceptos;Internet;1000932976;GPON;OTROS CIERRES;MSARMIEP;R2 ZONA 4
julio de 2026;202607;8/7/2026;1;CAC LOJA;CICLO FMC DIA 24-23;LOJA;997304499;Atendido;23/4/2026;997304499;0702874439;1;R2;1;RENUNCIAS;Hogar:Cambio de equipo y/o control remoto;Internet;1001618585;GPON;RENUNCIAS HOGAR;DVERGARR;R2 ZONA 1
agosto de 2026;202609;28/8/2026;1;CAC PASEO SANTO DOMINGO;CICLO FMC DIA 11-10;SANTO DOMINGO;987311523;Atendido;;;0987311523;1;R1;1;SERVICIO AL CLIENTE;Hogar:Renuncia HFC GPON  varios conceptos;TELEFONIA;;HFC;OTROS CIERRES;SCABRERJ;R1 ZONA 1
julio de 2026;202608;24/7/2026;1;CAC PASEO VIA DAULE;CICLO FMC DIA 11-10;GUAYAQUIL;1704141041;Atendido;9/2/2024;1704141041;1704141041;1;R2;1;RENUNCIAS;Movil/Hogar: Consulta Saldos;Telefonia;45155530;GPON;RENUNCIAS HOGAR;RGUERREG;R2 ZONA 3
agosto de 2026;202609;17/8/2026;1;CAC EL PORTAL;CICLO FMC DIA 15-14;QUITO;985770663;Atendido;12/7/2023;985770663;0503568941;1;R1;1;RENUNCIAS;Hogar:Renuncia HFC GPON  varios conceptos;Television;1000348968;GPON;OTROS CIERRES;NGONZALC;R1 ZONA 1
septiembre de 2026;202610;4/9/2026;1;CAC URDESA;CICLO FMC DIA 4-3;GUAYAQUIL;906361563;Atendido;2/12/2025;906361563;0906361563;1;R2;1;SERVICIO AL CLIENTE;Hogar:Renuncia HFC GPON  varios conceptos;Internet;1001451768;GPON;OTROS CIERRES;LACOSTAL;R2 ZONA 2
julio de 2026;202608;3/7/2026;1;CAC PASEO RIOBAMBA;CICLO FMC DIA 26-25;RIOBAMBA;987073864;Atendido;;987073864;0987073864;1;R1;1;SERVICIO AL CLIENTE;Hogar:Renuncia HFC GPON  varios conceptos;TELEFONIA;;HFC;OTROS CIERRES;FORTIZM;R1 ZONA 2
septiembre de 2026;202610;8/9/2026;1;CAC COCA;CICLO FMC DIA 11-10;COCA;969890247;Atendido;;969890247;0969890247;1;R1;1;RENUNCIAS;Hogar:Renuncia HFC GPON  varios conceptos;INTERNET;;GPON;OTROS CIERRES;VZAMBRAM;R1 ZONA 3
septiembre de 2026;202610;16/9/2026;1;CAC SCALA;CICLO FMC DIA 26-25;QUITO;981383151;Atendido;;;0981383151;1;R1;1;SERVICIO AL CLIENTE;Hogar:Renuncia HFC GPON  varios conceptos;TELEFONIA;;GPON;OTROS CIERRES;AAIZAGAR;R1 ZONA 1
agosto de 2026;202609;22/8/2026;1;CAC SAN MARINO;CICLO FMC DIA 11-10;GUAYAQUIL;939847388;Atendido;;;0939847388;1;R2;1;RENUNCIAS;Renuncia servicio corporativo;TELEFONIA;;GPON;RENUNCIAS HOGAR;MMOREIRU;R2 ZONA 3
septiembre de 2026;202610;11/9/2026;1;CAC EL PORTAL;CICLO FMC DIA 26-25;QUITO;979048803;Atendido;;;0979048803;1;R1;1;RENUNCIAS;Hogar:Renuncia derivada del Kiosko;INTERNET;;HFC;RENUNCIAS HOGAR;OTERANM;R1 ZONA 1
julio de 2026;202608;15/7/2026;1;CAC COCA;CICLO FMC DIA 11-10;COCA;981073516;Atendido;;981073516;0981073516;1;R1;1;RENUNCIAS;Hogar:Renuncia HFC GPON  varios conceptos;INTERNET;;HFC;OTROS CIERRES;ARUIZI;R1 ZONA 3
julio de 2026;202608;14/7/2026;1;CAC COCA;CICLO FMC DIA 26-25;COCA;985850449;Atendido;;985850449;0985850449;1;R1;1;RENUNCIAS;Hogar:Renuncia HFC GPON  varios conceptos;INTERNET;;HFC;OTROS CIERRES;JSANTILA;R1 ZONA 3
agosto de 2026;202610;24/8/2026;1;CAC COCA;CICLO FMC DIA 26-25;COCA;980270361;Atendido;;980270361;0980270361;1;R1;1;RENUNCIAS;Hogar:Renuncia HFC GPON  varios conceptos;INTERNET;;GPON;OTROS CIERRES;JSANTILA;R1 ZONA 3
agosto de 2026;202609;5/8/2026;1;CAC LOJA;CICLO FMC DIA 2-1;LOJA;994894472;Atendido;29/5/2024;1103221790;1103221790;1;R2;1;RENUNCIAS;Hogar Pago: consumo masivo;Telefonia;75005028;GPON;RENUNCIAS HOGAR;MSANCHES;R2 ZONA 1
julio de 2026;202608;17/7/2026;1;CAC COCA;CICLO FMC DIA 26-25;COCA;967607944;Atendido;;967607944;0967607944;1;R1;1;RENUNCIAS;Hogar:Renuncia HFC GPON  varios conceptos;TELEFONIA;;HFC;OTROS CIERRES;VZAMBRAM;R1 ZONA 3
julio de 2026;202608;15/7/2026;1;CAC EL DORADO;CICLO FMC DIA 26-25;GUAYAQUIL;996766233;Atendido;;;0996766233;1;R2;1;RENUNCIAS;Hogar:Renuncia HFC GPON  varios conceptos;TELEFONIA;;HFC;RENUNCIAS HOGAR;KCALEROV;R2 ZONA 3
septiembre de 2026;202610;9/9/2026;1;CAC EL BOSQUE;CICLO FMC DIA 11-10;QUITO;998630333;Atendido;;1705899324;1705899324;1;R1;1;RENUNCIAS;Movil Reposición de sim;INTERNET;;HFC;RENUNCIAS HOGAR;CGARCIAP;R1 ZONA 2
julio de 2026;202607;6/7/2026;1;CAC POLICENTRO;CICLO FMC DIA 19-18;GUAYAQUIL;919445346;Atendido;18/11/2024;919445346;0919445346;1;R2;1;RENUNCIAS;Movil:Actualización de datos dirección correo;Internet;1000900660;GPON;RENUNCIAS HOGAR;DARMENDP;R2 ZONA 2
agosto de 2026;202609;3/8/2026;1;CAC RIOCENTRO SUR;CICLO FMC DIA 26-25;GUAYAQUIL;975557742;Atendido;;;0975557742;1;R2;1;RENUNCIAS;Movil: Renuncia servicio celular;INTERNET;;HFC;RENUNCIAS HOGAR;SSANTANR;R2 ZONA 4
septiembre de 2026;202610;2/9/2026;1;CAC EL PORTAL;CICLO FMC DIA 26-25;QUITO;998781627;Atendido;;;0998781627;1;R1;1;RENUNCIAS;Hogar:Renuncia HFC GPON  varios conceptos;INTERNET;;GPON;RENUNCIAS HOGAR;NGONZALC;R1 ZONA 1
julio de 2026;202608;9/7/2026;1;CAC 9 DE OCTUBRE;CICLO FMC DIA 26-25;GUAYAQUIL;1302224645;Atendido;18/5/2024;1302224645;1302224645;1;R2;1;SERVICIO AL CLIENTE;Hogar:Renuncia HFC GPON  varios conceptos;Telefonia;45192929;HFC;OTROS CIERRES;SMEDINAD;R2 ZONA 3
agosto de 2026;202609;24/8/2026;1;CAC CENTRUM;CICLO FMC DIA 4-3;GUAYAQUIL;953221710;Atendido;3/5/2025;953221710;0953221710;1;R2;1;SERVICIO AL CLIENTE;Reclamo Facturacion;Internet;1001146018;GPON;FMC;JCEVALLP;R2 ZONA 1
julio de 2026;202608;2/7/2026;1;CAC PASEO BABAHOYO;CICLO FMC DIA 26-25;BABAHOYO;959736395;Atendido;3/4/2025;959736395;1205902297;1;R2;1;RENUNCIAS;Movil:Actualización de datos dirección correo;Television;1001098033;GPON;RENUNCIAS HOGAR;IGARCIAZ;R2 ZONA 3
septiembre de 2026;202610;17/9/2026;1;CAC COCA;CICLO FMC DIA 11-10;COCA;991818366;Atendido;;991818366;0991818366;1;R1;1;RENUNCIAS;Hogar:Renuncia HFC GPON  varios conceptos;INTERNET;;HFC;OTROS CIERRES;VZAMBRAM;R1 ZONA 3
agosto de 2026;202609;20/8/2026;1;CAC PASEO PLAYAS;CICLO FMC DIA 11-10;PLAYAS;983522462;Atendido;;983522462;0983522462;1;R2;1;RENUNCIAS;Movil: Renuncia servicio celular;TELEFONIA;;GPON;RENUNCIAS HOGAR;DMOYAP;R2 ZONA 2
agosto de 2026;202609;11/8/2026;1;CAC PASEO VIA DAULE;CICLO FMC DIA 2-1;GUAYAQUIL;908136948;Atendido;27/7/2023;908136948;0908136948;1;R2;1;RENUNCIAS;Reclamo Facturacion;Internet;1000366362;GPON;RENUNCIAS HOGAR;mzavalac;R2 ZONA 3
agosto de 2026;202609;15/8/2026;1;CAC SCALA;CICLO FMC DIA 26-25;QUITO;993149669;Atendido;;993149669;0993149669;1;R1;1;RENUNCIAS;Hogar:Renuncia HFC GPON  varios conceptos;TELEFONIA;;GPON;OTROS CIERRES;GALBARRR;R1 ZONA 1
julio de 2026;202609;30/7/2026;1;CAC CONDADO;CICLO FMC DIA 26-25;QUITO;963017664;Atendido;;;0963017664;1;R1;1;SERVICIO AL CLIENTE;Hogar:Renuncia HFC GPON  varios conceptos;TELEFONIA;;GPON;OTROS CIERRES;MSALASP;R1 ZONA 1
septiembre de 2026;202610;22/9/2026;1;CAC PASEO RIOBAMBA;CICLO FMC DIA 11-10;RIOBAMBA;969334924;Atendido;;969334924;0969334924;1;R1;1;RENUNCIAS;Movil: Renuncia derivada del Kiosko;INTERNET;;GPON;RENUNCIAS HOGAR;MOROZCOM;R1 ZONA 2
julio de 2026;202608;14/7/2026;1;CAC GALAPAGOS;CICLO FMC DIA 26-25;GALAPAGOS;963351221;Atendido;;;0963351221;1;R2;1;SERVICIO AL CLIENTE;Hogar:Renuncia HFC GPON  varios conceptos;INTERNET;;GPON;OTROS CIERRES;CGUTIERR;R2 ZONA 4
agosto de 2026;202610;24/8/2026;1;CAC LAGO AGRIO;CICLO FMC DIA 24-23;LAGO AGRIO;994970452;Atendido;25/4/2025;994970452;1101839288;1;R1;1;SERVICIO AL CLIENTE;Hogar:Renuncia HFC GPON  varios conceptos;Telefonia;25105234;GPON;OTROS CIERRES;DMARINT;R1 ZONA 3
septiembre de 2026;202611;27/9/2026;1;CAC RIOCENTRO ENTRERIOS;CICLO FMC DIA 26-25;GUAYAQUIL;996256110;Atendido;;;0996256110;1;R2;1;RENUNCIAS;Movil: Renuncia servicio celular;INTERNET;;HFC;RENUNCIAS HOGAR;DBRICENM;R2 ZONA 3
septiembre de 2026;202610;19/9/2026;1;CAC CONDADO;CICLO FMC DIA 26-25;QUITO;990055633;Atendido;;990055633;0990055633;1;R1;1;RENUNCIAS;Hogar:Renuncia HFC GPON  varios conceptos;INTERNET;;GPON;RENUNCIAS HOGAR;CMINANGJ;R1 ZONA 1
septiembre de 2026;202611;25/9/2026;1;CAC TENA;CICLO FMC DIA 26-25;TENA;968623672;Atendido;24/1/2026;968623672;1803165925;1;R1;1;RENUNCIAS;Movil Pago: consumo masivo;Telefonia;35020523;GPON;RENUNCIAS HOGAR;eortizm;R1 ZONA 1
septiembre de 2026;202609;2/9/2026;1;CAC PASEO PLAYAS;CICLO FMC DIA 11-10;PLAYAS;968834777;Atendido;;;0968834777;1;R2;1;RENUNCIAS;Movil: Renuncia servicio celular;INTERNET;;HFC;RENUNCIAS HOGAR;JMOREIRM;R2 ZONA 2
julio de 2026;202609;29/7/2026;1;CAC COCA;CICLO FMC DIA 26-25;COCA;980331877;Atendido;;980331877;0980331877;1;R1;1;RENUNCIAS;Hogar:Renuncia HFC GPON  varios conceptos;INTERNET;;HFC;OTROS CIERRES;JSANTILA;R1 ZONA 3
julio de 2026;202608;20/7/2026;1;CAC PASEO RIOBAMBA;CICLO FMC DIA 8-7;RIOBAMBA;997777477;Atendido;14/5/2024;997777477;0602782211;1;R1;1;SERVICIO AL CLIENTE;Hogar:Renuncia HFC GPON  varios conceptos;Telefonia;35006478;GPON;OTROS CIERRES;FORTIZM;R1 ZONA 2
septiembre de 2026;202611;23/9/2026;1;CAC COCA;CICLO FMC DIA 26-25;COCA;980668324;Atendido;;980668324;0980668324;1;R1;1;RENUNCIAS;Hogar:Renuncia HFC GPON  varios conceptos;INTERNET;;HFC;OTROS CIERRES;JSANTILA;R1 ZONA 3
septiembre de 2026;202610;28/9/2026;1;CAC CONDADO;CICLO FMC DIA 21-20;QUITO;961196058;Atendido;27/9/2025;961196058;1720878394;1;R1;1;RENUNCIAS;Hogar:Renuncia HFC GPON  varios conceptos;Telefonia;25229944;GPON;OTROS CIERRES;CMINANGJ;R1 ZONA 1
septiembre de 2026;202610;18/9/2026;1;CAC MALL DEL NORTE;CICLO FMC DIA 21-20;GUAYAQUIL;967967474;Atendido;20/4/2026;967967474;0951776384;1;R2;1;RENUNCIAS;Hogar:Renuncia HFC GPON  varios conceptos;Telefonia;45019717;GPON;RENUNCIAS HOGAR;YINTRIAL;R2 ZONA 2
julio de 2026;202607;1/7/2026;1;CAC MALL DEL RIO;CICLO FMC DIA 17-16;CUENCA;106759855;Atendido;15/2/2025;106759855;0106759855;1;R2;1;RENUNCIAS;Movil Pago: consumo masivo;Telefonia;75010343;GPON;RENUNCIAS HOGAR;LFAREZF;R2 ZONA 4
septiembre de 2026;202610;15/9/2026;1;CAC MALL DEL ALTO;CICLO FMC DIA 26-25;CUENCA;990417697;Atendido;15/4/2024;;0950223503;1;R2;1;RENUNCIAS;Hogar:Renuncia HFC GPON  varios conceptos;Telefonia;45062930;GPON;RENUNCIAS HOGAR;KBARRERD;R2 ZONA 4
agosto de 2026;202609;3/8/2026;1;CAC COCA;CICLO FMC DIA 26-25;COCA;989442102;Atendido;;989442102;0989442102;1;R1;1;RENUNCIAS;Hogar:Renuncia HFC GPON  varios conceptos;TELEFONIA;;GPON;OTROS CIERRES;VZAMBRAM;R1 ZONA 3
julio de 2026;202608;16/7/2026;1;CAC LAGUNA MALL;CICLO FMC DIA 26-25;IBARRA;985697182;Atendido;17/4/2020;985697182;1002413019;1;R1;1;RENUNCIAS; Información de productos;Internet;2215386835;GPON;RENUNCIAS HOGAR;KAGREDAG;R1 ZONA 3
julio de 2026;202607;1/7/2026;1;CAC CITYMALL;CICLO FMC DIA 11-10;GUAYAQUIL;963219263;Atendido;;;0963219263;1;R2;1;SERVICIO AL CLIENTE;Hogar:Renuncia HFC GPON  varios conceptos;INTERNET;;HFC;OTROS CIERRES;EGALLARD;R2 ZONA 4
julio de 2026;202608;14/7/2026;1;CAC MANTA;CICLO FMC DIA 26-25;MANTA;993093841;Atendido;;993093841;0993093841;1;R2;1;RENUNCIAS;Movil Pago: consumo masivo;INTERNET;;HFC;RENUNCIAS HOGAR;IREALPER;R2 ZONA 1
julio de 2026;202608;16/7/2026;1;CAC EL JARDIN;CICLO FMC DIA 11-10;QUITO;986140517;Atendido;;;0986140517;1;R1;1;RENUNCIAS;Hogar:Renuncia derivada del Kiosko;INTERNET;;GPON;RENUNCIAS HOGAR;LEGASP;R1 ZONA 3
agosto de 2026;202609;24/8/2026;1;CAC QUEVEDO CENTRO;CICLO FMC DIA 11-10;QUEVEDO;1709407173;Atendido;;1709407173;1709407173;1;R2;1;RENUNCIAS;Movil Pago: consumo masivo;INTERNET;;HFC;RENUNCIAS HOGAR;LGALLEGF;R2 ZONA 1
septiembre de 2026;202610;11/9/2026;1;CAC COCA;CICLO FMC DIA 26-25;COCA;993230795;Atendido;;993230795;0993230795;1;R1;1;RENUNCIAS;Hogar:Renuncia HFC GPON  varios conceptos;INTERNET;;GPON;OTROS CIERRES;VZAMBRAM;R1 ZONA 3
agosto de 2026;202609;13/8/2026;1;CAC PASEO VIA DAULE;CICLO FMC DIA 11-10;GUAYAQUIL;925056129;Atendido;9/1/2023;925056129;0925056129;1;R2;1;RENUNCIAS;Movil/Hogar: Consulta Saldos;Internet;1000180540;GPON;RENUNCIAS HOGAR;RGUERREG;R2 ZONA 3
septiembre de 2026;202610;9/9/2026;1;CAC LOJA;CICLO FMC DIA 24-23;LOJA;980612516;Atendido;15/8/2023;1101282406;1101282406;1;R2;1;RENUNCIAS;Hogar:Renuncia HFC GPON  varios conceptos;Telefonia;75005056;GPON;RENUNCIAS HOGAR;MSANCHES;R2 ZONA 1
septiembre de 2026;202610;18/9/2026;1;CAC PASEO RIOBAMBA;CICLO FMC DIA 26-25;RIOBAMBA;979477757;Atendido;;979477757;0979477757;1;R1;1;SERVICIO AL CLIENTE;Hogar:Renuncia HFC GPON  varios conceptos;INTERNET;;GPON;OTROS CIERRES;PMONCAYB;R1 ZONA 2
septiembre de 2026;202611;25/9/2026;1;CAC COCA;CICLO FMC DIA 26-25;COCA;959509290;Atendido;;959509290;0959509290;1;R1;1;RENUNCIAS;Hogar:Renuncia HFC GPON  varios conceptos;TELEFONIA;;HFC;OTROS CIERRES;JSANTILA;R1 ZONA 3
julio de 2026;202608;20/7/2026;1;CAC PASEO RIOBAMBA;CICLO FMC DIA 11-10;RIOBAMBA;994529394;Atendido;10/3/2025;994529394;0600043954;1;R1;1;RENUNCIAS;Hogar: Información de productos.;Telefonia;35023202;GPON;RENUNCIAS HOGAR;ANUNEZP;R1 ZONA 2
julio de 2026;202608;18/7/2026;1;CAC RIOCENTRO ENTRERIOS;CICLO FMC DIA 15-14;GUAYAQUIL;939260873;Atendido;11/8/2023;939260873;0923322747;1;R2;1;RENUNCIAS;Movil: Renuncia servicio celular;Internet;1000378018;GPON;RENUNCIAS HOGAR;DBRICENM;R2 ZONA 3
septiembre de 2026;202609;2/9/2026;1;CAC EL BOSQUE;CICLO FMC DIA 11-10;QUITO;991573346;Atendido;3/6/2025;1725455552;1725455552;1;R1;1;RENUNCIAS; Información de productos;Internet;1001197555;GPON;RENUNCIAS HOGAR;KMERCADO;R1 ZONA 2
agosto de 2026;202609;28/8/2026;1;CAC CONDADO;CICLO FMC DIA 11-10;QUITO;984512187;Atendido;;984512187;0984512187;1;R1;1;SERVICIO AL CLIENTE;Hogar:Renuncia HFC GPON  varios conceptos;TELEFONIA;;HFC;OTROS CIERRES;CMINANGJ;R1 ZONA 1
julio de 2026;202608;13/7/2026;1;CAC RIOCENTRO ENTRERIOS;CICLO FMC DIA 26-25;GUAYAQUIL;903983161;Atendido;16/8/2021;;0903983161;1;R2;1;SERVICIO AL CLIENTE;Hogar:Renuncia HFC GPON  varios conceptos;Telefonia;45071756;HFC;OTROS CIERRES;DPOVEDAM;R2 ZONA 3
julio de 2026;202608;27/7/2026;1;CAC PASEO PORTOVIEJO;CICLO FMC DIA 2-1;PORTOVIEJO;1300295126;Atendido;22/5/2024;1300295126;1300295126;1;R2;1;RENUNCIAS;Hogar: Información de productos.;Internet;1000665730;GPON;RENUNCIAS HOGAR;MGILERV;R2 ZONA 3
julio de 2026;202608;29/7/2026;1;CAC SCALA;CICLO FMC DIA 11-10;QUITO;963089060;Atendido;;;0963089060;1;R1;1;SERVICIO AL CLIENTE;Hogar:Renuncia HFC GPON  varios conceptos;INTERNET;;HFC;OTROS CIERRES;JPONCER;R1 ZONA 1
septiembre de 2026;202610;19/9/2026;1;CAC PASEO PORTOVIEJO;CICLO FMC DIA 26-25;PORTOVIEJO;968946318;Atendido;;;0968946318;1;R2;1;RENUNCIAS;Movil: Renuncia servicio celular;INTERNET;;HFC;RENUNCIAS HOGAR;MGILERV;R2 ZONA 3
agosto de 2026;202609;31/8/2026;1;CAC PASEO DURAN;CICLO FMC DIA 8-7;GUAYAQUIL;916993793;Atendido;6/12/2025;916993793;0916993793;1;R2;1;RENUNCIAS; Información de productos;Telefonia;45144703;GPON;RENUNCIAS HOGAR;JVIVASO;R2 ZONA 4
julio de 2026;202608;13/7/2026;1;CAC LAGUNA MALL;CICLO FMC DIA 26-25;IBARRA;980821957;Atendido;;980821957;0980821957;1;R1;1;SERVICIO AL CLIENTE;Hogar:Renuncia HFC GPON  varios conceptos;TELEFONIA;;HFC;OTROS CIERRES;KTERANC;R1 ZONA 3
julio de 2026;202607;2/7/2026;1;CAC QUEVEDO CENTRO;CICLO FMC DIA 11-10;QUEVEDO;984842399;Atendido;;;0984842399;1;R2;1;RENUNCIAS;Hogar:Cambio de equipo y/o control remoto;TELEFONIA;;HFC;RENUNCIAS HOGAR;CSANTILN;R2 ZONA 1
julio de 2026;202608;7/7/2026;1;CAC TENA;CICLO FMC DIA 11-10;TENA;998742965;Atendido;;998742965;0998742965;1;R1;1;RENUNCIAS;Hogar:Renuncia HFC GPON  varios conceptos;TELEVISION;;HFC;RENUNCIAS HOGAR;JMALDONA;R1 ZONA 1
septiembre de 2026;202610;14/9/2026;1;CAC MALL DEL RIO;CICLO FMC DIA 11-10;CUENCA;985665516;Atendido;;985665516;0985665516;1;R2;1;RENUNCIAS;Movil: Renuncia servicio celular;INTERNET;;HFC;RENUNCIAS HOGAR;CHUAGLLC;R2 ZONA 4
septiembre de 2026;202611;25/9/2026;1;CAC COCA;CICLO FMC DIA 26-25;COCA;960284229;Atendido;;960284229;0960284229;1;R1;1;RENUNCIAS;Hogar:Renuncia HFC GPON  varios conceptos;TELEVISION;;HFC;OTROS CIERRES;JSANTILA;R1 ZONA 3
septiembre de 2026;202610;11/9/2026;1;CAC MULTIPLAZA PORTOVIEJO;CICLO FMC DIA 26-25;PORTOVIEJO;1300556632;Atendido;;;1300556632;1;R2;1;RENUNCIAS;Hogar:Cambio de equipo y/o control remoto;INTERNET;;HFC;RENUNCIAS HOGAR;MNARANJZ;R2 ZONA 3
agosto de 2026;202608;3/8/2026;1;CAC PASEO BABAHOYO;CICLO FMC DIA 11-10;BABAHOYO;993613571;Atendido;;993613571;0993613571;1;R2;1;RENUNCIAS;Movil/Hogar: Consulta Saldos;INTERNET;;HFC;RENUNCIAS HOGAR;JMORENOL;R2 ZONA 3
julio de 2026;202608;11/7/2026;1;CAC LAGUNA MALL;CICLO FMC DIA 11-10;IBARRA;981802378;Atendido;;981802378;0981802378;1;R1;1;RENUNCIAS; Información de productos;INTERNET;;GPON;RENUNCIAS HOGAR;NGARCIAT;R1 ZONA 3
julio de 2026;202608;15/7/2026;1;CAC DAULE;CICLO FMC DIA 17-16;DAULE;997403447;Atendido;11/3/2025;997403447;0920531605;1;R2;1;RENUNCIAS;Movil: Información de productos.;Internet;1001057537;GPON;RENUNCIAS HOGAR;KBONILLD;R2 ZONA 4
julio de 2026;202608;22/7/2026;1;CAC PASEO LA LIBERTAD;CICLO FMC DIA 8-7;LA LIBERTAD;1722354568;Atendido;28/4/2024;1722354568;1722354568;1;R2;1;SERVICIO AL CLIENTE;Movil:Actualización de datos dirección correo;Internet;1000641120;GPON;FMC;AJARAB;R2 ZONA 2
agosto de 2026;202609;12/8/2026;1;CAC CONDADO;CICLO FMC DIA 11-10;QUITO;997100230;Atendido;;997100230;0997100230;1;R1;1;SERVICIO AL CLIENTE;Hogar:Renuncia HFC GPON  varios conceptos;INTERNET;;HFC;OTROS CIERRES;CMINANGJ;R1 ZONA 1
agosto de 2026;202609;19/8/2026;1;CAC AZOGUES;CICLO FMC DIA 2-1;AZOGUES;302196142;Atendido;27/1/2024;302196142;0302196142;1;R2;1;SERVICIO AL CLIENTE;Movil Pago: consumo masivo;Internet;1000545563;GPON;FMC;JARIASG;R2 ZONA 4
julio de 2026;202608;14/7/2026;1;CAC CITYMALL;CICLO FMC DIA 26-25;GUAYAQUIL;978647494;Atendido;;;0978647494;1;R2;1;SERVICIO AL CLIENTE;Hogar:Renuncia HFC GPON  varios conceptos;INTERNET;;GPON;OTROS CIERRES;EGALLARD;R2 ZONA 4
septiembre de 2026;202610;19/9/2026;1;CAC QUICENTRO SUR;CICLO FMC DIA 11-10;QUITO;963961938;Atendido;;;0963961938;1;R1;1;RENUNCIAS;Movil: Renuncia derivada del Kiosko;INTERNET;;HFC;RENUNCIAS HOGAR;CDAVILAG;R1 ZONA 2
julio de 2026;202608;14/7/2026;1;CAC MANTA;CICLO FMC DIA 2-1;MANTA;990753450;Atendido;1/4/2026;1300956305;1300956305;1;R2;1;RENUNCIAS;Movil/Hogar: Consulta Saldos;Internet;1001590220;GPON;RENUNCIAS HOGAR;IREALPER;R2 ZONA 1
septiembre de 2026;202610;3/9/2026;1;CAC 9 DE OCTUBRE;CICLO FMC DIA 26-25;GUAYAQUIL;904216561;Atendido;13/3/2023;904216561;0904216561;1;R2;1;SERVICIO AL CLIENTE;Movil Pago: consumo masivo;Internet;1000236246;GPON;FMC;FLOPEZC;R2 ZONA 3
septiembre de 2026;202610;8/9/2026;1;CAC RIOCENTRO ENTRERIOS;CICLO FMC DIA 11-10;GUAYAQUIL;990906373;Atendido;;;0990906373;1;R2;1;RENUNCIAS;Movil: Renuncia servicio celular;INTERNET;;GPON;RENUNCIAS HOGAR;AMORA;R2 ZONA 3
agosto de 2026;202608;1/8/2026;1;CAC SCALA;CICLO FMC DIA 19-18;QUITO;962661983;Atendido;5/8/2026;1705330494;1705330494;1;R1;1;SERVICIO AL CLIENTE;Hogar:Renuncia HFC GPON  varios conceptos;Telefonia;25236231;GPON;OTROS CIERRES;AAIZAGAR;R1 ZONA 1
julio de 2026;202609;22/7/2026;1;CAC PASEO PORTOVIEJO;CICLO FMC DIA 26-25;PORTOVIEJO;978791490;Atendido;;;0978791490;1;R2;1;SERVICIO AL CLIENTE;Hogar:Renuncia HFC GPON  varios conceptos;INTERNET;;HFC;OTROS CIERRES;LPALACIA;R2 ZONA 3
agosto de 2026;202609;12/8/2026;1;CAC SCALA;CICLO FMC DIA 26-25;QUITO;995289221;Atendido;;995289221;0995289221;1;R1;1;RENUNCIAS;Hogar:Renuncia HFC GPON  varios conceptos;TELEFONIA;;HFC;OTROS CIERRES;RCENTENO;R1 ZONA 1
julio de 2026;202608;8/7/2026;1;CAC LAGUNA MALL;CICLO FMC DIA 26-25;IBARRA;960244319;Atendido;12/6/2018;1001544582;1001544582;1;R1;1;RENUNCIAS; Información de productos;Internet;2210756999;GPON;RENUNCIAS HOGAR;KAGREDAG;R1 ZONA 3
agosto de 2026;202609;24/8/2026;1;CAC AMBATO;CICLO FMC DIA 8-7;AMBATO;998980340;Atendido;31/5/2026;1801090968;1801090968;1;R1;1;RENUNCIAS; Información de productos;Telefonia;25149617;GPON;RENUNCIAS HOGAR;MABEDRAA;R1 ZONA 2
agosto de 2026;202609;24/8/2026;1;CAC EL PORTAL;CICLO FMC DIA 11-10;QUITO;981884753;Atendido;;981884753;0981884753;1;R1;1;RENUNCIAS;Hogar:Renuncia HFC GPON  varios conceptos;INTERNET;;HFC;OTROS CIERRES;JMOYAV;R1 ZONA 1
agosto de 2026;202609;7/8/2026;1;CAC COCA;CICLO FMC DIA 11-10;COCA;989520076;Atendido;;989520076;0989520076;1;R1;1;RENUNCIAS;Hogar:Renuncia HFC GPON  varios conceptos;INTERNET;;HFC;OTROS CIERRES;VZAMBRAM;R1 ZONA 3
julio de 2026;202608;11/7/2026;1;CAC MULTIPLAZA PORTOVIEJO;CICLO FMC DIA 8-7;PORTOVIEJO;1310909609;Atendido;14/9/2024;1310909609;1310909609;1;R2;1;RENUNCIAS;Movil/Hogar: Consulta Saldos;Telefonia;55010435;GPON;RENUNCIAS HOGAR;LHELENZ;R2 ZONA 3
julio de 2026;202608;31/7/2026;1;CAC EL RECREO;CICLO FMC DIA 11-10;QUITO;998916070;Atendido;;;0998916070;1;R1;1;RENUNCIAS;Hogar:Renuncia derivada del Kiosko;INTERNET;;GPON;RENUNCIAS HOGAR;SROSEROE;R1 ZONA 2
agosto de 2026;202609;18/8/2026;1;CAC RIOCENTRO SUR;CICLO FMC DIA 26-25;GUAYAQUIL;997950262;Atendido;;;0997950262;1;R2;1;SERVICIO AL CLIENTE;Hogar:Renuncia HFC GPON  varios conceptos;INTERNET;;GPON;OTROS CIERRES;PSALVATP;R2 ZONA 4
agosto de 2026;202609;19/8/2026;1;CAC CUENCA;CICLO FMC DIA 26-25;CUENCA;992931620;Atendido;;;0992931620;1;R2;1;RENUNCIAS;Hogar:Renuncia HFC GPON  varios conceptos;TELEFONIA;;HFC;RENUNCIAS HOGAR;ECARRIOS;R2 ZONA 4
agosto de 2026;202609;12/8/2026;1;CAC CONDADO;CICLO FMC DIA 11-10;QUITO;995245381;Atendido;;;0995245381;1;R1;1;SERVICIO AL CLIENTE;Hogar:Renuncia HFC GPON  varios conceptos;TELEFONIA;;HFC;OTROS CIERRES;CMINANGJ;R1 ZONA 1
septiembre de 2026;202610;9/9/2026;1;CAC EL BOSQUE;CICLO FMC DIA 26-25;QUITO;999987899;Atendido;3/3/2022;1703176451;1703176451;1;R1;1;RENUNCIAS;Movil Reposición de sim;Cloud;18296915;HFC;RENUNCIAS HOGAR;CGARCIAP;R1 ZONA 2
agosto de 2026;202608;12/8/2026;1;CAC URDESA;CICLO FMC DIA 24-23;GUAYAQUIL;982796756;Atendido;23/8/2023;982796756;0954011276;1;R2;1;RENUNCIAS;Hogar:Renuncia HFC GPON  varios conceptos;Telefonia;45185708;GPON;RENUNCIAS HOGAR;LACOSTAL;R2 ZONA 2
septiembre de 2026;202610;22/9/2026;1;CAC EL BOSQUE;CICLO FMC DIA 8-7;QUITO;998488679;Atendido;16/7/2025;998488679;1311099871;1;R1;1;RENUNCIAS;Movil Pago: consumo masivo;Internet;1001255115;GPON;RENUNCIAS HOGAR;DOCHOAR;R1 ZONA 2
septiembre de 2026;202609;5/9/2026;1;CAC MALL DEL RIO;CICLO FMC DIA 11-10;CUENCA;981898033;Atendido;;981898033;0981898033;1;R2;1;RENUNCIAS;Movil: Renuncia servicio celular;INTERNET;;GPON;RENUNCIAS HOGAR;MVIVARM;R2 ZONA 4
julio de 2026;202608;22/7/2026;1;CAC QUICENTRO SUR;CICLO FMC DIA 11-10;QUITO;984077245;Atendido;;;0984077245;1;R1;1;RENUNCIAS;Movil: Renuncia servicio celular;INTERNET;;GPON;RENUNCIAS HOGAR;MBAQUERO;R1 ZONA 2
julio de 2026;202607;8/7/2026;1;CAC LAGUNA MALL;CICLO FMC DIA 17-16;IBARRA;987431741;Atendido;15/5/2026;1050152055;1050152055;1;R1;1;RENUNCIAS;Mala Venta;Internet;1001646139;GPON;RENUNCIAS HOGAR;NGARCIAT;R1 ZONA 3
agosto de 2026;202609;7/8/2026;1;CAC PASEO SANTO DOMINGO;CICLO FMC DIA 26-25;SANTO DOMINGO;980613517;Atendido;;980613517;0980613517;1;R1;1;RENUNCIAS;Hogar:Renuncia derivada del Kiosko;INTERNET;;GPON;RENUNCIAS HOGAR;SMIRANDC;R1 ZONA 1
agosto de 2026;202609;12/8/2026;1;CAC EL RECREO;CICLO FMC DIA 26-25;QUITO;982526458;Atendido;;;0982526458;1;R1;1;RENUNCIAS;Movil: Renuncia servicio celular;TELEFONIA;;GPON;RENUNCIAS HOGAR;ECTFTERQ;R1 ZONA 2
septiembre de 2026;202609;1/9/2026;1;CAC CONDADO;CICLO FMC DIA 11-10;QUITO;986660517;Atendido;;;0986660517;1;R1;1;RENUNCIAS;Hogar:Renuncia HFC GPON  varios conceptos;INTERNET;;GPON;OTROS CIERRES;CMINANGJ;R1 ZONA 1
septiembre de 2026;202610;11/9/2026;1;CAC EL PORTAL;CICLO FMC DIA 11-10;QUITO;988748853;Atendido;;;0988748853;1;R1;1;SERVICIO AL CLIENTE;Hogar:Renuncia HFC GPON  varios conceptos;INTERNET;;HFC;OTROS CIERRES;NGONZALC;R1 ZONA 1
agosto de 2026;202609;3/8/2026;1;CAC COCA;CICLO FMC DIA 26-25;COCA;939328210;Atendido;;939328210;0939328210;1;R1;1;RENUNCIAS;Hogar:Renuncia HFC GPON  varios conceptos;TELEFONIA;;HFC;OTROS CIERRES;ARUIZI;R1 ZONA 3
septiembre de 2026;202609;3/9/2026;1;CAC URDESA;CICLO FMC DIA 11-10;GUAYAQUIL;951881069;Atendido;20/11/2023;951881069;0951881069;1;R2;1;SERVICIO AL CLIENTE;Hogar:Renuncia HFC GPON  varios conceptos;Television;1000480445;HFC;OTROS CIERRES;ACEVALLP;R2 ZONA 2
agosto de 2026;202608;11/8/2026;1;CAC AZOGUES;CICLO FMC DIA 24-23;AZOGUES;302213509;Atendido;16/3/2024;302213509;0302213509;1;R2;1;RENUNCIAS;Hogar:Renuncia derivada del Kiosko;Telefonia;75001421;GPON;RENUNCIAS HOGAR;JARIASG;R2 ZONA 4
septiembre de 2026;202610;11/9/2026;1;CAC CONDADO;CICLO FMC DIA 11-10;QUITO;989376753;Atendido;;;0989376753;1;R1;1;RENUNCIAS;Hogar:Renuncia HFC GPON  varios conceptos;INTERNET;;GPON;OTROS CIERRES;PPALADIS;R1 ZONA 1
julio de 2026;202608;21/7/2026;1;CAC SCALA;CICLO FMC DIA 11-10;QUITO;984082947;Atendido;;;0984082947;1;R1;1;SERVICIO AL CLIENTE;Hogar:Renuncia HFC GPON  varios conceptos;TELEFONIA;;GPON;OTROS CIERRES;PPULUPA2;R1 ZONA 1
septiembre de 2026;202610;13/9/2026;1;CAC HIPERMARKET BUIJO;CICLO FMC DIA 11-10;GUAYAQUIL;981594124;Atendido;;;0981594124;1;R2;1;RENUNCIAS;Movil: Renuncia servicio celular;TELEFONIA;;HFC;RENUNCIAS HOGAR;SASTUDIC;R2 ZONA 4
septiembre de 2026;202610;5/9/2026;1;CAC SAN MARINO;CICLO FMC DIA 26-25;GUAYAQUIL;931420129;Atendido;20/9/2022;;0931420129;1;R2;1;RENUNCIAS;Hogar:Renuncia HFC GPON  varios conceptos;Internet;2218927929;GPON;RENUNCIAS HOGAR;AECHEVEV;R2 ZONA 3
agosto de 2026;202610;27/8/2026;1;CAC TENA;CICLO FMC DIA 26-25;TENA;992459137;Atendido;;992459137;0992459137;1;R1;1;RENUNCIAS;Movil Pago: consumo masivo;INTERNET;;HFC;RENUNCIAS HOGAR;JMALDONA;R1 ZONA 1
julio de 2026;202608;23/7/2026;1;CAC PASEO RIOBAMBA;CICLO FMC DIA 2-1;RIOBAMBA;994842995;Atendido;29/11/2024;994842995;0603202003;1;R1;1;RENUNCIAS;Movil:Actualización de datos dirección correo;Internet;1000916512;GPON;RENUNCIAS HOGAR;BVALLEJE;R1 ZONA 2
septiembre de 2026;202610;9/9/2026;1;CAC SCALA;CICLO FMC DIA 2-1;QUITO;984580109;Atendido;29/1/2025;984580109;1706386677;1;R1;1;RENUNCIAS;Hogar:Renuncia HFC GPON  varios conceptos;Telefonia;25147861;GPON;OTROS CIERRES;GALBARRR;R1 ZONA 1
julio de 2026;202608;2/7/2026;1;CAC URDESA;CICLO FMC DIA 2-1;GUAYAQUIL;918522970;Atendido;30/8/2025;918522970;0918522970;1;R2;1;RENUNCIAS;Movil: Reclamo Facturación.;Telefonia;45110049;GPON;RENUNCIAS HOGAR;JASTUDIL;R2 ZONA 2
julio de 2026;202608;21/7/2026;1;CAC LAGUNA MALL;CICLO FMC DIA 4-3;IBARRA;939344468;Atendido;2/10/2024;939344468;1005188063;1;R1;1;SERVICIO AL CLIENTE;Hogar:Renuncia HFC GPON  varios conceptos;Telefonia;65013490;GPON;OTROS CIERRES;MCISNERA;R1 ZONA 3
agosto de 2026;202609;3/8/2026;1;CAC CONDADO;CICLO FMC DIA 26-25;QUITO;992089651;Atendido;;;0992089651;1;R1;1;RENUNCIAS;Hogar:Renuncia HFC GPON  varios conceptos;INTERNET;;HFC;OTROS CIERRES;CMINANGJ;R1 ZONA 1
agosto de 2026;202609;16/8/2026;1;CAC MULTIPLAZA PORTOVIEJO;CICLO FMC DIA 4-3;PORTOVIEJO;1306924646;Atendido;5/3/2026;1306924646;1306924646;1;R2;1;RENUNCIAS;Movil:Actualización de datos dirección correo;Internet;1001551437;GPON;RENUNCIAS HOGAR;MNARANJZ;R2 ZONA 3
septiembre de 2026;202610;17/9/2026;1;CAC ETECO;CICLO FMC DIA 26-25;QUITO;998399571;Atendido;;;0998399571;1;R1;1;SERVICIO AL CLIENTE;Hogar:Renuncia HFC GPON  varios conceptos;INTERNET;;HFC;OTROS CIERRES;LMOSQUEL;R1 ZONA 1
septiembre de 2026;202610;22/9/2026;1;CAC URDESA;CICLO FMC DIA 11-10;GUAYAQUIL;980032136;Atendido;20/3/2025;980032136;0905267332;1;R2;1;SERVICIO AL CLIENTE;Hogar:Renuncia HFC GPON  varios conceptos;Internet;1001074968;GPON;OTROS CIERRES;LACOSTAL;R2 ZONA 2
septiembre de 2026;202610;5/9/2026;1;CAC DAULE;CICLO FMC DIA 26-25;DAULE;981011387;Atendido;;981011387;0981011387;1;R2;1;RENUNCIAS;Movil/Hogar: Consulta Saldos;INTERNET;;HFC;RENUNCIAS HOGAR;AMOREIRA;R2 ZONA 4
agosto de 2026;202609;15/8/2026;1;CAC EL FORTIN;CICLO FMC DIA 2-1;GUAYAQUIL;958823717;Atendido;28/9/2025;930212444;0930212444;1;R2;1;RENUNCIAS; Información de productos;Telefonia;45190254;GPON;RENUNCIAS HOGAR;DWONGP;R2 ZONA 1
julio de 2026;202608;2/7/2026;1;CAC LAGUNA MALL;CICLO FMC DIA 26-25;IBARRA;993379694;Atendido;14/5/2022;993379694;1002038055;1;R1;1;RENUNCIAS;Movil Pago: consumo masivo;Telefonia;65004385;GPON;RENUNCIAS HOGAR;NGARCIAT;R1 ZONA 3
septiembre de 2026;202610;19/9/2026;1;CAC CONDADO;CICLO FMC DIA 26-25;QUITO;983039209;Atendido;;;0983039209;1;R1;1;RENUNCIAS;Hogar:Renuncia HFC GPON  varios conceptos;INTERNET;;HFC;OTROS CIERRES;CMINANGJ;R1 ZONA 1
julio de 2026;202608;3/7/2026;1;CAC SCALA;CICLO FMC DIA 26-25;QUITO;984891698;Atendido;;984891698;0984891698;1;R1;1;RENUNCIAS;Hogar:Renuncia HFC GPON  varios conceptos;TELEVISION;;GPON;OTROS CIERRES;GALBARRR;R1 ZONA 1
septiembre de 2026;202610;13/9/2026;1;CAC MALL DEL RIO;CICLO FMC DIA 26-25;CUENCA;995939186;Atendido;;;0995939186;1;R2;1;RENUNCIAS;Renuncia servicio corporativo;TELEFONIA;;HFC;RENUNCIAS HOGAR;ILOORO;R2 ZONA 4
septiembre de 2026;202610;11/9/2026;1;CAC EL RECREO;CICLO FMC DIA 8-7;QUITO;996952462;Atendido;6/9/2023;996952462;1715372684;1;R1;1;RENUNCIAS;Movil: Renuncia servicio celular;Internet;1000406975;GPON;RENUNCIAS HOGAR;ALOPEZCA;R1 ZONA 2
agosto de 2026;202609;25/8/2026;1;CAC GALAPAGOS;CICLO FMC DIA 11-10;GALAPAGOS;991944134;Atendido;;991944134;0991944134;1;R2;1;RENUNCIAS;Movil Pago: consumo masivo;TELEFONIA;;HFC;RENUNCIAS HOGAR;FALAVAG;R2 ZONA 4
julio de 2026;202608;6/7/2026;1;CAC SCALA;CICLO FMC DIA 11-10;QUITO;999145499;Atendido;;999145499;0999145499;1;R1;1;RENUNCIAS;Hogar:Renuncia HFC GPON  varios conceptos;INTERNET;;HFC;OTROS CIERRES;GALBARRR;R1 ZONA 1
agosto de 2026;202609;12/8/2026;1;CAC COCA;CICLO FMC DIA 15-14;COCA;968966461;Atendido;14/6/2025;968966461;1104691561;1;R1;1;RENUNCIAS;Movil: No comprende los rubros no esta de acuerdo;Telefonia;75011171;GPON;RENUNCIAS HOGAR;MMENDEZO;R1 ZONA 3
julio de 2026;202609;23/7/2026;1;CAC COCA;CICLO FMC DIA 26-25;COCA;988531406;Atendido;;988531406;0988531406;1;R1;1;RENUNCIAS;Hogar:Renuncia HFC GPON  varios conceptos;TELEFONIA;;HFC;OTROS CIERRES;JSANTILA;R1 ZONA 3
agosto de 2026;202609;6/8/2026;1;CAC RIOCENTRO ENTRERIOS;CICLO FMC DIA 11-10;GUAYAQUIL;980445485;Atendido;;980445485;0980445485;1;R2;1;RENUNCIAS;Renuncia servicio corporativo;INTERNET;;GPON;RENUNCIAS HOGAR;DPOVEDAM;R2 ZONA 3
agosto de 2026;202610;26/8/2026;1;CAC EL PORTAL;CICLO FMC DIA 26-25;QUITO;962850810;Atendido;;;0962850810;1;R1;1;SERVICIO AL CLIENTE;Hogar:Renuncia HFC GPON  varios conceptos;TELEFONIA;;GPON;OTROS CIERRES;JCORDOVG;R1 ZONA 1
septiembre de 2026;202610;1/9/2026;1;CAC LAGUNA MALL;CICLO FMC DIA 26-25;IBARRA;960623893;Atendido;;;0960623893;1;R1;1;RENUNCIAS;Hogar:Renuncia HFC GPON  varios conceptos;TELEFONIA;;HFC;RENUNCIAS HOGAR;MCISNERA;R1 ZONA 3
julio de 2026;202609;24/7/2026;1;CAC HIPERMARKET BUIJO;CICLO FMC DIA 26-25;GUAYAQUIL;926749284;Atendido;;;0926749284;1;R2;1;RENUNCIAS;Movil: Renuncia servicio celular;INTERNET;;HFC;RENUNCIAS HOGAR;SASTUDIC;R2 ZONA 4
julio de 2026;202608;9/7/2026;1;CAC RIOCENTRO SUR;CICLO FMC DIA 11-10;GUAYAQUIL;900184284;Atendido;7/12/2021;;0900184284;1;R2;1;SERVICIO AL CLIENTE;Hogar:Renuncia HFC GPON  varios conceptos;Internet;2217922175;GPON;OTROS CIERRES;PSALVATP;R2 ZONA 4
julio de 2026;202608;21/7/2026;1;CAC EL RECREO;CICLO FMC DIA 11-10;QUITO;998920930;Atendido;;998920930;0998920930;1;R1;1;RENUNCIAS;Hogar:Renuncia derivada del Kiosko;INTERNET;;GPON;RENUNCIAS HOGAR;MINGAJ;R1 ZONA 2
julio de 2026;202607;9/7/2026;1;CAC MALL DEL RIO;CICLO FMC DIA 17-16;CUENCA;104243423;Atendido;15/7/2025;104243423;0104243423;1;R2;1;SERVICIO AL CLIENTE;Hogar:Renuncia HFC GPON  varios conceptos;Telefonia;75012570;GPON;OTROS CIERRES;ATORRESC;R2 ZONA 4
septiembre de 2026;202610;14/9/2026;1;CAC MILAGRO;CICLO FMC DIA 11-10;MILAGRO;968718691;Atendido;14/9/2024;968718691;1310865728;1;R2;1;RENUNCIAS;Hogar:Renuncia HFC GPON  varios conceptos;Telefonia;45138469;GPON;OTROS CIERRES;DPOVEDAT;R2 ZONA 3
julio de 2026;202608;16/7/2026;1;CAC COCA;CICLO FMC DIA 26-25;COCA;961750232;Atendido;;961750232;0961750232;1;R1;1;RENUNCIAS;Hogar:Renuncia HFC GPON  varios conceptos;INTERNET;;HFC;OTROS CIERRES;JSANTILA;R1 ZONA 3
julio de 2026;202609;30/7/2026;1;CAC SCALA;CICLO FMC DIA 26-25;QUITO;989374926;Atendido;;989374926;0989374926;1;R1;1;RENUNCIAS;Hogar:Renuncia HFC GPON  varios conceptos;TELEFONIA;;GPON;OTROS CIERRES;GALBARRR;R1 ZONA 1
septiembre de 2026;202610;12/9/2026;1;CAC MALL DEL RIO;CICLO FMC DIA 26-25;CUENCA;991248917;Atendido;;991248917;0991248917;1;R2;1;RENUNCIAS;Movil: Renuncia servicio celular;INTERNET;;HFC;RENUNCIAS HOGAR;ATORRESC;R2 ZONA 4
septiembre de 2026;202611;21/9/2026;1;CAC COCA;CICLO FMC DIA 26-25;COCA;985291208;Atendido;;985291208;0985291208;1;R1;1;RENUNCIAS;Hogar:Renuncia HFC GPON  varios conceptos;INTERNET;;GPON;OTROS CIERRES;ARUIZI;R1 ZONA 3
septiembre de 2026;202610;24/9/2026;1;CAC COCA;CICLO FMC DIA 11-10;COCA;994279334;Atendido;;994279334;0994279334;1;R1;1;RENUNCIAS;Hogar:Renuncia HFC GPON  varios conceptos;TELEFONIA;;GPON;OTROS CIERRES;JSANTILA;R1 ZONA 3
julio de 2026;202607;2/7/2026;1;CAC LAGUNA MALL;CICLO FMC DIA 24-23;IBARRA;993908230;Atendido;1/8/2023;993908230;1001978665;1;R1;1;RENUNCIAS;Movil/Hogar: Consulta Saldos;Telefonia;65016117;GPON;RENUNCIAS HOGAR;ORIASCOC;R1 ZONA 3
septiembre de 2026;202609;2/9/2026;1;CAC QUEVEDO CENTRO;CICLO FMC DIA 11-10;QUEVEDO;921063780;Atendido;;921063780;0921063780;1;R2;1;RENUNCIAS;Movil:Actualización de datos dirección correo;INTERNET;;HFC;RENUNCIAS HOGAR;AIBARRAM;R2 ZONA 1
agosto de 2026;202609;13/8/2026;1;CAC MULTIPLAZA;CICLO FMC DIA 11-10;ESMERALDAS;999683202;Atendido;;999683202;0999683202;1;R1;1;RENUNCIAS;Movil/Hogar: Consulta Saldos;INTERNET;;HFC;RENUNCIAS HOGAR;JRODASC;R1 ZONA 3
agosto de 2026;202609;24/8/2026;1;CAC COCA;CICLO FMC DIA 11-10;COCA;997833570;Atendido;;997833570;0997833570;1;R1;1;SERVICIO AL CLIENTE;Hogar:Renuncia HFC GPON  varios conceptos;TELEVISION;;HFC;OTROS CIERRES;ARUIZI;R1 ZONA 3
julio de 2026;202608;27/7/2026;1;CAC COCA;CICLO FMC DIA 11-10;COCA;939402525;Atendido;;939402525;0939402525;1;R1;1;SERVICIO AL CLIENTE;Hogar:Renuncia HFC GPON  varios conceptos;INTERNET;;HFC;OTROS CIERRES;VZAMBRAM;R1 ZONA 3
septiembre de 2026;202610;4/9/2026;1;CAC MULTIPLAZA PORTOVIEJO;CICLO FMC DIA 26-25;PORTOVIEJO;961329489;Atendido;24/10/2024;961329489;0961329489;1;R2;1;RENUNCIAS;Movil Pago: consumo masivo;Television;1000867576;GPON;RENUNCIAS HOGAR;MHOLGUIZ;R2 ZONA 3
agosto de 2026;202610;24/8/2026;1;CAC URDESA;CICLO FMC DIA 26-25;GUAYAQUIL;986904818;Atendido;17/5/2025;986904818;0923613988;1;R2;1;SERVICIO AL CLIENTE;Hogar:Renuncia HFC GPON  varios conceptos;Television;1001171644;GPON;OTROS CIERRES;LACOSTAL;R2 ZONA 2
agosto de 2026;202608;4/8/2026;1;CAC QUEVEDO CENTRO;CICLO FMC DIA 11-10;QUEVEDO;994149077;Atendido;;;0994149077;1;R2;1;RENUNCIAS;Movil:Consulta SVA SMS PREMIUN/Claro Video/Musica;INTERNET;;HFC;RENUNCIAS HOGAR;VCAMPUZL;R2 ZONA 1
septiembre de 2026;202609;1/9/2026;1;CAC EL PORTAL;CICLO FMC DIA 11-10;QUITO;939432250;Atendido;;;0939432250;1;R1;1;RENUNCIAS;Hogar:Renuncia HFC GPON  varios conceptos;INTERNET;;GPON;OTROS CIERRES;NGONZALC;R1 ZONA 1
julio de 2026;202609;23/7/2026;1;CAC COCA;CICLO FMC DIA 26-25;COCA;993331122;Atendido;;993331122;0993331122;1;R1;1;RENUNCIAS;Hogar:Renuncia HFC GPON  varios conceptos;TELEFONIA;;HFC;OTROS CIERRES;JSANTILA;R1 ZONA 3
julio de 2026;202608;14/7/2026;1;CAC RIOCENTRO ENTRERIOS;CICLO FMC DIA 26-25;GUAYAQUIL;993909126;Atendido;20/10/2018;993909126;0914812433;1;R2;1;RENUNCIAS;Hogar:Renuncia HFC GPON  varios conceptos;Television;2211301716;GPON;OTROS CIERRES;AMORA;R2 ZONA 3
septiembre de 2026;202610;21/9/2026;1;CAC CONDADO;CICLO FMC DIA 28-27;QUITO;9879302889;Atendido;2/4/2025;1704265956;1704265956;1;R1;1;RENUNCIAS;Movil/Hogar: Consulta Saldos;Internet;1001097865;HFC;RENUNCIAS HOGAR;mmejiaa;R1 ZONA 1
julio de 2026;202608;6/7/2026;1;CAC EL BOSQUE;CICLO FMC DIA 26-25;QUITO;998526442;Atendido;;;0998526442;1;R1;1;RENUNCIAS;Hogar:Renuncia HFC GPON  varios conceptos;TELEFONIA;;GPON;OTROS CIERRES;CHERRERC;R1 ZONA 2
agosto de 2026;202609;7/8/2026;1;CAC MALL DEL ALTO;CICLO FMC DIA 11-10;CUENCA;999004284;Atendido;;999004284;0999004284;1;R2;1;RENUNCIAS;Movil: Renuncia servicio celular;INTERNET;;GPON;RENUNCIAS HOGAR;DGUAMANH;R2 ZONA 4
julio de 2026;202609;22/7/2026;1;CAC SCALA;CICLO FMC DIA 26-25;QUITO;968146545;Atendido;;968146545;0968146545;1;R1;1;RENUNCIAS;Hogar:Renuncia HFC GPON  varios conceptos;INTERNET;;HFC;OTROS CIERRES;GALBARRR;R1 ZONA 1
septiembre de 2026;202610;19/9/2026;1;CAC PASEO PLAYAS;CICLO FMC DIA 26-25;PLAYAS;982654891;Atendido;;982654891;0982654891;1;R2;1;RENUNCIAS;Movil: Renuncia servicio celular;INTERNET;;HFC;RENUNCIAS HOGAR;JMOREIRM;R2 ZONA 2
agosto de 2026;202609;6/8/2026;1;CAC CONDADO;CICLO FMC DIA 26-25;QUITO;995861372;Atendido;;995861372;0995861372;1;R1;1;RENUNCIAS;Hogar:Renuncia HFC GPON  varios conceptos;TELEVISION;;GPON;OTROS CIERRES;CMINANGJ;R1 ZONA 1
agosto de 2026;202609;14/8/2026;1;CAC PASEO RIOBAMBA;CICLO FMC DIA 11-10;RIOBAMBA;900054696;Atendido;;;0900054696;1;R1;1;SERVICIO AL CLIENTE;Hogar:Renuncia HFC GPON  varios conceptos;INTERNET;;GPON;OTROS CIERRES;FORTIZM;R1 ZONA 2
agosto de 2026;202609;25/8/2026;1;CAC COCA;CICLO FMC DIA 11-10;COCA;992131903;Atendido;;992131903;0992131903;1;R1;1;RENUNCIAS;Hogar:Renuncia HFC GPON  varios conceptos;TELEFONIA;;HFC;OTROS CIERRES;ARUIZI;R1 ZONA 3
agosto de 2026;202608;6/8/2026;1;CAC URDESA;CICLO FMC DIA 17-16;GUAYAQUIL;963034467;Atendido;15/5/2025;;0963034467;1;R2;1;RENUNCIAS;Movil: Renuncia servicio celular;Internet;1001162745;GPON;RENUNCIAS HOGAR;ACEVALLP;R2 ZONA 2
agosto de 2026;202609;4/8/2026;1;CAC MALL DEL RIO;CICLO FMC DIA 8-7;CUENCA;104900063;Atendido;7/9/2024;104900063;0104900063;1;R2;1;SERVICIO AL CLIENTE;Hogar:Renuncia HFC GPON  varios conceptos;Telefonia;75731475;GPON;OTROS CIERRES;ATORRESC;R2 ZONA 4
julio de 2026;202607;1/7/2026;1;CAC SAN LUIS;CICLO FMC DIA 11-10;QUITO;997851083;Atendido;;997851083;0997851083;1;R1;1;RENUNCIAS;Hogar:Entrega de equipo por cierre de servicio;INTERNET;;HFC;RENUNCIAS HOGAR;MCARRILC;R1 ZONA 2
agosto de 2026;202609;6/8/2026;1;CAC MILAGRO;CICLO FMC DIA 26-25;MILAGRO;986152123;Atendido;;986152123;0986152123;1;R2;1;RENUNCIAS;Movil/Hogar: Consulta Saldos;TELEFONIA;;HFC;RENUNCIAS HOGAR;CCAJASC;R2 ZONA 3
septiembre de 2026;202610;7/9/2026;1;CAC URDESA;CICLO FMC DIA 2-1;GUAYAQUIL;906352414;Atendido;30/3/2026;906352414;0906352414;1;R2;1;SERVICIO AL CLIENTE;Hogar:Renuncia HFC GPON  varios conceptos;Telefonia;45124914;GPON;OTROS CIERRES;LACOSTAL;R2 ZONA 2
julio de 2026;202608;17/7/2026;1;CAC PASEO RIOBAMBA;CICLO FMC DIA 26-25;RIOBAMBA;992815527;Atendido;24/3/2025;992815527;0603620063;1;R1;1;SERVICIO AL CLIENTE;Hogar:Renuncia HFC GPON  varios conceptos;Internet;1001077458;GPON;OTROS CIERRES;FORTIZM;R1 ZONA 2
agosto de 2026;202609;13/8/2026;1;CAC DAULE;CICLO FMC DIA 26-25;DAULE;984833655;Atendido;;;0984833655;1;R2;1;RENUNCIAS;Movil/Hogar: Consulta Saldos;TELEVISION;;HFC;RENUNCIAS HOGAR;AMOREIRA;R2 ZONA 4
agosto de 2026;202609;5/8/2026;1;CAC CITYMALL;CICLO FMC DIA 26-25;GUAYAQUIL;904660560;Atendido;22/5/2023;;0904660560;1;R2;1;SERVICIO AL CLIENTE;Hogar:Renuncia HFC GPON  varios conceptos;Television;1000302565;GPON;OTROS CIERRES;LBARCOH;R2 ZONA 4
julio de 2026;202608;15/7/2026;1;CAC LAGUNA MALL;CICLO FMC DIA 11-10;IBARRA;989718460;Atendido;;;0989718460;1;R1;1;RENUNCIAS;Movil/Hogar: Consulta Saldos;INTERNET;;GPON;RENUNCIAS HOGAR;MCISNERA;R1 ZONA 3
julio de 2026;202608;2/7/2026;1;CAC COCA;CICLO FMC DIA 26-25;COCA;939314886;Atendido;;939314886;0939314886;1;R1;1;RENUNCIAS;Hogar:Renuncia HFC GPON  varios conceptos;TELEFONIA;;GPON;OTROS CIERRES;ARUIZI;R1 ZONA 3
agosto de 2026;202609;22/8/2026;1;CAC PASEO LA LIBERTAD;CICLO FMC DIA 11-10;LA LIBERTAD;939574440;Atendido;;939574440;0939574440;1;R2;1;RENUNCIAS;Movil: Renuncia derivada del Kiosko;TELEFONIA;;GPON;RENUNCIAS HOGAR;ORUALESS;R2 ZONA 2
julio de 2026;202608;3/7/2026;1;CAC RIOCENTRO ENTRERIOS;CICLO FMC DIA 26-25;GUAYAQUIL;1300299508;Atendido;2/4/2016;;1300299508;1;R2;1;SERVICIO AL CLIENTE;Movil Pago: consumo masivo;Telefonia;45067845;GPON;FMC;JESPINOL;R2 ZONA 3
septiembre de 2026;202610;22/9/2026;1;CAC MALL DEL RIO;CICLO FMC DIA 11-10;CUENCA;963167748;Atendido;;963167748;0963167748;1;R2;1;RENUNCIAS;Hogar:Renuncia HFC GPON  varios conceptos;TELEVISION;;HFC;RENUNCIAS HOGAR;ATORRESC;R2 ZONA 4
agosto de 2026;202609;20/8/2026;1;CAC CCI;CICLO FMC DIA 15-14;QUITO;995682366;Atendido;13/9/2023;995682366;1721606471;1;R1;1;RENUNCIAS;Hogar:Renuncia HFC GPON  varios conceptos;Internet;1000413725;GPON;RENUNCIAS HOGAR;CCARCELR;R1 ZONA 3
septiembre de 2026;202610;18/9/2026;1;CAC EL BOSQUE;CICLO FMC DIA 21-20;QUITO;960593553;Atendido;20/7/2024;1722703004;1722703004;1;R1;1;RENUNCIAS;Hogar:Renuncia HFC GPON  varios conceptos;Internet;1000734824;GPON;RENUNCIAS HOGAR;CHERRERC;R1 ZONA 2
septiembre de 2026;202610;21/9/2026;1;CAC MULTIPLAZA;CICLO FMC DIA 2-1;ESMERALDAS;800626038;Atendido;25/10/2025;800626038;0800626038;1;R1;1;RENUNCIAS;Movil: Información de productos.;Internet;1001405440;GPON;RENUNCIAS HOGAR;GMINOO;R1 ZONA 3
septiembre de 2026;202610;28/9/2026;1;CAC MALL DEL RIO;CICLO FMC DIA 11-10;CUENCA;999129482;Atendido;;;0999129482;1;R2;1;RENUNCIAS;Movil: Renuncia servicio celular;INTERNET;;GPON;RENUNCIAS HOGAR;MVIVARM;R2 ZONA 4
agosto de 2026;202610;31/8/2026;1;CAC MALL DEL SOL;CICLO FMC DIA 24-23;GUAYAQUIL;985355716;Atendido;14/11/2024;985355716;0927682773;1;R2;1;RENUNCIAS;Hogar:Renuncia HFC GPON  varios conceptos;Internet;1000895938;GPON;RENUNCIAS HOGAR;GMOLINAA;R2 ZONA 4
septiembre de 2026;202610;19/9/2026;1;CAC PASEO RIOBAMBA;CICLO FMC DIA 11-10;RIOBAMBA;992522106;Atendido;;;0992522106;1;R1;1;SERVICIO AL CLIENTE;Hogar:Renuncia HFC GPON  varios conceptos;INTERNET;;HFC;OTROS CIERRES;PMONCAYB;R1 ZONA 2
julio de 2026;202609;29/7/2026;1;CAC PASEO QUEVEDO;CICLO FMC DIA 26-25;QUEVEDO;997374455;Atendido;;997374455;0997374455;1;R2;1;RENUNCIAS;Movil Reposición de sim;INTERNET;;GPON;RENUNCIAS HOGAR;BVARGASV;R2 ZONA 1
julio de 2026;202608;16/7/2026;1;CAC COCA;CICLO FMC DIA 26-25;COCA;989913578;Atendido;;989913578;0989913578;1;R1;1;SERVICIO AL CLIENTE;Hogar:Renuncia HFC GPON  varios conceptos;INTERNET;;GPON;OTROS CIERRES;VZAMBRAM;R1 ZONA 3
julio de 2026;202609;31/7/2026;1;CAC PASEO RIOBAMBA;CICLO FMC DIA 26-25;RIOBAMBA;98448023;Atendido;;;98448023;1;R1;1;RENUNCIAS;Hogar: Información de productos.;TELEVISION;;HFC;RENUNCIAS HOGAR;ANUNEZP;R1 ZONA 2
julio de 2026;202608;13/7/2026;1;CAC PASEO VIA DAULE;CICLO FMC DIA 11-10;GUAYAQUIL;969483629;Atendido;;969483629;0969483629;1;R2;1;SERVICIO AL CLIENTE;Hogar:Renuncia HFC GPON  varios conceptos;TELEVISION;;HFC;OTROS CIERRES;JQUIMISB;R2 ZONA 3
septiembre de 2026;202610;21/9/2026;1;CAC COCA;CICLO FMC DIA 11-10;COCA;992110612;Atendido;;992110612;0992110612;1;R1;1;RENUNCIAS;Movil Pago: consumo masivo;TELEFONIA;;HFC;RENUNCIAS HOGAR;CRAMIREM;R1 ZONA 3
julio de 2026;202608;29/7/2026;1;CAC LAGUNA MALL;CICLO FMC DIA 11-10;IBARRA;995062773;Atendido;;;0995062773;1;R1;1;RENUNCIAS;Hogar:Renuncia derivada del Kiosko;INTERNET;;HFC;RENUNCIAS HOGAR;MCISNERA;R1 ZONA 3
agosto de 2026;202609;21/8/2026;1;CAC MILAGRO;CICLO FMC DIA 13-12;MILAGRO;959010495;Atendido;15/6/2026;959010495;0912106028;1;R2;1;SERVICIO AL CLIENTE;Hogar:Renuncia HFC GPON  varios conceptos;Internet;1001686999;GPON;OTROS CIERRES;MVELEZUA;R2 ZONA 3
septiembre de 2026;202610;28/9/2026;1;CAC COCA;CICLO FMC DIA 11-10;COCA;969996447;Atendido;;969996447;0969996447;1;R1;1;RENUNCIAS;Hogar:Renuncia HFC GPON  varios conceptos;TELEFONIA;;HFC;OTROS CIERRES;ARUIZI;R1 ZONA 3
septiembre de 2026;202610;21/9/2026;1;CAC COCA;CICLO FMC DIA 11-10;COCA;993924461;Atendido;;993924461;0993924461;1;R1;1;SERVICIO AL CLIENTE;Hogar:Renuncia HFC GPON  varios conceptos;TELEFONIA;;GPON;OTROS CIERRES;JSANTILA;R1 ZONA 3
julio de 2026;202609;29/7/2026;1;CAC SCALA;CICLO FMC DIA 26-25;QUITO;984942877;Atendido;;984942877;0984942877;1;R1;1;SERVICIO AL CLIENTE;Hogar:Renuncia HFC GPON  varios conceptos;INTERNET;;HFC;OTROS CIERRES;JPONCER;R1 ZONA 1
agosto de 2026;202609;12/8/2026;1;CAC QUEVEDO CENTRO;CICLO FMC DIA 11-10;QUEVEDO;1204528523;Atendido;10/8/2023;1204528523;1204528523;1;R2;1;RENUNCIAS;Hogar:Cambio de equipo y/o control remoto;Television;1000378618;GPON;RENUNCIAS HOGAR;AIBARRAM;R2 ZONA 1
septiembre de 2026;202610;22/9/2026;1;CAC AZOGUES;CICLO FMC DIA 24-23;AZOGUES;3024936555;Atendido;22/2/2024;302493655;0302493655;1;R2;1;RENUNCIAS;Hogar:Renuncia HFC GPON  varios conceptos;Internet;1000572325;GPON;RENUNCIAS HOGAR;JARIASG;R2 ZONA 4
septiembre de 2026;202610;5/9/2026;1;CAC MULTIPLAZA;CICLO FMC DIA 24-23;ESMERALDAS;992272295;Atendido;23/5/2025;992272295;0801901455;1;R1;1;SERVICIO AL CLIENTE;Hogar:Renuncia HFC GPON  varios conceptos;Internet;1001162384;GPON;OTROS CIERRES;FVILLACA;R1 ZONA 3
agosto de 2026;202609;24/8/2026;1;CAC PASEO RIOBAMBA;CICLO FMC DIA 11-10;RIOBAMBA;988174692;Atendido;;988174692;0988174692;1;R1;1;RENUNCIAS;Movil:Actualización de datos dirección correo;INTERNET;;HFC;RENUNCIAS HOGAR;VHERNANS;R1 ZONA 2
agosto de 2026;202610;21/8/2026;1;CAC COCA;CICLO FMC DIA 26-25;COCA;991584068;Atendido;;991584068;0991584068;1;R1;1;RENUNCIAS;Hogar:Renuncia HFC GPON  varios conceptos;INTERNET;;HFC;OTROS CIERRES;JSANTILA;R1 ZONA 3
julio de 2026;202608;15/7/2026;1;CAC QUEVEDO CENTRO;CICLO FMC DIA 8-7;QUEVEDO;967303540;Atendido;7/4/2026;1251262166;1251262166;1;R2;1;RENUNCIAS;Movil:Consulta SVA SMS PREMIUN/Claro Video/Musica;Telefonia;45042803;GPON;RENUNCIAS HOGAR;VCAMPUZL;R2 ZONA 1
septiembre de 2026;202610;8/9/2026;1;CAC AZOGUES;CICLO FMC DIA 26-25;AZOGUES;301937868;Atendido;;301937868;0301937868;1;R2;1;RENUNCIAS;Movil: Actualización misma tarifa down up;TELEVISION;;HFC;RENUNCIAS HOGAR;JMUNOZA;R2 ZONA 4
septiembre de 2026;202610;16/9/2026;1;CAC URDESA;CICLO FMC DIA 24-23;GUAYAQUIL;929456036;Atendido;22/1/2025;929456036;0929456036;1;R2;1;RENUNCIAS;Movil/Hogar: Consulta Saldos;Internet;1000987167;GPON;RENUNCIAS HOGAR;kverar;R2 ZONA 2
julio de 2026;202608;20/7/2026;1;CAC MALL DEL RIO;CICLO FMC DIA 24-23;CUENCA;983394822;Atendido;22/1/2025;983394822;0104350699;1;R2;1;SERVICIO AL CLIENTE;Hogar:Renuncia HFC GPON  varios conceptos;Internet;1000985171;GPON;OTROS CIERRES;ATORRESC;R2 ZONA 4
agosto de 2026;202609;12/8/2026;1;CAC PASEO PLAYAS;CICLO FMC DIA 11-10;PLAYAS;989183089;Atendido;;989183089;0989183089;1;R2;1;RENUNCIAS;Movil: Renuncia servicio celular;TELEFONIA;;HFC;RENUNCIAS HOGAR;DMOYAP;R2 ZONA 2
agosto de 2026;202610;24/8/2026;1;CAC SCALA;CICLO FMC DIA 26-25;QUITO;979637354;Atendido;;979637354;0979637354;1;R1;1;RENUNCIAS;Hogar:Renuncia HFC GPON  varios conceptos;INTERNET;;HFC;OTROS CIERRES;GALBARRR;R1 ZONA 1
septiembre de 2026;202610;2/9/2026;1;CAC LOJA;CICLO FMC DIA 26-25;LOJA;986996281;Atendido;;986996281;0986996281;1;R2;1;RENUNCIAS;Movil Reposición de sim;INTERNET;;HFC;RENUNCIAS HOGAR;MCASTILJ;R2 ZONA 1
agosto de 2026;202609;6/8/2026;1;CAC 9 DE OCTUBRE;CICLO FMC DIA 26-25;GUAYAQUIL;904520525;Atendido;14/4/2023;904520525;0904520525;1;R2;1;SERVICIO AL CLIENTE;Hogar:Cambio de equipo y/o control remoto;Internet;1000267735;GPON;FMC;BVELIZT;R2 ZONA 3
julio de 2026;202608;3/7/2026;1;CAC LAGUNA MALL;CICLO FMC DIA 26-25;IBARRA;992752090;Atendido;;;0992752090;1;R1;1;RENUNCIAS; Información de productos;TELEVISION;;HFC;RENUNCIAS HOGAR;NGARCIAT;R1 ZONA 3
septiembre de 2026;202611;28/9/2026;1;CAC EL RECREO 2;CICLO FMC DIA 26-25;QUITO;983899190;Atendido;;;0983899190;1;R1;1;RENUNCIAS;Movil: Renuncia servicio celular;INTERNET;;GPON;RENUNCIAS HOGAR;MSANCHE3;R1 ZONA 2
septiembre de 2026;202610;18/9/2026;1;CAC URDESA;CICLO FMC DIA 11-10;GUAYAQUIL;915002125;Atendido;3/10/2024;915002125;0915002125;1;R2;1;SERVICIO AL CLIENTE;Hogar:Renuncia HFC GPON  varios conceptos;Television;1000839760;GPON;OTROS CIERRES;LACOSTAL;R2 ZONA 2
agosto de 2026;202609;27/8/2026;1;CAC MILAGRO;CICLO FMC DIA 11-10;MILAGRO;980863899;Atendido;29/12/2022;980863899;0900154014;1;R2;1;RENUNCIAS;Hogar:Renuncia HFC GPON  varios conceptos;Cloud;19096094;HFC;OTROS CIERRES;DBAYASF;R2 ZONA 3
agosto de 2026;202609;8/8/2026;1;CAC EL DORADO;CICLO FMC DIA 11-10;GUAYAQUIL;900454448;Atendido;26/11/2021;;0900454448;1;R2;1;SERVICIO AL CLIENTE;Hogar:Renuncia HFC GPON  varios conceptos;Internet;2217868238;GPON;OTROS CIERRES;KCALEROV;R2 ZONA 3
septiembre de 2026;202611;22/9/2026;1;CAC PASEO RIOBAMBA;CICLO FMC DIA 26-25;RIOBAMBA;963048557;Atendido;;;0963048557;1;R1;1;SERVICIO AL CLIENTE;Hogar:Renuncia HFC GPON  varios conceptos;INTERNET;;GPON;OTROS CIERRES;FORTIZM;R1 ZONA 2
julio de 2026;202608;21/7/2026;1;CAC RIOCENTRO ENTRERIOS;CICLO FMC DIA 11-10;GUAYAQUIL;993097110;Atendido;;993097110;0993097110;1;R2;1;RENUNCIAS;Renuncia servicio corporativo;TELEFONIA;;HFC;RENUNCIAS HOGAR;AAGUILES;R2 ZONA 3
julio de 2026;202608;21/7/2026;1;CAC EL BOSQUE;CICLO FMC DIA 11-10;QUITO;983094366;Atendido;;983094366;0983094366;1;R1;1;RENUNCIAS;Movil: Renuncia servicio celular;INTERNET;;GPON;RENUNCIAS HOGAR;DOCHOAR;R1 ZONA 2
agosto de 2026;202610;29/8/2026;1;CAC MALL DEL NORTE;CICLO FMC DIA 26-25;GUAYAQUIL;986117710;Atendido;;;0986117710;1;R2;1;RENUNCIAS;Hogar:Renuncia HFC GPON  varios conceptos;TELEFONIA;;GPON;RENUNCIAS HOGAR;KGUILLEC;R2 ZONA 2
septiembre de 2026;202609;8/9/2026;1;CAC MULTIPLAZA PORTOVIEJO;CICLO FMC DIA 15-14;PORTOVIEJO;1720077674;Atendido;28/3/2026;1720077674;1720077674;1;R2;1;RENUNCIAS;Movil Pago: consumo masivo;Telefonia;55025110;GPON;RENUNCIAS HOGAR;MHOLGUIZ;R2 ZONA 3
septiembre de 2026;202611;21/9/2026;1;CAC URDESA;CICLO FMC DIA 26-25;GUAYAQUIL;999354551;Atendido;;999354551;0999354551;1;R2;1;SERVICIO AL CLIENTE;Hogar:Renuncia HFC GPON  varios conceptos;TELEFONIA;;HFC;OTROS CIERRES;LACOSTAL;R2 ZONA 2
julio de 2026;202608;2/7/2026;1;CAC MULTIPLAZA PORTOVIEJO;CICLO FMC DIA 26-25;PORTOVIEJO;804608503;Atendido;;804608503;0804608503;1;R2;1;RENUNCIAS;Movil Pago: consumo masivo;TELEFONIA;;HFC;RENUNCIAS HOGAR;YMENDOZP;R2 ZONA 3
julio de 2026;202609;24/7/2026;1;CAC CONDADO;CICLO FMC DIA 26-25;QUITO;998274721;Atendido;;;0998274721;1;R1;1;RENUNCIAS;Hogar:Renuncia HFC GPON  varios conceptos;INTERNET;;HFC;OTROS CIERRES;CMINANGJ;R1 ZONA 1
julio de 2026;202608;8/7/2026;1;CAC LAGUNA MALL;CICLO FMC DIA 26-25;IBARRA;980474570;Atendido;;980474570;0980474570;1;R1;1;RENUNCIAS;Hogar:Renuncia HFC GPON  varios conceptos;INTERNET;;HFC;RENUNCIAS HOGAR;MCISNERA;R1 ZONA 3
julio de 2026;202608;8/7/2026;1;CAC TENA;CICLO FMC DIA 11-10;TENA;989887617;Atendido;;989887617;0989887617;1;R1;1;RENUNCIAS; Información de productos;TELEFONIA;;HFC;RENUNCIAS HOGAR;SCHANGUA;R1 ZONA 1
agosto de 2026;202608;3/8/2026;1;CAC SAN MARINO;CICLO FMC DIA 11-10;GUAYAQUIL;900475823;Atendido;1/3/2025;;0900475823;1;R2;1;SERVICIO AL CLIENTE; Información de productos;Internet;1001041650;GPON;FMC;lmejiam;R2 ZONA 3
agosto de 2026;202609;19/8/2026;1;CAC AZOGUES;CICLO FMC DIA 8-7;AZOGUES;1315388601;Atendido;7/4/2026;1315388601;1315388601;1;R2;1;RENUNCIAS;Hogar:Renuncia HFC GPON  varios conceptos;Internet;1001595559;GPON;RENUNCIAS HOGAR;JARIASG;R2 ZONA 4
julio de 2026;202608;15/7/2026;1;CAC SCALA;CICLO FMC DIA 26-25;QUITO;980222647;Atendido;;980222647;0980222647;1;R1;1;SERVICIO AL CLIENTE;Hogar:Renuncia HFC GPON  varios conceptos;TELEFONIA;;HFC;OTROS CIERRES;GALBARRR;R1 ZONA 1
agosto de 2026;202609;17/8/2026;1;CAC QUEVEDO CENTRO;CICLO FMC DIA 26-25;QUEVEDO;1251206080;Atendido;11/6/2023;1251206080;1251206080;1;R2;1;RENUNCIAS;Movil Pago: consumo masivo;Telefonia;55008841;GPON;RENUNCIAS HOGAR;MGALVEZC;R2 ZONA 1
septiembre de 2026;202610;9/9/2026;1;CAC RIOCENTRO ENTRERIOS;CICLO FMC DIA 26-25;GUAYAQUIL;980103268;Atendido;1/2/2016;980103268;0906292719;1;R2;1;RENUNCIAS;Hogar:Renuncia HFC GPON  varios conceptos;Internet;2204513215;HFC;RENUNCIAS HOGAR;DPOVEDAM;R2 ZONA 3
julio de 2026;202608;9/7/2026;1;CAC LAGUNA MALL;CICLO FMC DIA 11-10;IBARRA;967758972;Atendido;;967758972;0967758972;1;R1;1;SERVICIO AL CLIENTE;Hogar:Renuncia HFC GPON  varios conceptos;TELEFONIA;;GPON;OTROS CIERRES;MCISNERA;R1 ZONA 3
septiembre de 2026;202610;21/9/2026;1;CAC RIOCENTRO NORTE;CICLO FMC DIA 11-10;GUAYAQUIL;958846530;Atendido;;958846530;0958846530;1;R2;1;RENUNCIAS;Hogar:Renuncia HFC GPON  varios conceptos;TELEFONIA;;HFC;RENUNCIAS HOGAR;PPOZOR;R2 ZONA 2
julio de 2026;202609;30/7/2026;1;CAC MILAGRO;CICLO FMC DIA 26-25;MILAGRO;906667704;Atendido;22/7/2026;906667704;0906667704;1;R2;1;RENUNCIAS;Movil/Hogar: Consulta Saldos;Telefonia;45138257;GPON;RENUNCIAS HOGAR;CCAJASC;R2 ZONA 3
julio de 2026;202608;25/7/2026;1;CAC PASEO SANTO DOMINGO;CICLO FMC DIA 11-10;SANTO DOMINGO;986829529;Atendido;;986829529;0986829529;1;R1;1;SERVICIO AL CLIENTE;Hogar:Renuncia HFC GPON  varios conceptos;INTERNET;;HFC;OTROS CIERRES;SCABRERJ;R1 ZONA 1
julio de 2026;202608;28/7/2026;1;CAC COCA;CICLO FMC DIA 11-10;COCA;993596745;Atendido;;993596745;0993596745;1;R1;1;RENUNCIAS;Hogar:Renuncia HFC GPON  varios conceptos;TELEVISION;;GPON;OTROS CIERRES;VZAMBRAM;R1 ZONA 3
septiembre de 2026;202610;22/9/2026;1;CAC PASEO QUEVEDO;CICLO FMC DIA 11-10;QUEVEDO;959499687;Atendido;;;0959499687;1;R2;1;RENUNCIAS;Movil: Actualización misma tarifa down up;INTERNET;;HFC;RENUNCIAS HOGAR;MALVARER;R2 ZONA 1
julio de 2026;202609;21/7/2026;1;CAC CONDADO;CICLO FMC DIA 26-25;QUITO;987834463;Atendido;;987834463;0987834463;1;R1;1;RENUNCIAS;Hogar:Renuncia derivada del Kiosko;TELEFONIA;;HFC;RENUNCIAS HOGAR;ALOBOL;R1 ZONA 1
julio de 2026;202608;15/7/2026;1;CAC SCALA;CICLO FMC DIA 11-10;QUITO;984827788;Atendido;;984827788;0984827788;1;R1;1;SERVICIO AL CLIENTE;Hogar:Renuncia HFC GPON  varios conceptos;TELEFONIA;;GPON;OTROS CIERRES;AAIZAGAR;R1 ZONA 1
septiembre de 2026;202610;16/9/2026;1;CAC PASEO PLAYAS;CICLO FMC DIA 26-25;PLAYAS;968787754;Atendido;;968787754;0968787754;1;R2;1;RENUNCIAS;Movil: Renuncia servicio celular;TELEFONIA;;HFC;RENUNCIAS HOGAR;ORIOFRIR;R2 ZONA 2
julio de 2026;202609;28/7/2026;1;CAC COCA;CICLO FMC DIA 26-25;COCA;992495997;Atendido;;992495997;0992495997;1;R1;1;RENUNCIAS;Hogar:Renuncia HFC GPON  varios conceptos;TELEVISION;;GPON;OTROS CIERRES;VZAMBRAM;R1 ZONA 3
septiembre de 2026;202610;11/9/2026;1;CAC EL DORADO;CICLO FMC DIA 11-10;GUAYAQUIL;969236155;Atendido;;969236155;0969236155;1;R2;1;SERVICIO AL CLIENTE;Hogar:Renuncia HFC GPON  varios conceptos;INTERNET;;HFC;OTROS CIERRES;KCALEROV;R2 ZONA 3
julio de 2026;202607;6/7/2026;1;CAC POLICENTRO;CICLO FMC DIA 19-18;GUAYAQUIL;993090127;Atendido;11/1/2025;930987102;0930987102;1;R2;1;SERVICIO AL CLIENTE;Hogar: Información de productos.;Internet;1000973643;GPON;FMC;TVOELCKM;R2 ZONA 2
agosto de 2026;202609;25/8/2026;1;CAC MULTIPLAZA PORTOVIEJO;CICLO FMC DIA 2-1;PORTOVIEJO;1311628836;Atendido;23/5/2024;1311628836;1311628836;1;R2;1;RENUNCIAS;Hogar:Renuncia HFC GPON  varios conceptos;Internet;1000667216;GPON;RENUNCIAS HOGAR;YMENDOZP;R2 ZONA 3
septiembre de 2026;202610;14/9/2026;1;CAC COCA;CICLO FMC DIA 26-25;COCA;991881770;Atendido;;991881770;0991881770;1;R1;1;RENUNCIAS;Hogar:Renuncia HFC GPON  varios conceptos;TELEVISION;;HFC;OTROS CIERRES;VZAMBRAM;R1 ZONA 3
septiembre de 2026;202610;18/9/2026;1;CAC COCA;CICLO FMC DIA 26-25;COCA;967330933;Atendido;;967330933;0967330933;1;R1;1;SERVICIO AL CLIENTE;Hogar:Renuncia HFC GPON  varios conceptos;TELEFONIA;;GPON;OTROS CIERRES;VZAMBRAM;R1 ZONA 3
agosto de 2026;202609;12/8/2026;1;CAC QUEVEDO CENTRO;CICLO FMC DIA 11-10;QUEVEDO;979803308;Atendido;;979803308;0979803308;1;R2;1;RENUNCIAS;Movil:Actualización de datos dirección correo;TELEFONIA;;GPON;RENUNCIAS HOGAR;JPLUASAG;R2 ZONA 1
julio de 2026;202608;9/7/2026;1;CAC URDESA;CICLO FMC DIA 11-10;GUAYAQUIL;926787748;Atendido;4/12/2025;926787748;0926787748;1;R2;1;SERVICIO AL CLIENTE;Movil Pago: consumo masivo;Television;1001451597;GPON;FMC;JASTUDIL;R2 ZONA 2
julio de 2026;202608;14/7/2026;1;CAC EL JARDIN;CICLO FMC DIA 26-25;QUITO;958983945;Atendido;;;0958983945;1;R1;1;RENUNCIAS;Hogar:Renuncia derivada del Kiosko;INTERNET;;HFC;RENUNCIAS HOGAR;LEGASP;R1 ZONA 3
julio de 2026;202608;29/7/2026;1;CAC COCA;CICLO FMC DIA 11-10;COCA;991104217;Atendido;;991104217;0991104217;1;R1;1;RENUNCIAS;Hogar:Renuncia HFC GPON  varios conceptos;INTERNET;;HFC;OTROS CIERRES;VZAMBRAM;R1 ZONA 3
julio de 2026;202608;29/7/2026;1;CAC LAGUNA MALL;CICLO FMC DIA 11-10;IBARRA;980141771;Atendido;7/4/2025;980141771;1002493672;1;R1;1;RENUNCIAS;Hogar:Renuncia derivada del Kiosko;Internet;1001105154;GPON;RENUNCIAS HOGAR;KTERANC;R1 ZONA 3
julio de 2026;202608;17/7/2026;1;CAC HIPER VIA DAULE;CICLO FMC DIA 11-10;GUAYAQUIL;902217702;Atendido;19/2/2022;902217702;0902217702;1;R2;1;RENUNCIAS;Movil/Hogar: Consulta Saldos;Internet;2218322583;HFC;RENUNCIAS HOGAR;CVELEZC;R2 ZONA 1
septiembre de 2026;202610;19/9/2026;1;CAC PASEO PLAYAS;CICLO FMC DIA 26-25;PLAYAS;997739587;Atendido;;;0997739587;1;R2;1;RENUNCIAS;Movil: Renuncia servicio celular;TELEVISION;;HFC;RENUNCIAS HOGAR;DMOYAP;R2 ZONA 2
julio de 2026;202608;31/7/2026;1;CAC SCALA;CICLO FMC DIA 24-23;QUITO;967741665;Atendido;10/7/2026;967741665;1314810399;1;R1;1;RENUNCIAS;Hogar:Renuncia HFC GPON  varios conceptos;Internet;1001717912;GPON;OTROS CIERRES;GALBARRR;R1 ZONA 1
septiembre de 2026;202611;28/9/2026;1;CAC PASEO PLAYAS;CICLO FMC DIA 26-25;PLAYAS;960199962;Atendido;;960199962;0960199962;1;R2;1;RENUNCIAS;Movil: Renuncia servicio celular;INTERNET;;HFC;RENUNCIAS HOGAR;DMOYAP;R2 ZONA 2
julio de 2026;202608;28/7/2026;1;CAC PASEO PORTOVIEJO;CICLO FMC DIA 11-10;PORTOVIEJO;1313283267;Atendido;8/7/2022;1313283267;1313283267;1;R2;1;SERVICIO AL CLIENTE;Movil/Hogar: Consulta Saldos;Cloud;18751854;HFC;FMC;SCANDOE;R2 ZONA 3
septiembre de 2026;202609;3/9/2026;1;CAC MULTIPLAZA PORTOVIEJO;CICLO FMC DIA 15-14;PORTOVIEJO;1720077674;Atendido;28/3/2026;1720077674;1720077674;1;R2;1;RENUNCIAS;Hogar:Cambio de equipo y/o control remoto;Telefonia;55025110;GPON;RENUNCIAS HOGAR;MNARANJZ;R2 ZONA 3
septiembre de 2026;202610;21/9/2026;1;CAC MALL DEL RIO;CICLO FMC DIA 11-10;CUENCA;993258935;Atendido;;993258935;0993258935;1;R2;1;RENUNCIAS;Movil: Renuncia servicio celular;INTERNET;;HFC;RENUNCIAS HOGAR;ILOORO;R2 ZONA 4
septiembre de 2026;202610;4/9/2026;1;CAC URDESA;CICLO FMC DIA 26-25;GUAYAQUIL;940992233;Atendido;11/5/2022;940992233;0940992233;1;R2;1;RENUNCIAS;Hogar:Renuncia HFC GPON  varios conceptos;Internet;2218621639;GPON;RENUNCIAS HOGAR;LACOSTAL;R2 ZONA 2
septiembre de 2026;202610;17/9/2026;1;CAC COCA;CICLO FMC DIA 26-25;COCA;995428164;Atendido;;995428164;0995428164;1;R1;1;RENUNCIAS;Hogar:Renuncia HFC GPON  varios conceptos;INTERNET;;GPON;OTROS CIERRES;VZAMBRAM;R1 ZONA 3
septiembre de 2026;202610;15/9/2026;1;CAC URDESA;CICLO FMC DIA 2-1;GUAYAQUIL;926203373;Atendido;28/3/2024;926203373;0926203373;1;R2;1;RENUNCIAS; Información de productos;Internet;1000608936;GPON;RENUNCIAS HOGAR;ACEVALLP;R2 ZONA 2
julio de 2026;202608;22/7/2026;1;CAC COCA;CICLO FMC DIA 11-10;COCA;991506919;Atendido;;991506919;0991506919;1;R1;1;RENUNCIAS;Hogar:Renuncia HFC GPON  varios conceptos;INTERNET;;GPON;OTROS CIERRES;VZAMBRAM;R1 ZONA 3
septiembre de 2026;202611;21/9/2026;1;CAC MALL DEL ALTO;CICLO FMC DIA 26-25;CUENCA;997458631;Atendido;;;0997458631;1;R2;1;RENUNCIAS;Movil: Renuncia servicio celular;INTERNET;;HFC;RENUNCIAS HOGAR;KBARRERD;R2 ZONA 4
julio de 2026;202608;20/7/2026;1;CAC COCA;CICLO FMC DIA 11-10;COCA;968014011;Atendido;;968014011;0968014011;1;R1;1;RENUNCIAS;Hogar:Renuncia HFC GPON  varios conceptos;INTERNET;;HFC;OTROS CIERRES;JSANTILA;R1 ZONA 3
septiembre de 2026;202610;19/9/2026;1;CAC HIPERMARKET BUIJO;CICLO FMC DIA 11-10;GUAYAQUIL;983381977;Atendido;;983381977;0983381977;1;R2;1;SERVICIO AL CLIENTE;Hogar:Renuncia HFC GPON  varios conceptos;TELEFONIA;;GPON;OTROS CIERRES;BRUIZP;R2 ZONA 4
julio de 2026;202608;27/7/2026;1;CAC PASEO PLAYAS;CICLO FMC DIA 11-10;PLAYAS;940826415;Atendido;14/6/2023;940826415;0940826415;1;R2;1;RENUNCIAS;Movil Pago: consumo masivo;Television;1000320493;GPON;RENUNCIAS HOGAR;JCEVALLU;R2 ZONA 2
julio de 2026;202608;16/7/2026;1;CAC SAN LUIS;CICLO FMC DIA 8-7;QUITO;979948604;Atendido;25/4/2026;979948604;1703700441;1;R1;1;RENUNCIAS;Movil Reposición de sim;Telefonia;25033453;GPON;RENUNCIAS HOGAR;GVILLENA;R1 ZONA 2
julio de 2026;202608;6/7/2026;1;CAC SCALA;CICLO FMC DIA 11-10;QUITO;985367500;Atendido;;985367500;0985367500;1;R1;1;SERVICIO AL CLIENTE;Hogar:Renuncia HFC GPON  varios conceptos;TELEFONIA;;HFC;OTROS CIERRES;GALBARRR;R1 ZONA 1
julio de 2026;202608;8/7/2026;1;CAC LAGUNA MALL;CICLO FMC DIA 11-10;IBARRA;993373062;Atendido;;1004481436;1004481436;1;R1;1;RENUNCIAS;Hogar:Renuncia HFC GPON  varios conceptos;INTERNET;;HFC;OTROS CIERRES;MCISNERA;R1 ZONA 3
julio de 2026;202608;28/7/2026;1;CAC COCA;CICLO FMC DIA 17-16;COCA;999001554;Atendido;16/10/2025;999001554;1724834849;1;R1;1;RENUNCIAS;Movil/Hogar: Consulta Saldos;Telefonia;25184793;GPON;RENUNCIAS HOGAR;JROSADOA;R1 ZONA 3
septiembre de 2026;202610;14/9/2026;1;CAC MALL DEL RIO;CICLO FMC DIA 11-10;CUENCA;959131696;Atendido;;;0959131696;1;R2;1;RENUNCIAS;Movil: Renuncia servicio celular;INTERNET;;HFC;RENUNCIAS HOGAR;CHUAGLLC;R2 ZONA 4
julio de 2026;202608;29/7/2026;1;CAC CHONE;CICLO FMC DIA 11-10;CHONE;908175250;Atendido;8/5/2023;908175250;0908175250;1;R2;1;RENUNCIAS;Movil: Información de productos.;Internet;1000290895;GPON;RENUNCIAS HOGAR;MMOREIRV;R2 ZONA 1
agosto de 2026;202609;28/8/2026;1;CAC RIOCENTRO ENTRERIOS;CICLO FMC DIA 11-10;GUAYAQUIL;985116917;Atendido;;;0985116917;1;R2;1;RENUNCIAS;Hogar:Renuncia HFC GPON  varios conceptos;INTERNET;;HFC;OTROS CIERRES;AMORA;R2 ZONA 3
septiembre de 2026;202610;4/9/2026;1;CAC MALL DEL RIO;CICLO FMC DIA 26-25;CUENCA;959084875;Atendido;;;0959084875;1;R2;1;RENUNCIAS;Hogar:Renuncia HFC GPON  varios conceptos;INTERNET;;GPON;RENUNCIAS HOGAR;ATORRESC;R2 ZONA 4
septiembre de 2026;202610;20/9/2026;1;CAC MALL DEL ALTO;CICLO FMC DIA 11-10;CUENCA;905814499;Atendido;;;0905814499;1;R2;1;RENUNCIAS;Movil: Renuncia servicio celular;INTERNET;;GPON;RENUNCIAS HOGAR;NGUACHIG;R2 ZONA 4
julio de 2026;202608;27/7/2026;1;CAC URDESA;CICLO FMC DIA 6-5;GUAYAQUIL;958047268;Atendido;4/9/2024;958047268;0958047268;1;R2;1;SERVICIO AL CLIENTE;Hogar:Renuncia HFC GPON  varios conceptos;Internet;1000797860;GPON;OTROS CIERRES;LACOSTAL;R2 ZONA 2
julio de 2026;202608;13/7/2026;1;CAC EL PORTAL;CICLO FMC DIA 26-25;QUITO;990217488;Atendido;24/10/2023;990217488;1700109067;1;R1;1;SERVICIO AL CLIENTE;Hogar:Renuncia HFC GPON  varios conceptos;Telefonia;25175683;GPON;OTROS CIERRES;DPROANOP;R1 ZONA 1
agosto de 2026;202608;3/8/2026;1;CAC SCALA;CICLO FMC DIA 11-10;QUITO;969423063;Atendido;;969423063;0969423063;1;R1;1;RENUNCIAS;Hogar:Renuncia HFC GPON  varios conceptos;INTERNET;;HFC;OTROS CIERRES;GALBARRR;R1 ZONA 1
agosto de 2026;202609;21/8/2026;1;CAC LOJA;CICLO FMC DIA 8-7;LOJA;1103173744;Atendido;7/11/2023;;1103173744;1;R2;1;RENUNCIAS;Movil Pago: consumo masivo;Telefonia;75005265;GPON;RENUNCIAS HOGAR;AGONZAGL;R2 ZONA 1
agosto de 2026;202609;19/8/2026;1;CAC QUEVEDO CENTRO;CICLO FMC DIA 6-5;QUEVEDO;1205871252;Atendido;4/8/2025;1205871252;1205871252;1;R2;1;RENUNCIAS;Movil Pago: consumo masivo;Internet;1001288612;GPON;RENUNCIAS HOGAR;VCANTOS;R2 ZONA 1
septiembre de 2026;202610;10/9/2026;1;CAC EL BOSQUE;CICLO FMC DIA 11-10;QUITO;997733639;Atendido;6/4/2013;997733639;1706793443;1;R1;1;RENUNCIAS;Reclamo Facturacion;Telefonia;25142139;GPON;RENUNCIAS HOGAR;PPINOL;R1 ZONA 2
septiembre de 2026;202610;21/9/2026;1;CAC MILAGRO;CICLO FMC DIA 11-10;MILAGRO;1001800854;Atendido;;1001800854;1001800854;1;R2;1;RENUNCIAS;Hogar:Mala venta DAS FVD SAC;INTERNET;;HFC;RENUNCIAS HOGAR;MVELEZUA;R2 ZONA 3
septiembre de 2026;202610;16/9/2026;1;CAC PASEO PLAYAS;CICLO FMC DIA 8-7;PLAYAS;988025239;Atendido;7/10/2024;988025239;0913002366;1;R2;1;RENUNCIAS;Hogar:Renuncia HFC GPON  varios conceptos;Telefonia;45103758;GPON;RENUNCIAS HOGAR;AMENDOZY;R2 ZONA 2
septiembre de 2026;202610;22/9/2026;1;CAC CHONE;CICLO FMC DIA 11-10;CHONE;1314438969;Atendido;10/8/2026;1314438969;1314438969;1;R2;1;RENUNCIAS;Movil:Actualización de datos dirección correo;Internet;1001753348;GPON;RENUNCIAS HOGAR;AFLORESZ;R2 ZONA 1
agosto de 2026;202610;29/8/2026;1;CAC CONDADO;CICLO FMC DIA 24-23;QUITO;992470404;Atendido;21/11/2023;992470404;1717472748;1;R1;1;RENUNCIAS;Hogar:Renuncia HFC GPON  varios conceptos;Internet;1000480657;GPON;OTROS CIERRES;ACABEZAV;R1 ZONA 1
agosto de 2026;202610;25/8/2026;1;CAC MALL DEL ALTO;CICLO FMC DIA 26-25;CUENCA;912499035;Atendido;;;0912499035;1;R2;1;RENUNCIAS;Hogar:Renuncia derivada del Kiosko;TELEFONIA;;HFC;RENUNCIAS HOGAR;ALUCEROG;R2 ZONA 4
septiembre de 2026;202610;21/9/2026;1;CAC MULTIPLAZA PORTOVIEJO;CICLO FMC DIA 2-1;PORTOVIEJO;1703330801;Atendido;13/11/2025;1703330801;1703330801;1;R2;1;RENUNCIAS;Hogar:Cambio de equipo y/o control remoto;Internet;1001427619;GPON;RENUNCIAS HOGAR;MNARANJZ;R2 ZONA 3
septiembre de 2026;202610;18/9/2026;1;CAC LOJA;CICLO FMC DIA 11-10;LOJA;1150331500;Atendido;;1150331500;1150331500;1;R2;1;RENUNCIAS;Movil: Certificado de No deuda;TELEFONIA;;GPON;RENUNCIAS HOGAR;MCASTILJ;R2 ZONA 1
agosto de 2026;202609;17/8/2026;1;CAC DAULE;CICLO FMC DIA 11-10;DAULE;981064216;Atendido;;981064216;0981064216;1;R2;1;RENUNCIAS;Movil Pago: consumo masivo;TELEVISION;;HFC;RENUNCIAS HOGAR;XREINOSR;R2 ZONA 4
julio de 2026;202608;27/7/2026;1;CAC PASEO RIOBAMBA;CICLO FMC DIA 11-10;RIOBAMBA;963347605;Atendido;;;0963347605;1;R1;1;SERVICIO AL CLIENTE;Hogar:Renuncia HFC GPON  varios conceptos;TELEFONIA;;HFC;OTROS CIERRES;VROBALIB;R1 ZONA 2
julio de 2026;202607;2/7/2026;1;CAC MALL DEL RIO;CICLO FMC DIA 13-12;CUENCA;101528008;Atendido;11/4/2025;101528008;0101528008;1;R2;1;SERVICIO AL CLIENTE; Información de productos;Internet;1001108739;GPON;FMC;OOCHOAS;R2 ZONA 4
julio de 2026;202608;15/7/2026;1;CAC COCA;CICLO FMC DIA 11-10;COCA;958948739;Atendido;;958948739;0958948739;1;R1;1;RENUNCIAS;Hogar:Renuncia HFC GPON  varios conceptos;TELEFONIA;;HFC;OTROS CIERRES;JSANTILA;R1 ZONA 3
julio de 2026;202608;5/7/2026;1;CAC LAGUNA MALL;CICLO FMC DIA 26-25;IBARRA;987296666;Atendido;;987296666;0987296666;1;R1;1;RENUNCIAS;Movil Pago: consumo masivo;INTERNET;;GPON;RENUNCIAS HOGAR;KAGREDAG;R1 ZONA 3
septiembre de 2026;202610;25/9/2026;1;CAC CCI;CICLO FMC DIA 11-10;QUITO;985193900;Atendido;9/8/2026;985193900;1103432553;1;R1;1;RENUNCIAS;Hogar:Renuncia HFC GPON  varios conceptos;Internet;1001753842;GPON;OTROS CIERRES;CCARCELR;R1 ZONA 3
julio de 2026;202608;6/7/2026;1;CAC AMBATO;CICLO FMC DIA 11-10;AMBATO;999247344;Atendido;;;0999247344;1;R1;1;RENUNCIAS;Movil: Actualización misma tarifa down up;TELEFONIA;;GPON;RENUNCIAS HOGAR;RREINOSG;R1 ZONA 2
septiembre de 2026;202610;9/9/2026;1;CAC COCA;CICLO FMC DIA 11-10;COCA;988865652;Atendido;;988865652;0988865652;1;R1;1;SERVICIO AL CLIENTE;Hogar:Renuncia HFC GPON  varios conceptos;INTERNET;;HFC;OTROS CIERRES;VZAMBRAM;R1 ZONA 3
septiembre de 2026;202609;4/9/2026;1;CAC SAN MARINO;CICLO FMC DIA 15-14;GUAYAQUIL;988666866;Atendido;30/8/2026;;0925502254;1;R2;1;SERVICIO AL CLIENTE;Hogar:Renuncia HFC GPON  varios conceptos;Telefonia;45168813;GPON;OTROS CIERRES;SCHACONM;R2 ZONA 3
julio de 2026;202608;24/7/2026;1;CAC COCA;CICLO FMC DIA 11-10;COCA;967068530;Atendido;;967068530;0967068530;1;R1;1;RENUNCIAS;Hogar:Renuncia HFC GPON  varios conceptos;INTERNET;;GPON;OTROS CIERRES;VZAMBRAM;R1 ZONA 3
septiembre de 2026;202610;17/9/2026;1;CAC LAGUNA MALL;CICLO FMC DIA 26-25;IBARRA;991123353;Atendido;;991123353;0991123353;1;R1;1;RENUNCIAS;Movil: Renuncia servicio celular;INTERNET;;GPON;RENUNCIAS HOGAR;MCISNERA;R1 ZONA 3
julio de 2026;202608;7/7/2026;1;CAC HIPER VIA DAULE;CICLO FMC DIA 11-10;GUAYAQUIL;902217702;Atendido;19/2/2022;902217702;0902217702;1;R2;1;SERVICIO AL CLIENTE;Hogar:Renuncia HFC GPON  varios conceptos;Internet;2218322583;HFC;OTROS CIERRES;MPOZOR;R2 ZONA 1
septiembre de 2026;202610;21/9/2026;1;CAC MALL DEL RIO;CICLO FMC DIA 11-10;CUENCA;962562564;Atendido;;;0962562564;1;R2;1;RENUNCIAS;Hogar:Renuncia HFC GPON  varios conceptos;INTERNET;;HFC;RENUNCIAS HOGAR;ATORRESC;R2 ZONA 4
julio de 2026;202609;27/7/2026;1;CAC CHONE;CICLO FMC DIA 26-25;CHONE;1002715983;Atendido;17/6/2022;1002715983;1002715983;1;R2;1;RENUNCIAS;Hogar: Información de productos.;Telefonia;25100624;GPON;RENUNCIAS HOGAR;MMOREIRV;R2 ZONA 1
julio de 2026;202608;18/7/2026;1;CAC EL PORTAL;CICLO FMC DIA 11-10;QUITO;962383567;Atendido;;;0962383567;1;R1;1;RENUNCIAS;Hogar:Renuncia HFC GPON  varios conceptos;INTERNET;;HFC;RENUNCIAS HOGAR;JCORDOVG;R1 ZONA 1
septiembre de 2026;202610;9/9/2026;1;CAC LAGUNA MALL;CICLO FMC DIA 11-10;IBARRA;962740245;Atendido;;;0962740245;1;R1;1;RENUNCIAS;Movil: Renuncia servicio celular;TELEFONIA;;HFC;RENUNCIAS HOGAR;MCISNERA;R1 ZONA 3
agosto de 2026;202609;6/8/2026;1;CAC SCALA;CICLO FMC DIA 11-10;QUITO;967019037;Atendido;;967019037;0967019037;1;R1;1;RENUNCIAS;Hogar:Renuncia HFC GPON  varios conceptos;TELEFONIA;;GPON;OTROS CIERRES;GALBARRR;R1 ZONA 1
septiembre de 2026;202610;9/9/2026;1;CAC DAULE;CICLO FMC DIA 26-25;DAULE;939614635;Atendido;;939614635;0939614635;1;R2;1;RENUNCIAS;Movil Reposición de sim;INTERNET;;GPON;RENUNCIAS HOGAR;LCAICEDN;R2 ZONA 4
agosto de 2026;202609;6/8/2026;1;CAC CCI;CICLO FMC DIA 26-25;QUITO;984249941;Atendido;;;0984249941;1;R1;1;SERVICIO AL CLIENTE;Hogar:Renuncia HFC GPON  varios conceptos;INTERNET;;GPON;OTROS CIERRES;LALAVAA;R1 ZONA 3
agosto de 2026;202609;11/8/2026;1;CAC RIOCENTRO ENTRERIOS;CICLO FMC DIA 11-10;GUAYAQUIL;990948581;Atendido;;990948581;0990948581;1;R2;1;RENUNCIAS;Movil: Renuncia servicio celular;INTERNET;;GPON;RENUNCIAS HOGAR;HPENAFIO;R2 ZONA 3
septiembre de 2026;202610;1/9/2026;1;CAC COCA;CICLO FMC DIA 26-25;COCA;980394374;Atendido;;980394374;0980394374;1;R1;1;SERVICIO AL CLIENTE;Hogar:Renuncia HFC GPON  varios conceptos;TELEFONIA;;HFC;OTROS CIERRES;VZAMBRAM;R1 ZONA 3
septiembre de 2026;202609;2/9/2026;1;CAC DAULE;CICLO FMC DIA 11-10;DAULE;997438985;Atendido;;997438985;0997438985;1;R2;1;RENUNCIAS;Movil: Actualización misma tarifa down up;INTERNET;;HFC;RENUNCIAS HOGAR;KBONILLD;R2 ZONA 4
septiembre de 2026;202610;4/9/2026;1;CAC 9 DE OCTUBRE;CICLO FMC DIA 28-27;GUAYAQUIL;911859189;Atendido;27/1/2026;911859189;0911859189;1;R2;1;SERVICIO AL CLIENTE;Hogar:Renuncia HFC GPON  varios conceptos;Internet;1001510419;GPON;OTROS CIERRES;SMEDINAD;R2 ZONA 3
julio de 2026;202608;15/7/2026;1;CAC CONDADO;CICLO FMC DIA 26-25;QUITO;998716421;Atendido;;;0998716421;1;R1;1;RENUNCIAS;Hogar:Renuncia HFC GPON  varios conceptos;TELEFONIA;;HFC;OTROS CIERRES;CMINANGJ;R1 ZONA 1
agosto de 2026;202609;11/8/2026;1;CAC EL PORTAL;CICLO FMC DIA 26-25;QUITO;968832066;Atendido;29/9/2022;968832066;1714337498;1;R1;1;SERVICIO AL CLIENTE;Hogar:Renuncia HFC GPON  varios conceptos;Television;1000097459;HFC;OTROS CIERRES;NGONZALC;R1 ZONA 1
agosto de 2026;202609;10/8/2026;1;CAC EL RECREO 2;CICLO FMC DIA 11-10;QUITO;960813034;Atendido;;;0960813034;1;R1;1;RENUNCIAS;Movil: Renuncia servicio celular;INTERNET;;HFC;RENUNCIAS HOGAR;KSILVAE;R1 ZONA 2
septiembre de 2026;202610;25/9/2026;1;CAC COCA;CICLO FMC DIA 11-10;COCA;969529212;Atendido;;969529212;0969529212;1;R1;1;SERVICIO AL CLIENTE;Hogar:Renuncia HFC GPON  varios conceptos;TELEVISION;;HFC;OTROS CIERRES;JSANTILA;R1 ZONA 3
julio de 2026;202607;13/7/2026;1;CAC MANTA;CICLO FMC DIA 21-20;MANTA;988375182;Atendido;15/4/2026;988375182;0906640446;1;R2;1;RENUNCIAS;Movil:Actualización de datos dirección correo;Telefonia;55020751;GPON;RENUNCIAS HOGAR;CBRAVOV;R2 ZONA 1
agosto de 2026;202609;17/8/2026;1;CAC LOJA;CICLO FMC DIA 11-10;LOJA;981406434;Atendido;29/1/2023;1100645520;1100645520;1;R2;1;RENUNCIAS;Movil:Actualización de datos dirección correo;Telefonia;25187498;HFC;RENUNCIAS HOGAR;VBRAVOJ;R2 ZONA 1
julio de 2026;202609;22/7/2026;1;CAC PASEO RIOBAMBA;CICLO FMC DIA 26-25;RIOBAMBA;995552008;Atendido;;995552008;0995552008;1;R1;1;SERVICIO AL CLIENTE;Hogar:Renuncia HFC GPON  varios conceptos;INTERNET;;HFC;OTROS CIERRES;PMONCAYB;R1 ZONA 2
julio de 2026;202608;29/7/2026;1;CAC COCA;CICLO FMC DIA 11-10;COCA;969758141;Atendido;;969758141;0969758141;1;R1;1;RENUNCIAS;Hogar:Renuncia HFC GPON  varios conceptos;INTERNET;;HFC;OTROS CIERRES;VZAMBRAM;R1 ZONA 3
julio de 2026;202609;21/7/2026;1;CAC QUICENTRO SUR;CICLO FMC DIA 26-25;QUITO;961013991;Atendido;;961013991;0961013991;1;R1;1;RENUNCIAS;Hogar:Renuncia derivada del Kiosko;INTERNET;;HFC;RENUNCIAS HOGAR;LLUCEROG;R1 ZONA 2
julio de 2026;202607;3/7/2026;1;CAC LAGUNA MALL;CICLO FMC DIA 11-10;IBARRA;980363200;Atendido;;;0980363200;1;R1;1;RENUNCIAS;Movil/Hogar: Consulta Saldos;INTERNET;;GPON;RENUNCIAS HOGAR;ORIASCOC;R1 ZONA 3
julio de 2026;202608;20/7/2026;1;CAC LAGUNA MALL;CICLO FMC DIA 26-25;IBARRA;998678881;Atendido;25/9/2024;998678881;1001632270;1;R1;1;SERVICIO AL CLIENTE;Hogar:Renuncia HFC GPON  varios conceptos;Internet;1000828701;GPON;OTROS CIERRES;MCISNERA;R1 ZONA 3
agosto de 2026;202608;5/8/2026;1;CAC GALAPAGOS;CICLO FMC DIA 11-10;GALAPAGOS;996109377;Atendido;;996109377;0996109377;1;R2;1;SERVICIO AL CLIENTE;Hogar:Renuncia HFC GPON  varios conceptos;TELEFONIA;;HFC;OTROS CIERRES;FALAVAG;R2 ZONA 4
julio de 2026;202607;9/7/2026;1;CAC LAGUNA MALL;CICLO FMC DIA 21-20;IBARRA;969036081;Atendido;20/5/2026;969036081;1003263421;1;R1;1;SERVICIO AL CLIENTE;Hogar:Renuncia HFC GPON  varios conceptos;Internet;1001653613;GPON;OTROS CIERRES;MCISNERA;R1 ZONA 3
julio de 2026;202608;23/7/2026;1;CAC PASEO PLAYAS;CICLO FMC DIA 15-14;PLAYAS;601323108;Atendido;14/7/2026;601323108;0601323108;1;R2;1;RENUNCIAS;Hogar:Intermitencia Internet Lento sin servicio;Internet;1001720233;GPON;RENUNCIAS HOGAR;DMOYAP;R2 ZONA 2
julio de 2026;202607;9/7/2026;1;CAC QUEVEDO CENTRO;CICLO FMC DIA 15-14;QUEVEDO;1800973248;Atendido;12/3/2024;1800973248;1800973248;1;R2;1;RENUNCIAS;Movil:Actualización de datos dirección correo;Internet;1000591091;GPON;RENUNCIAS HOGAR;JPLUASAG;R2 ZONA 1
septiembre de 2026;202610;4/9/2026;1;CAC PASEO QUEVEDO;CICLO FMC DIA 26-25;QUEVEDO;1716488174;Atendido;;1716488174;1716488174;1;R2;1;RENUNCIAS;Movil:Actualización de datos dirección correo;INTERNET;;HFC;RENUNCIAS HOGAR;CMURILLI;R2 ZONA 1
septiembre de 2026;202610;9/9/2026;1;CAC MALL DEL PACIFICO;CICLO FMC DIA 26-25;MANTA;993585966;Atendido;;;0993585966;1;R2;1;RENUNCIAS;Hogar:Renuncia HFC GPON  varios conceptos;INTERNET;;GPON;RENUNCIAS HOGAR;FSANCHEO;R2 ZONA 1
septiembre de 2026;202610;7/9/2026;1;CAC LAGUNA MALL;CICLO FMC DIA 11-10;IBARRA;994537911;Atendido;1/6/2021;994537911;1001840915;1;R1;1;RENUNCIAS;Hogar:Renuncia HFC GPON  varios conceptos;Internet;2217051238;GPON;RENUNCIAS HOGAR;MCISNERA;R1 ZONA 3
julio de 2026;202607;3/7/2026;1;CAC PASEO PORTOVIEJO;CICLO FMC DIA 24-23;PORTOVIEJO;1311528739;Atendido;19/8/2023;1311528739;1311528739;1;R2;1;RENUNCIAS;Hogar:Renuncia HFC GPON  varios conceptos;Internet;1000385835;GPON;RENUNCIAS HOGAR;MRENGIFP;R2 ZONA 3
julio de 2026;202608;16/7/2026;1;CAC SCALA;CICLO FMC DIA 11-10;QUITO;967648879;Atendido;;967648879;0967648879;1;R1;1;RENUNCIAS;Hogar:Renuncia HFC GPON  varios conceptos;INTERNET;;GPON;OTROS CIERRES;GALBARRR;R1 ZONA 1
agosto de 2026;202608;4/8/2026;1;CAC COCA;CICLO FMC DIA 11-10;COCA;999417170;Atendido;;999417170;0999417170;1;R1;1;RENUNCIAS;Hogar:Renuncia HFC GPON  varios conceptos;INTERNET;;GPON;OTROS CIERRES;JSANTILA;R1 ZONA 3
septiembre de 2026;202610;7/9/2026;1;CAC COCA;CICLO FMC DIA 26-25;COCA;989517849;Atendido;;989517849;0989517849;1;R1;1;RENUNCIAS;Hogar:Renuncia HFC GPON  varios conceptos;TELEFONIA;;HFC;OTROS CIERRES;JSANTILA;R1 ZONA 3
julio de 2026;202609;28/7/2026;1;CAC PASEO PORTOVIEJO;CICLO FMC DIA 26-25;PORTOVIEJO;1315036150;Atendido;;;1315036150;1;R2;1;RENUNCIAS;Movil Pago: consumo masivo;TELEFONIA;;HFC;RENUNCIAS HOGAR;KBRAVOP2;R2 ZONA 3
septiembre de 2026;202610;21/9/2026;1;CAC PASEO VIA DAULE;CICLO FMC DIA 2-1;GUAYAQUIL;989651332;Atendido;11/6/2025;989651332;0930488325;1;R2;1;SERVICIO AL CLIENTE;Hogar:Renuncia HFC GPON  varios conceptos;Television;1001208329;GPON;OTROS CIERRES;EPINT;R2 ZONA 3
julio de 2026;202609;23/7/2026;1;CAC RIOCENTRO SUR;CICLO FMC DIA 26-25;GUAYAQUIL;991058620;Atendido;2/12/2020;991058620;0905293346;1;R2;1;RENUNCIAS;Hogar:Renuncia HFC GPON  varios conceptos;Internet;2216114648;HFC;OTROS CIERRES;KJUMBOP;R2 ZONA 4
julio de 2026;202608;20/7/2026;1;CAC PASEO RIOBAMBA;CICLO FMC DIA 26-25;RIOBAMBA;995552008;Atendido;;995552008;0995552008;1;R1;1;RENUNCIAS;Movil Reposición de sim;INTERNET;;HFC;RENUNCIAS HOGAR;MOROZCOM;R1 ZONA 2
septiembre de 2026;202610;15/9/2026;1;CAC MALL DEL PACIFICO;CICLO FMC DIA 11-10;MANTA;991841869;Atendido;;991841869;0991841869;1;R2;1;RENUNCIAS;Movil: Renuncia servicio celular;INTERNET;;HFC;RENUNCIAS HOGAR;MGARCIAM;R2 ZONA 1
agosto de 2026;202608;5/8/2026;1;CAC MALL DEL PACIFICO;CICLO FMC DIA 11-10;MANTA;1305120493;Atendido;15/12/2015;1305120493;1305120493;1;R2;1;SERVICIO AL CLIENTE;Hogar:Renuncia HFC GPON  varios conceptos;Internet;2203937408;HFC;OTROS CIERRES;KALAVAUK;R2 ZONA 1
julio de 2026;202608;13/7/2026;1;CAC COCA;CICLO FMC DIA 26-25;COCA;994738476;Atendido;;994738476;0994738476;1;R1;1;RENUNCIAS;Hogar:Renuncia HFC GPON  varios conceptos;TELEFONIA;;HFC;OTROS CIERRES;ARUIZI;R1 ZONA 3
julio de 2026;202607;1/7/2026;1;CAC SCALA;CICLO FMC DIA 11-10;QUITO;999568205;Atendido;3/4/2026;1702244763;1702244763;1;R1;1;SERVICIO AL CLIENTE;Hogar:Renuncia HFC GPON  varios conceptos;Internet;1001590988;GPON;OTROS CIERRES;PDELGADK;R1 ZONA 1
septiembre de 2026;202611;21/9/2026;1;CAC COCA;CICLO FMC DIA 26-25;COCA;962146729;Atendido;;;0962146729;1;R1;1;RENUNCIAS;Movil Pago: consumo masivo;TELEFONIA;;HFC;RENUNCIAS HOGAR;VZAMBRAM;R1 ZONA 3
julio de 2026;202608;6/7/2026;1;CAC QUEVEDO CENTRO;CICLO FMC DIA 11-10;QUEVEDO;990980144;Atendido;30/12/2020;990980144;1200958336;1;R2;1;RENUNCIAS;Movil:Actualización de datos dirección correo;Telefonia;55002057;GPON;RENUNCIAS HOGAR;JPLUASAG;R2 ZONA 1
septiembre de 2026;202609;1/9/2026;1;CAC LAGO AGRIO;CICLO FMC DIA 11-10;LAGO AGRIO;958687267;Atendido;;;0958687267;1;R1;1;RENUNCIAS;Hogar:Renuncia HFC GPON  varios conceptos;INTERNET;;HFC;RENUNCIAS HOGAR;JURJILER;R1 ZONA 3
agosto de 2026;202610;27/8/2026;1;CAC EL PORTAL;CICLO FMC DIA 24-23;QUITO;990323924;Atendido;10/1/2025;990323924;1700316118;1;R1;1;RENUNCIAS;Movil: Renuncia derivada del Kiosko;Internet;1000972190;GPON;FMC;GMERAC;R1 ZONA 1
julio de 2026;202608;7/7/2026;1;CAC LAGUNA MALL;CICLO FMC DIA 11-10;IBARRA;984079890;Atendido;;;0984079890;1;R1;1;RENUNCIAS; Información de productos;TELEVISION;;HFC;RENUNCIAS HOGAR;PMUNOZS;R1 ZONA 3
septiembre de 2026;202610;28/9/2026;1;CAC DAULE;CICLO FMC DIA 11-10;DAULE;981658606;Atendido;9/6/2026;981658606;0921641551;1;R2;1;RENUNCIAS;Movil: Reclamo Facturación.;Telefonia;45095626;GPON;RENUNCIAS HOGAR;XREINOSR;R2 ZONA 4
septiembre de 2026;202610;9/9/2026;1;CAC EL BOSQUE;CICLO FMC DIA 11-10;QUITO;990384840;Atendido;27/8/2022;990384840;1704292448;1;R1;1;SERVICIO AL CLIENTE;Hogar:Renuncia HFC GPON  varios conceptos;Cloud;18877717;HFC;OTROS CIERRES;CHERRERC;R1 ZONA 2
agosto de 2026;202609;6/8/2026;1;CAC LAGUNA MALL;CICLO FMC DIA 11-10;IBARRA;980639839;Atendido;;980639839;0980639839;1;R1;1;RENUNCIAS;Hogar:Renuncia HFC GPON  varios conceptos;TELEFONIA;;GPON;OTROS CIERRES;MCISNERA;R1 ZONA 3
julio de 2026;202608;28/7/2026;1;CAC QUEVEDO CENTRO;CICLO FMC DIA 11-10;QUEVEDO;959623359;Atendido;;959623359;0959623359;1;R2;1;RENUNCIAS;Movil Pago: consumo masivo;TELEVISION;;HFC;RENUNCIAS HOGAR;VCANTOS;R2 ZONA 1
agosto de 2026;202610;28/8/2026;1;CAC RIOCENTRO ENTRERIOS;CICLO FMC DIA 26-25;GUAYAQUIL;987230253;Atendido;;987230253;0987230253;1;R2;1;RENUNCIAS;Hogar:Renuncia HFC GPON  varios conceptos;TELEFONIA;;HFC;RENUNCIAS HOGAR;HPENAFIO;R2 ZONA 3
agosto de 2026;202609;25/8/2026;1;CAC MALL DEL PACIFICO;CICLO FMC DIA 11-10;MANTA;962647730;Atendido;9/12/2025;962647730;3050312671;1;R2;1;RENUNCIAS;Movil: Renuncia servicio celular;Telefonia;55731397;GPON;RENUNCIAS HOGAR;LBAILONM;R2 ZONA 1
julio de 2026;202608;21/7/2026;1;CAC QUEVEDO CENTRO;CICLO FMC DIA 19-18;QUEVEDO;1203336373;Atendido;18/4/2025;1203336373;1203336373;1;R2;1;RENUNCIAS;Movil Pago: consumo masivo;Telefonia;55017093;GPON;RENUNCIAS HOGAR;LGALLEGF;R2 ZONA 1
julio de 2026;202607;1/7/2026;1;CAC LAGUNA MALL;CICLO FMC DIA 11-10;IBARRA;998216472;Atendido;29/10/2023;998216472;1001392883;1;R1;1;SERVICIO AL CLIENTE;Hogar:Renuncia HFC GPON  varios conceptos;Television;1000460386;GPON;OTROS CIERRES;MCISNERA;R1 ZONA 3
julio de 2026;202608;16/7/2026;1;CAC SCALA;CICLO FMC DIA 11-10;QUITO;997707028;Atendido;;997707028;0997707028;1;R1;1;SERVICIO AL CLIENTE;Hogar:Renuncia HFC GPON  varios conceptos;INTERNET;;GPON;OTROS CIERRES;GALBARRR;R1 ZONA 1
septiembre de 2026;202610;7/9/2026;1;CAC PASEO PLAYAS;CICLO FMC DIA 11-10;PLAYAS;996910784;Atendido;;996910784;0996910784;1;R2;1;RENUNCIAS;Movil: Renuncia servicio celular;TELEFONIA;;HFC;RENUNCIAS HOGAR;JMOREIRM;R2 ZONA 2
julio de 2026;202608;22/7/2026;1;CAC RIOCENTRO ENTRERIOS;CICLO FMC DIA 11-10;GUAYAQUIL;987628538;Atendido;;;0987628538;1;R2;1;RENUNCIAS;Hogar:Renuncia HFC GPON  varios conceptos;INTERNET;;HFC;RENUNCIAS HOGAR;DPOVEDAM;R2 ZONA 3
julio de 2026;202608;21/7/2026;1;CAC EL RECREO 2;CICLO FMC DIA 11-10;QUITO;995980444;Atendido;;995980444;0995980444;1;R1;1;RENUNCIAS;Hogar:Renuncia derivada del Kiosko;INTERNET;;GPON;RENUNCIAS HOGAR;CPEREZG;R1 ZONA 2
agosto de 2026;202610;23/8/2026;1;CAC EL PORTAL;CICLO FMC DIA 26-25;QUITO;995776400;Atendido;;;0995776400;1;R1;1;RENUNCIAS;Hogar:Renuncia HFC GPON  varios conceptos;TELEFONIA;;GPON;OTROS CIERRES;DCOBOSP;R1 ZONA 1
agosto de 2026;202609;11/8/2026;1;CAC CONDADO;CICLO FMC DIA 26-25;QUITO;996225304;Atendido;;;0996225304;1;R1;1;SERVICIO AL CLIENTE;Hogar:Renuncia HFC GPON  varios conceptos;INTERNET;;HFC;OTROS CIERRES;CMINANGJ;R1 ZONA 1
septiembre de 2026;202610;4/9/2026;1;CAC BOMBOLI;CICLO FMC DIA 26-25;SANTO DOMINGO;981824935;Atendido;;981824935;0981824935;1;R1;1;RENUNCIAS;Hogar:Renuncia HFC GPON  varios conceptos;INTERNET;;HFC;RENUNCIAS HOGAR;JESPINME;R1 ZONA 1
agosto de 2026;202609;7/8/2026;1;CAC COCA;CICLO FMC DIA 26-25;COCA;962019629;Atendido;;;0962019629;1;R1;1;RENUNCIAS;Movil Pago: consumo masivo;TELEFONIA;;HFC;RENUNCIAS HOGAR;JSANTILA;R1 ZONA 3
agosto de 2026;202609;8/8/2026;1;CAC EL RECREO;CICLO FMC DIA 26-25;QUITO;997251320;Atendido;;997251320;0997251320;1;R1;1;RENUNCIAS;Renuncia servicio corporativo;TELEFONIA;;HFC;RENUNCIAS HOGAR;ECTFTERQ;R1 ZONA 2
agosto de 2026;202609;12/8/2026;1;CAC CONDADO;CICLO FMC DIA 26-25;QUITO;986165604;Atendido;;986165604;0986165604;1;R1;1;RENUNCIAS;Hogar:Renuncia HFC GPON  varios conceptos;INTERNET;;GPON;OTROS CIERRES;CMINANGJ;R1 ZONA 1
septiembre de 2026;202611;21/9/2026;1;CAC LAGUNA MALL;CICLO FMC DIA 26-25;IBARRA;988308946;Atendido;;988308946;0988308946;1;R1;1;RENUNCIAS;Hogar:Renuncia HFC GPON  varios conceptos;INTERNET;;GPON;RENUNCIAS HOGAR;MCISNERA;R1 ZONA 3
agosto de 2026;202610;25/8/2026;1;CAC EL PORTAL;CICLO FMC DIA 26-25;QUITO;995874676;Atendido;;;0995874676;1;R1;1;RENUNCIAS;Hogar:Renuncia HFC GPON  varios conceptos;TELEFONIA;;GPON;OTROS CIERRES;NGONZALC;R1 ZONA 1
septiembre de 2026;202609;4/9/2026;1;CAC URDESA;CICLO FMC DIA 19-18;GUAYAQUIL;932268311;Atendido;18/8/2026;932268311;0932268311;1;R2;1;SERVICIO AL CLIENTE;Hogar Pago: consumo masivo;Internet;1001763662;GPON;FMC;ACEVALLP;R2 ZONA 2
septiembre de 2026;202610;25/9/2026;1;CAC CCI;CICLO FMC DIA 24-23;QUITO;939473511;Atendido;22/9/2026;;1715724413;1;R1;1;RENUNCIAS;Hogar:Renuncia HFC GPON  varios conceptos;Internet;1001809234;GPON;OTROS CIERRES;LALAVAA;R1 ZONA 3
julio de 2026;202609;27/7/2026;1;CAC RIOCENTRO SUR;CICLO FMC DIA 26-25;GUAYAQUIL;926579814;Atendido;15/1/2018;;0926579814;1;R2;1;SERVICIO AL CLIENTE;Hogar:Renuncia HFC GPON  varios conceptos;Internet;2209814875;GPON;OTROS CIERRES;PSALVATP;R2 ZONA 4
agosto de 2026;202609;4/8/2026;1;CAC PASEO SANTO DOMINGO;CICLO FMC DIA 2-1;SANTO DOMINGO;993324336;Atendido;29/10/2023;993324336;1301866172;1;R1;1;SERVICIO AL CLIENTE;Hogar:Renuncia HFC GPON  varios conceptos;Internet;1000459386;GPON;OTROS CIERRES;SCABRERJ;R1 ZONA 1
agosto de 2026;202609;9/8/2026;1;CAC EL RECREO 2;CICLO FMC DIA 11-10;QUITO;999927475;Atendido;;;0999927475;1;R1;1;RENUNCIAS;Movil: Renuncia servicio celular;TELEVISION;;HFC;RENUNCIAS HOGAR;MSANCHE3;R1 ZONA 2
septiembre de 2026;202611;21/9/2026;1;CAC DAULE;CICLO FMC DIA 26-25;DAULE;994519886;Atendido;;994519886;0994519886;1;R2;1;RENUNCIAS;Hogar:Cambio de equipo y/o control remoto;INTERNET;;GPON;RENUNCIAS HOGAR;GBARZOLO;R2 ZONA 4
septiembre de 2026;202610;3/9/2026;1;CAC MULTIPLAZA PORTOVIEJO;CICLO FMC DIA 24-23;PORTOVIEJO;1304133612;Atendido;23/8/2025;1304133612;1304133612;1;R2;1;SERVICIO AL CLIENTE;Hogar:Renuncia HFC GPON  varios conceptos;Telefonia;55026069;GPON;OTROS CIERRES;YMENDOZP;R2 ZONA 3
julio de 2026;202609;31/7/2026;1;CAC RIOCENTRO ENTRERIOS;CICLO FMC DIA 26-25;GUAYAQUIL;993255782;Atendido;;993255782;0993255782;1;R2;1;RENUNCIAS;Renuncia servicio corporativo;INTERNET;;HFC;RENUNCIAS HOGAR;DBRICENM;R2 ZONA 3
septiembre de 2026;202610;17/9/2026;1;CAC PASEO PLAYAS;CICLO FMC DIA 26-25;PLAYAS;961836005;Atendido;;;0961836005;1;R2;1;RENUNCIAS;Hogar:Renuncia HFC GPON  varios conceptos;TELEVISION;;GPON;RENUNCIAS HOGAR;DMOYAP;R2 ZONA 2
julio de 2026;202608;15/7/2026;1;CAC COCA;CICLO FMC DIA 11-10;COCA;981839977;Atendido;;981839977;0981839977;1;R1;1;RENUNCIAS;Hogar:Renuncia HFC GPON  varios conceptos;TELEFONIA;;HFC;OTROS CIERRES;ARUIZI;R1 ZONA 3
agosto de 2026;202609;19/8/2026;1;CAC EL RECREO;CICLO FMC DIA 11-10;QUITO;990802797;Atendido;;990802797;0990802797;1;R1;1;RENUNCIAS;Movil: Renuncia servicio celular;INTERNET;;HFC;RENUNCIAS HOGAR;ECTFTERQ;R1 ZONA 2
septiembre de 2026;202609;4/9/2026;1;CAC HIPERMARKET BUIJO;CICLO FMC DIA 11-10;GUAYAQUIL;989436237;Atendido;;989436237;0989436237;1;R2;1;RENUNCIAS;Movil: Renuncia servicio celular;INTERNET;;GPON;RENUNCIAS HOGAR;WLOPEZB;R2 ZONA 4
agosto de 2026;202609;23/8/2026;1;CAC PASEO PLAYAS;CICLO FMC DIA 11-10;PLAYAS;969078719;Atendido;;;0969078719;1;R2;1;RENUNCIAS;Movil: Renuncia servicio celular;TELEFONIA;;HFC;RENUNCIAS HOGAR;SZAMBRAP;R2 ZONA 2
septiembre de 2026;202610;8/9/2026;1;CAC MALL DEL RIO;CICLO FMC DIA 11-10;CUENCA;963160781;Atendido;;;0963160781;1;R2;1;RENUNCIAS;Movil: Renuncia servicio celular;INTERNET;;GPON;RENUNCIAS HOGAR;ILOORO;R2 ZONA 4
septiembre de 2026;202610;2/9/2026;1;CAC AZOGUES;CICLO FMC DIA 2-1;AZOGUES;152066908;Atendido;28/8/2025;152066908;0152066908;1;R2;1;RENUNCIAS;Hogar:Renuncia HFC GPON  varios conceptos;Internet;1001328171;GPON;RENUNCIAS HOGAR;JARIASG;R2 ZONA 4
julio de 2026;202608;18/7/2026;1;CAC LAGUNA MALL;CICLO FMC DIA 26-25;IBARRA;998906345;Atendido;;;0998906345;1;R1;1;SERVICIO AL CLIENTE;Hogar:Renuncia HFC GPON  varios conceptos;INTERNET;;HFC;OTROS CIERRES;MCISNERA;R1 ZONA 3
septiembre de 2026;202610;7/9/2026;1;CAC PUYO;CICLO FMC DIA 26-25;PUYO;983421788;Atendido;;983421788;0983421788;1;R1;1;RENUNCIAS;Movil Pago: consumo masivo;TELEFONIA;;GPON;RENUNCIAS HOGAR;ABURGOSC;R1 ZONA 1
agosto de 2026;202608;6/8/2026;1;CAC CHONE;CICLO FMC DIA 15-14;CHONE;1309865333;Atendido;13/4/2026;1309865333;1309865333;1;R2;1;RENUNCIAS;Hogar:Renuncia HFC GPON  varios conceptos;Internet;1001598699;GPON;RENUNCIAS HOGAR;CCASTROE;R2 ZONA 1
julio de 2026;202608;6/7/2026;1;CAC COCA;CICLO FMC DIA 26-25;COCA;988669856;Atendido;;988669856;0988669856;1;R1;1;RENUNCIAS;Hogar:Renuncia HFC GPON  varios conceptos;INTERNET;;HFC;OTROS CIERRES;VZAMBRAM;R1 ZONA 3
septiembre de 2026;202610;9/9/2026;1;CAC PASEO PORTOVIEJO;CICLO FMC DIA 24-23;PORTOVIEJO;994653136;Atendido;15/8/2023;994653136;1313457457;1;R2;1;RENUNCIAS;Hogar:Renuncia HFC GPON  varios conceptos;Internet;1000385386;GPON;OTROS CIERRES;MRENGIFP;R2 ZONA 3
julio de 2026;202608;4/7/2026;1;CAC DAULE;CICLO FMC DIA 8-7;DAULE;997078939;Atendido;7/6/2025;997078939;0914666847;1;R2;1;RENUNCIAS;Hogar: Reclamo  Facturación.;Telefonia;45206074;GPON;RENUNCIAS HOGAR;KLAVAYEV;R2 ZONA 4
agosto de 2026;202609;13/8/2026;1;CAC IBARRA;CICLO FMC DIA 11-10;IBARRA;988165760;Atendido;;;0988165760;1;R1;1;RENUNCIAS;Renuncia servicio corporativo;INTERNET;;HFC;RENUNCIAS HOGAR;CCHAVEZN;R1 ZONA 3
agosto de 2026;202609;20/8/2026;1;CAC MALL DEL RIO;CICLO FMC DIA 26-25;CUENCA;993122423;Atendido;;993122423;0993122423;1;R2;1;RENUNCIAS;Movil: Renuncia servicio celular;INTERNET;;HFC;RENUNCIAS HOGAR;ILOORO;R2 ZONA 4
agosto de 2026;202609;3/8/2026;1;CAC PASEO VIA DAULE;CICLO FMC DIA 26-25;GUAYAQUIL;920136496;Atendido;29/11/2024;920136496;0920136496;1;R2;1;RENUNCIAS;Movil/Hogar: Consulta Saldos;Television;1000914676;GPON;RENUNCIAS HOGAR;OPENAFIQ;R2 ZONA 3
septiembre de 2026;202610;24/9/2026;1;CAC MALL DEL RIO;CICLO FMC DIA 11-10;CUENCA;983137269;Atendido;;;0983137269;1;R2;1;RENUNCIAS;Movil: Renuncia servicio celular;TELEFONIA;;GPON;RENUNCIAS HOGAR;ATORRESC;R2 ZONA 4
septiembre de 2026;202610;24/9/2026;1;CAC EL JARDIN;CICLO FMC DIA 11-10;QUITO;986637477;Atendido;;;0986637477;1;R1;1;RENUNCIAS;Hogar:Renuncia HFC GPON  varios conceptos;TELEFONIA;;HFC;OTROS CIERRES;PORELLAR;R1 ZONA 3
septiembre de 2026;202610;7/9/2026;1;CAC MILAGRO;CICLO FMC DIA 11-10;MILAGRO;989895246;Atendido;;989895246;0989895246;1;R2;1;RENUNCIAS;Hogar:Renuncia derivada del Kiosko;TELEFONIA;;HFC;RENUNCIAS HOGAR;MMOLINAZ;R2 ZONA 3
septiembre de 2026;202610;7/9/2026;1;CAC RIOCENTRO ENTRERIOS;CICLO FMC DIA 24-23;GUAYAQUIL;910053966;Atendido;8/8/2026;;0910053966;1;R2;1;RENUNCIAS;Hogar:Renuncia HFC GPON  varios conceptos;Internet;1001747290;GPON;OTROS CIERRES;DPOVEDAM;R2 ZONA 3
julio de 2026;202608;8/7/2026;1;CAC LAGUNA MALL;CICLO FMC DIA 8-7;IBARRA;979046177;Atendido;3/1/2026;1003853593;1003853593;1;R1;1;RENUNCIAS;Movil Pago: consumo masivo;Television;1001482230;GPON;RENUNCIAS HOGAR;AVIVANCP;R1 ZONA 3
julio de 2026;202609;28/7/2026;1;CAC SCALA;CICLO FMC DIA 26-25;QUITO;998110143;Atendido;;998110143;0998110143;1;R1;1;RENUNCIAS;Hogar:Renuncia HFC GPON  varios conceptos;TELEFONIA;;HFC;OTROS CIERRES;GALBARRR;R1 ZONA 1
septiembre de 2026;202610;14/9/2026;1;CAC COCA;CICLO FMC DIA 11-10;COCA;959814137;Atendido;;959814137;0959814137;1;R1;1;RENUNCIAS;Hogar:Renuncia HFC GPON  varios conceptos;INTERNET;;HFC;OTROS CIERRES;VZAMBRAM;R1 ZONA 3
agosto de 2026;202609;17/8/2026;1;CAC MALL DEL RIO;CICLO FMC DIA 26-25;CUENCA;997369057;Atendido;;997369057;0997369057;1;R2;1;RENUNCIAS;Movil: Renuncia servicio celular;TELEFONIA;;HFC;RENUNCIAS HOGAR;ATORRESC;R2 ZONA 4
julio de 2026;202609;23/7/2026;1;CAC MANTA;CICLO FMC DIA 26-25;MANTA;967146014;Atendido;;967146014;0967146014;1;R2;1;RENUNCIAS;Movil Pago: consumo masivo;TELEFONIA;;GPON;RENUNCIAS HOGAR;JZAMBRAM;R2 ZONA 1
julio de 2026;202608;16/7/2026;1;CAC LAGUNA MALL;CICLO FMC DIA 26-25;IBARRA;986401833;Atendido;;986401833;0986401833;1;R1;1;RENUNCIAS;Hogar: Traslado de Servicio;INTERNET;;HFC;RENUNCIAS HOGAR;NGARCIAT;R1 ZONA 3
septiembre de 2026;202610;8/9/2026;1;CAC MALL DEL RIO;CICLO FMC DIA 26-25;CUENCA;991865020;Atendido;;991865020;0991865020;1;R2;1;RENUNCIAS;Movil: Renuncia servicio celular;INTERNET;;HFC;RENUNCIAS HOGAR;ILOORO;R2 ZONA 4
agosto de 2026;202609;20/8/2026;1;CAC CITYMALL;CICLO FMC DIA 26-25;GUAYAQUIL;982040205;Atendido;;;0982040205;1;R2;1;SERVICIO AL CLIENTE;Hogar:Renuncia HFC GPON  varios conceptos;INTERNET;;GPON;OTROS CIERRES;CRETTOH;R2 ZONA 4
agosto de 2026;202610;29/8/2026;1;CAC PASEO PLAYAS;CICLO FMC DIA 26-25;PLAYAS;968671906;Atendido;;968671906;0968671906;1;R2;1;RENUNCIAS;Movil: Renuncia servicio celular;INTERNET;;HFC;RENUNCIAS HOGAR;ORIOFRIR;R2 ZONA 2
agosto de 2026;202609;5/8/2026;1;CAC MILAGRO;CICLO FMC DIA 2-1;MILAGRO;993468623;Atendido;2/7/2026;993468623;0956330997;1;R2;1;RENUNCIAS;Movil/Hogar: Consulta Saldos;Telefonia;45152117;GPON;RENUNCIAS HOGAR;CCAJASC;R2 ZONA 3
septiembre de 2026;202610;7/9/2026;1;CAC PASEO LA LIBERTAD;CICLO FMC DIA 26-25;LA LIBERTAD;989406802;Atendido;;;0989406802;1;R2;1;SERVICIO AL CLIENTE;Hogar:Renuncia HFC GPON  varios conceptos;TELEFONIA;;GPON;OTROS CIERRES;RCDENOR;R2 ZONA 2
agosto de 2026;202608;5/8/2026;1;CAC EL DORADO;CICLO FMC DIA 11-10;GUAYAQUIL;995901905;Atendido;;995901905;0995901905;1;R2;1;SERVICIO AL CLIENTE;Hogar:Renuncia HFC GPON  varios conceptos;INTERNET;;HFC;OTROS CIERRES;KCALEROV;R2 ZONA 3
julio de 2026;202608;28/7/2026;1;CAC LOJA;CICLO FMC DIA 24-23;LOJA;1102175450;Atendido;23/9/2025;1102175450;1102175450;1;R2;1;SERVICIO AL CLIENTE;Hogar:Renuncia HFC GPON  varios conceptos;Internet;1001366843;GPON;OTROS CIERRES;GESPINOT;R2 ZONA 1
septiembre de 2026;202610;18/9/2026;1;CAC RIOCENTRO ENTRERIOS;CICLO FMC DIA 11-10;GUAYAQUIL;993425439;Atendido;;;0993425439;1;R2;1;RENUNCIAS;Movil: Renuncia servicio celular;INTERNET;;HFC;RENUNCIAS HOGAR;MBRITOA;R2 ZONA 3
septiembre de 2026;202610;25/9/2026;1;CAC MALL DEL RIO;CICLO FMC DIA 11-10;CUENCA;981398990;Atendido;;981398990;0981398990;1;R2;1;RENUNCIAS;Renuncia servicio corporativo;INTERNET;;GPON;RENUNCIAS HOGAR;HFIGUERZ;R2 ZONA 4
julio de 2026;202608;18/7/2026;1;CAC MALL DEL SOL;CICLO FMC DIA 11-10;GUAYAQUIL;930184668;Atendido;29/7/2024;;0930184668;1;R2;1;RENUNCIAS;Hogar:Renuncia HFC GPON  varios conceptos;Internet;1000742541;GPON;OTROS CIERRES;AAYALAT;R2 ZONA 4
septiembre de 2026;202611;25/9/2026;1;CAC MALL DEL RIO;CICLO FMC DIA 26-25;CUENCA;984637430;Atendido;;984637430;0984637430;1;R2;1;RENUNCIAS;Renuncia servicio corporativo;INTERNET;;HFC;RENUNCIAS HOGAR;HFIGUERZ;R2 ZONA 4
julio de 2026;202608;25/7/2026;1;CAC MALL DEL SUR;CICLO FMC DIA 4-3;GUAYAQUIL;989056016;Atendido;3/6/2024;;0928898212;1;R2;1;SERVICIO AL CLIENTE;Hogar:Renuncia derivada del Kiosko;Internet;1000679366;GPON;FMC;DMALDONP;R2 ZONA 2
septiembre de 2026;202609;4/9/2026;1;CAC DAULE;CICLO FMC DIA 11-10;DAULE;959865207;Atendido;;959865207;0959865207;1;R2;1;RENUNCIAS;Movil/Hogar: Consulta Saldos;INTERNET;;GPON;RENUNCIAS HOGAR;AMOREIRA;R2 ZONA 4
agosto de 2026;202609;26/8/2026;1;CAC MALL DEL RIO;CICLO FMC DIA 2-1;CUENCA;984621722;Atendido;26/9/2023;984621722;0105772701;1;R2;1;SERVICIO AL CLIENTE; Información de productos;Internet;1000425376;GPON;FMC;OOCHOAS;R2 ZONA 4
agosto de 2026;202610;31/8/2026;1;CAC CONDADO;CICLO FMC DIA 26-25;QUITO;994064211;Atendido;;994064211;0994064211;1;R1;1;RENUNCIAS;Hogar:Renuncia HFC GPON  varios conceptos;TELEFONIA;;HFC;OTROS CIERRES;CMINANGJ;R1 ZONA 1
julio de 2026;202608;13/7/2026;1;CAC LOJA;CICLO FMC DIA 2-1;LOJA;988587060;Atendido;30/11/2023;1101431334;1101431334;1;R2;1;RENUNCIAS;Movil Pago: consumo masivo;Internet;1000491347;GPON;RENUNCIAS HOGAR;AGONZAGL;R2 ZONA 1
julio de 2026;202608;7/7/2026;1;CAC COCA;CICLO FMC DIA 11-10;COCA;959476549;Atendido;;959476549;0959476549;1;R1;1;SERVICIO AL CLIENTE;Hogar:Renuncia HFC GPON  varios conceptos;INTERNET;;HFC;OTROS CIERRES;VZAMBRAM;R1 ZONA 3
septiembre de 2026;202610;23/9/2026;1;CAC PASEO RIOBAMBA;CICLO FMC DIA 11-10;RIOBAMBA;987266495;Atendido;;987266495;0987266495;1;R1;1;SERVICIO AL CLIENTE;Hogar:Renuncia HFC GPON  varios conceptos;INTERNET;;GPON;OTROS CIERRES;VROBALIB;R1 ZONA 2
julio de 2026;202608;26/7/2026;1;CAC SCALA;CICLO FMC DIA 11-10;QUITO;984701612;Atendido;;984701612;0984701612;1;R1;1;SERVICIO AL CLIENTE;Hogar:Renuncia HFC GPON  varios conceptos;INTERNET;;HFC;OTROS CIERRES;GALBARRR;R1 ZONA 1
septiembre de 2026;202610;16/9/2026;1;CAC COCA;CICLO FMC DIA 11-10;COCA;962231896;Atendido;;;0962231896;1;R1;1;RENUNCIAS;Hogar:Renuncia HFC GPON  varios conceptos;TELEFONIA;;GPON;RENUNCIAS HOGAR;ARUIZI;R1 ZONA 3
agosto de 2026;202609;14/8/2026;1;CAC CCI;CICLO FMC DIA 26-25;QUITO;982237870;Atendido;;;0982237870;1;R1;1;RENUNCIAS;Hogar:Renuncia HFC GPON  varios conceptos;INTERNET;;GPON;RENUNCIAS HOGAR;CCARCELR;R1 ZONA 3
julio de 2026;202608;13/7/2026;1;CAC LOJA;CICLO FMC DIA 2-1;LOJA;1102199344;Atendido;22/5/2025;1102199344;1102199344;1;R2;1;SERVICIO AL CLIENTE;Hogar:Renuncia HFC GPON  varios conceptos;Telefonia;75022125;GPON;OTROS CIERRES;DVERGARR;R2 ZONA 1
agosto de 2026;202609;17/8/2026;1;CAC AMBATO;CICLO FMC DIA 11-10;AMBATO;997389801;Atendido;;997389801;0997389801;1;R1;1;RENUNCIAS;Movil: Actualización misma tarifa down up;TELEVISION;;GPON;RENUNCIAS HOGAR;RREINOSG;R1 ZONA 2
julio de 2026;202608;1/7/2026;1;CAC CCI;CICLO FMC DIA 26-25;QUITO;1706984745;Atendido;25/2/2021;;1706984745;1;R1;1;SERVICIO AL CLIENTE;Hogar:Renuncia HFC GPON  varios conceptos;Telefonia;25132444;HFC;OTROS CIERRES;CCARCELR;R1 ZONA 3
julio de 2026;202608;14/7/2026;1;CAC COCA;CICLO FMC DIA 11-10;COCA;980920851;Atendido;;;0980920851;1;R1;1;RENUNCIAS;Hogar:Renuncia HFC GPON  varios conceptos;INTERNET;;HFC;OTROS CIERRES;ARUIZI;R1 ZONA 3
septiembre de 2026;202610;21/9/2026;1;CAC COCA;CICLO FMC DIA 11-10;COCA;992099973;Atendido;;992099973;0992099973;1;R1;1;RENUNCIAS;Hogar:Renuncia HFC GPON  varios conceptos;INTERNET;;HFC;OTROS CIERRES;VZAMBRAM;R1 ZONA 3
julio de 2026;202609;30/7/2026;1;CAC MULTIPLAZA PORTOVIEJO;CICLO FMC DIA 26-25;PORTOVIEJO;804301687;Atendido;;804301687;0804301687;1;R2;1;RENUNCIAS;Movil Pago: consumo masivo;INTERNET;;HFC;RENUNCIAS HOGAR;MHOLGUIZ;R2 ZONA 3
agosto de 2026;202609;9/8/2026;1;CAC EL RECREO 2;CICLO FMC DIA 11-10;QUITO;963295127;Atendido;;;0963295127;1;R1;1;RENUNCIAS;Renuncia servicio corporativo;TELEVISION;;GPON;RENUNCIAS HOGAR;KSILVAE;R1 ZONA 2
agosto de 2026;202609;22/8/2026;1;CAC CITYMALL;CICLO FMC DIA 11-10;GUAYAQUIL;960015979;Atendido;;960015979;0960015979;1;R2;1;RENUNCIAS;Hogar:Renuncia HFC GPON  varios conceptos;TELEFONIA;;GPON;OTROS CIERRES;EPINTOPL;R2 ZONA 4
septiembre de 2026;202610;19/9/2026;1;CAC PASEO RIOBAMBA;CICLO FMC DIA 24-23;RIOBAMBA;984641736;Atendido;30/11/2024;984641736;0601744014;1;R1;1;SERVICIO AL CLIENTE;Hogar:Renuncia HFC GPON  varios conceptos;Internet;1000921373;GPON;OTROS CIERRES;FORTIZM;R1 ZONA 2
julio de 2026;202608;27/7/2026;1;CAC SCALA;CICLO FMC DIA 24-23;QUITO;98447473;Atendido;21/6/2026;1600640153;1600640153;1;R1;1;RENUNCIAS; Información de productos;Telefonia;25182090;GPON;RENUNCIAS HOGAR;KPABONUE;R1 ZONA 1
agosto de 2026;202610;22/8/2026;1;CAC EL PORTAL;CICLO FMC DIA 26-25;QUITO;904454393;Atendido;;;0904454393;1;R1;1;RENUNCIAS;Hogar:Renuncia HFC GPON  varios conceptos;TELEFONIA;;HFC;OTROS CIERRES;NGONZALC;R1 ZONA 1
julio de 2026;202608;23/7/2026;1;CAC EL RECREO 2;CICLO FMC DIA 11-10;QUITO;999296997;Atendido;7/4/2022;999296997;1715518773;1;R1;1;RENUNCIAS;Movil: Renuncia servicio celular;Internet;2218538963;GPON;RENUNCIAS HOGAR;MSANCHE3;R1 ZONA 2
agosto de 2026;202609;12/8/2026;1;CAC PASEO PLAYAS;CICLO FMC DIA 2-1;PLAYAS;985395312;Atendido;1/2/2024;;0906446976;1;R2;1;RENUNCIAS;Hogar:Renuncia HFC GPON  varios conceptos;Internet;1000550356;GPON;RENUNCIAS HOGAR;DMOYAP;R2 ZONA 2
agosto de 2026;202608;3/8/2026;1;CAC COCA;CICLO FMC DIA 11-10;COCA;994587754;Atendido;;994587754;0994587754;1;R1;1;RENUNCIAS;Hogar:Renuncia HFC GPON  varios conceptos;TELEFONIA;;HFC;OTROS CIERRES;ARUIZI;R1 ZONA 3
septiembre de 2026;202609;1/9/2026;1;CAC EL PORTAL;CICLO FMC DIA 11-10;QUITO;982697706;Atendido;;;0982697706;1;R1;1;RENUNCIAS;Hogar:Renuncia HFC GPON  varios conceptos;TELEVISION;;GPON;RENUNCIAS HOGAR;NGONZALC;R1 ZONA 1
septiembre de 2026;202610;9/9/2026;1;CAC EL BOSQUE;CICLO FMC DIA 26-25;QUITO;998024564;Atendido;;998024564;0998024564;1;R1;1;RENUNCIAS;Movil Reposición de sim;TELEFONIA;;HFC;RENUNCIAS HOGAR;CGARCIAP;R1 ZONA 2
julio de 2026;202608;30/7/2026;1;CAC CONDADO;CICLO FMC DIA 11-10;QUITO;982081125;Atendido;;;0982081125;1;R1;1;RENUNCIAS;Hogar:Renuncia HFC GPON  varios conceptos;TELEFONIA;;HFC;OTROS CIERRES;CMINANGJ;R1 ZONA 1
agosto de 2026;202610;26/8/2026;1;CAC LAGO AGRIO;CICLO FMC DIA 26-25;LAGO AGRIO;958687267;Atendido;;;0958687267;1;R1;1;RENUNCIAS;Movil: Renuncia servicio celular;INTERNET;;HFC;RENUNCIAS HOGAR;LBUSTAMC;R1 ZONA 3
julio de 2026;202608;1/7/2026;1;CAC COCA;CICLO FMC DIA 26-25;COCA;939521109;Atendido;;939521109;0939521109;1;R1;1;RENUNCIAS;Hogar:Renuncia HFC GPON  varios conceptos;INTERNET;;HFC;OTROS CIERRES;JSANTILA;R1 ZONA 3
agosto de 2026;202609;14/8/2026;1;CAC EL BOSQUE;CICLO FMC DIA 11-10;QUITO;985643818;Atendido;;985643818;0985643818;1;R1;1;RENUNCIAS;Hogar:Renuncia HFC GPON  varios conceptos;INTERNET;;HFC;RENUNCIAS HOGAR;CHERRERC;R1 ZONA 2
agosto de 2026;202610;29/8/2026;1;CAC MALL DEL RIO;CICLO FMC DIA 2-1;CUENCA;984621722;Atendido;26/9/2023;984621722;0105772701;1;R2;1;SERVICIO AL CLIENTE;Hogar Pago: consumo masivo;Internet;1000425376;GPON;FMC;MVIVARM;R2 ZONA 4
septiembre de 2026;202611;24/9/2026;1;CAC DAULE;CICLO FMC DIA 26-25;DAULE;979417352;Atendido;;979417352;0979417352;1;R2;1;RENUNCIAS;Movil:Posible Mala Venta: FVD/DAS/CORP/SAC;INTERNET;;GPON;RENUNCIAS HOGAR;KFUENTEG;R2 ZONA 4
agosto de 2026;202609;7/8/2026;1;CAC COCA;CICLO FMC DIA 11-10;COCA;993321745;Atendido;;993321745;0993321745;1;R1;1;RENUNCIAS;Hogar:Renuncia HFC GPON  varios conceptos;TELEFONIA;;HFC;OTROS CIERRES;VZAMBRAM;R1 ZONA 3
julio de 2026;202607;15/7/2026;1;CAC PASEO RIOBAMBA;CICLO FMC DIA 24-23;RIOBAMBA;981958498;Atendido;19/10/2024;981958498;0603371097;1;R1;1;SERVICIO AL CLIENTE;Hogar:Renuncia HFC GPON  varios conceptos;Telefonia;35002051;GPON;OTROS CIERRES;FORTIZM;R1 ZONA 2
septiembre de 2026;202609;9/9/2026;1;CAC EL BOSQUE;CICLO FMC DIA 21-20;QUITO;999887788;Atendido;26/8/2026;1004451751;1004451751;1;R1;1;RENUNCIAS; Información de productos;Telefonia;25145981;GPON;RENUNCIAS HOGAR;CHERRERC;R1 ZONA 2
agosto de 2026;202609;8/8/2026;1;CAC MANTA;CICLO FMC DIA 26-25;MANTA;978702853;Atendido;;;0978702853;1;R2;1;RENUNCIAS;Movil/Hogar: Consulta Saldos;TELEFONIA;;GPON;RENUNCIAS HOGAR;IREALPER;R2 ZONA 1
septiembre de 2026;202610;17/9/2026;1;CAC PASEO PLAYAS;CICLO FMC DIA 28-27;PLAYAS;980326721;Atendido;27/4/2024;980326721;0914855051;1;R2;1;RENUNCIAS;Hogar:Renuncia HFC GPON  varios conceptos;Internet;1000636871;GPON;RENUNCIAS HOGAR;DMOYAP;R2 ZONA 2
agosto de 2026;202610;25/8/2026;1;CAC CONDADO;CICLO FMC DIA 26-25;QUITO;996051585;Atendido;;;0996051585;1;R1;1;SERVICIO AL CLIENTE;Hogar:Renuncia HFC GPON  varios conceptos;INTERNET;;GPON;OTROS CIERRES;LMOSQUEL;R1 ZONA 1
septiembre de 2026;202610;26/9/2026;1;CAC SAN LUIS;CICLO FMC DIA 11-10;QUITO;986311343;Atendido;;;0986311343;1;R1;1;RENUNCIAS;Renuncia servicio corporativo;INTERNET;;GPON;RENUNCIAS HOGAR;CCHALAP;R1 ZONA 2
julio de 2026;202608;16/7/2026;1;CAC EL RECREO 2;CICLO FMC DIA 11-10;QUITO;979153042;Atendido;;979153042;0979153042;1;R1;1;RENUNCIAS;Movil: Renuncia servicio celular;INTERNET;;GPON;RENUNCIAS HOGAR;MSANCHE3;R1 ZONA 2
julio de 2026;202608;17/7/2026;1;CAC EL JARDIN;CICLO FMC DIA 11-10;QUITO;986050495;Atendido;1/8/2023;986050495;1705782983;1;R1;1;RENUNCIAS;Movil: Renuncia servicio celular;Internet;1000370694;GPON;RENUNCIAS HOGAR;LEGASP;R1 ZONA 3
julio de 2026;202608;17/7/2026;1;CAC MALL DEL PACIFICO;CICLO FMC DIA 11-10;MANTA;987428879;Atendido;;;0987428879;1;R2;1;SERVICIO AL CLIENTE;Hogar:Renuncia HFC GPON  varios conceptos;TELEFONIA;;HFC;OTROS CIERRES;KALAVAUK;R2 ZONA 1
julio de 2026;202608;11/7/2026;1;CAC SCALA;CICLO FMC DIA 26-25;QUITO;968405807;Atendido;;968405807;0968405807;1;R1;1;SERVICIO AL CLIENTE;Hogar:Renuncia HFC GPON  varios conceptos;INTERNET;;HFC;OTROS CIERRES;GALBARRR;R1 ZONA 1
agosto de 2026;202609;7/8/2026;1;CAC IBARRA;CICLO FMC DIA 26-25;IBARRA;968093445;Atendido;16/3/2022;968093445;0500982921;1;R1;1;RENUNCIAS;Hogar:Solicita Visita Técnica y/o mantenimiento;Cloud;18475919;HFC;RENUNCIAS HOGAR;AZUMARRO;R1 ZONA 3
septiembre de 2026;202610;15/9/2026;1;CAC EL DORADO;CICLO FMC DIA 11-10;GUAYAQUIL;972521295;Atendido;;;0972521295;1;R2;1;RENUNCIAS;Movil: Renuncia derivada del Kiosko;INTERNET;;HFC;RENUNCIAS HOGAR;TPENAHEP;R2 ZONA 3
julio de 2026;202609;26/7/2026;1;CAC EL PORTAL;CICLO FMC DIA 26-25;QUITO;967989898;Atendido;;;0967989898;1;R1;1;RENUNCIAS;Hogar:Renuncia HFC GPON  varios conceptos;INTERNET;;GPON;OTROS CIERRES;NGONZALC;R1 ZONA 1
agosto de 2026;202609;26/8/2026;1;CAC LAGO AGRIO;CICLO FMC DIA 11-10;LAGO AGRIO;962039044;Atendido;;;0962039044;1;R1;1;RENUNCIAS; Información de productos;INTERNET;;HFC;RENUNCIAS HOGAR;KLALANGD;R1 ZONA 3
septiembre de 2026;202610;7/9/2026;1;CAC QUEVEDO CENTRO;CICLO FMC DIA 6-5;QUEVEDO;1203638778;Atendido;4/5/2026;1203638778;1203638778;1;R2;1;RENUNCIAS;Movil:Actualización de datos dirección correo;Telefonia;55007874;GPON;RENUNCIAS HOGAR;BMINOT;R2 ZONA 1
julio de 2026;202608;21/7/2026;1;CAC RIOCENTRO ENTRERIOS;CICLO FMC DIA 11-10;GUAYAQUIL;999894751;Atendido;4/5/2019;999894751;0921792388;1;R2;1;RENUNCIAS;Hogar:Renuncia HFC GPON  varios conceptos;Internet;2211986375;GPON;RENUNCIAS HOGAR;DPOVEDAM;R2 ZONA 3
septiembre de 2026;202610;15/9/2026;1;CAC CCI;CICLO FMC DIA 11-10;QUITO;986566775;Atendido;;;0986566775;1;R1;1;RENUNCIAS;Hogar:Renuncia HFC GPON  varios conceptos;INTERNET;;GPON;RENUNCIAS HOGAR;CCARCELR;R1 ZONA 3
julio de 2026;202608;23/7/2026;1;CAC CONDADO;CICLO FMC DIA 11-10;QUITO;987903338;Atendido;;;0987903338;1;R1;1;RENUNCIAS;Hogar:Renuncia HFC GPON  varios conceptos;TELEFONIA;;GPON;OTROS CIERRES;CMINANGJ;R1 ZONA 1
julio de 2026;202608;30/7/2026;1;CAC COCA;CICLO FMC DIA 11-10;COCA;993247112;Atendido;;993247112;0993247112;1;R1;1;RENUNCIAS;Hogar:Renuncia HFC GPON  varios conceptos;TELEFONIA;;GPON;OTROS CIERRES;ARUIZI;R1 ZONA 3
septiembre de 2026;202610;15/9/2026;1;CAC QUEVEDO CENTRO;CICLO FMC DIA 11-10;QUEVEDO;1716728181;Atendido;;1716728181;1716728181;1;R2;1;RENUNCIAS;Movil:Actualización de datos dirección correo;INTERNET;;HFC;RENUNCIAS HOGAR;JPLUASAG;R2 ZONA 1
agosto de 2026;202608;3/8/2026;1;CAC COCA;CICLO FMC DIA 11-10;COCA;986162606;Atendido;;986162606;0986162606;1;R1;1;RENUNCIAS;Hogar:Renuncia HFC GPON  varios conceptos;TELEFONIA;;GPON;OTROS CIERRES;VZAMBRAM;R1 ZONA 3
septiembre de 2026;202610;27/9/2026;1;CAC MALL DEL ALTO;CICLO FMC DIA 11-10;CUENCA;903164927;Atendido;;;0903164927;1;R2;1;RENUNCIAS;Movil: Renuncia servicio celular;INTERNET;;GPON;RENUNCIAS HOGAR;NGUACHIG;R2 ZONA 4
julio de 2026;202609;30/7/2026;1;CAC EL RECREO 2;CICLO FMC DIA 26-25;QUITO;995282449;Atendido;;;0995282449;1;R1;1;RENUNCIAS;Movil: Renuncia servicio celular;INTERNET;;HFC;RENUNCIAS HOGAR;MSANCHE3;R1 ZONA 2
agosto de 2026;202608;18/8/2026;1;CAC PASEO DURAN;CICLO FMC DIA 24-23;GUAYAQUIL;904137098;Atendido;16/7/2026;904137098;0904137098;1;R2;1;SERVICIO AL CLIENTE;Hogar:Renuncia HFC GPON  varios conceptos;Telefonia;45098185;GPON;OTROS CIERRES;MECHEVEO;R2 ZONA 4
julio de 2026;202608;16/7/2026;1;CAC QUICENTRO SUR;CICLO FMC DIA 11-10;QUITO;995336452;Atendido;;995336452;0995336452;1;R1;1;RENUNCIAS;Renuncia servicio corporativo;INTERNET;;HFC;RENUNCIAS HOGAR;MBAQUERO;R1 ZONA 2
julio de 2026;202608;4/7/2026;1;CAC EL PORTAL;CICLO FMC DIA 26-25;QUITO;402072896;Atendido;19/6/2026;;0402072896;1;R1;1;SERVICIO AL CLIENTE;Hogar:Renuncia HFC GPON  varios conceptos;Internet;1001692550;GPON;OTROS CIERRES;DPROANOP;R1 ZONA 1
julio de 2026;202608;10/7/2026;1;CAC LOJA;CICLO FMC DIA 15-14;LOJA;700608300;Atendido;13/8/2024;;0700608300;1;R2;1;SERVICIO AL CLIENTE;Movil:Actualización de datos dirección correo;Internet;1000761682;GPON;FMC;MCAMPOSS;R2 ZONA 1
julio de 2026;202609;21/7/2026;1;CAC RIOCENTRO ENTRERIOS;CICLO FMC DIA 26-25;GUAYAQUIL;988603290;Atendido;;988603290;0988603290;1;R2;1;RENUNCIAS;Hogar:Renuncia derivada del Kiosko;INTERNET;;GPON;RENUNCIAS HOGAR;DBRICENM;R2 ZONA 3
agosto de 2026;202609;6/8/2026;1;CAC PASEO RIOBAMBA;CICLO FMC DIA 11-10;RIOBAMBA;978927986;Atendido;;;0978927986;1;R1;1;SERVICIO AL CLIENTE;Hogar:Renuncia HFC GPON  varios conceptos;INTERNET;;HFC;OTROS CIERRES;PMONCAYB;R1 ZONA 2
agosto de 2026;202609;6/8/2026;1;CAC SCALA;CICLO FMC DIA 11-10;QUITO;985502485;Atendido;;985502485;0985502485;1;R1;1;SERVICIO AL CLIENTE;Hogar:Renuncia HFC GPON  varios conceptos;TELEFONIA;;HFC;OTROS CIERRES;GALBARRR;R1 ZONA 1
julio de 2026;202609;27/7/2026;1;CAC MILAGRO;CICLO FMC DIA 26-25;MILAGRO;978732311;Atendido;;940494784;0940494784;1;R2;1;RENUNCIAS;Movil Pago: consumo masivo;INTERNET;;HFC;RENUNCIAS HOGAR;MVELEZUA;R2 ZONA 3
septiembre de 2026;202609;4/9/2026;1;CAC URDESA;CICLO FMC DIA 11-10;GUAYAQUIL;9999999999;Atendido;15/12/2015;909616492;0909616492;1;R2;1;RENUNCIAS; Información de productos;Television;2203871748;GPON;RENUNCIAS HOGAR;ACEVALLP;R2 ZONA 2
septiembre de 2026;202610;24/9/2026;1;CAC PASEO PLAYAS;CICLO FMC DIA 11-10;PLAYAS;986171674;Atendido;;986171674;0986171674;1;R2;1;RENUNCIAS;Hogar:Renuncia HFC GPON  varios conceptos;INTERNET;;HFC;RENUNCIAS HOGAR;DMOYAP;R2 ZONA 2
julio de 2026;202608;20/7/2026;1;CAC COCA;CICLO FMC DIA 11-10;COCA;993713680;Atendido;;993713680;0993713680;1;R1;1;RENUNCIAS;Hogar:Renuncia HFC GPON  varios conceptos;TELEFONIA;;HFC;OTROS CIERRES;ARUIZI;R1 ZONA 3
julio de 2026;202608;6/7/2026;1;CAC LAGUNA MALL;CICLO FMC DIA 28-27;IBARRA;986233545;Atendido;30/6/2026;986233545;1003394341;1;R1;1;RENUNCIAS;Movil Reposición de sim;Internet;1001706829;GPON;RENUNCIAS HOGAR;PACOSTAF;R1 ZONA 3
julio de 2026;202608;10/7/2026;1;CAC CONDADO;CICLO FMC DIA 26-25;QUITO;1701078485;Atendido;29/11/2021;;1701078485;1;R1;1;SERVICIO AL CLIENTE;Hogar:Renuncia HFC GPON  varios conceptos;Internet;2217858607;GPON;OTROS CIERRES;PPALADIS;R1 ZONA 1
septiembre de 2026;202610;9/9/2026;1;CAC COCA;CICLO FMC DIA 11-10;COCA;991410787;Atendido;;991410787;0991410787;1;R1;1;RENUNCIAS;Movil Pago: consumo masivo;INTERNET;;HFC;RENUNCIAS HOGAR;JSANTILA;R1 ZONA 3
agosto de 2026;202609;3/8/2026;1;CAC COCA;CICLO FMC DIA 26-25;COCA;968305218;Atendido;;968305218;0968305218;1;R1;1;RENUNCIAS;Hogar:Renuncia HFC GPON  varios conceptos;INTERNET;;GPON;OTROS CIERRES;ARUIZI;R1 ZONA 3
agosto de 2026;202609;13/8/2026;1;CAC 9 DE OCTUBRE;CICLO FMC DIA 11-10;GUAYAQUIL;950505446;Atendido;;;0950505446;1;R2;1;SERVICIO AL CLIENTE;Hogar:Renuncia HFC GPON  varios conceptos;INTERNET;;GPON;OTROS CIERRES;CVERDUGC;R2 ZONA 3
septiembre de 2026;202610;21/9/2026;1;CAC CONDADO;CICLO FMC DIA 11-10;QUITO;995462263;Atendido;;;0995462263;1;R1;1;RENUNCIAS;Hogar:Renuncia HFC GPON  varios conceptos;TELEVISION;;HFC;OTROS CIERRES;CMINANGJ;R1 ZONA 1
septiembre de 2026;202610;3/9/2026;1;CAC HIPERMARKET BUIJO;CICLO FMC DIA 26-25;GUAYAQUIL;999377827;Atendido;25/1/2025;;0201700069;1;R2;1;RENUNCIAS;Hogar:Renuncia HFC GPON  varios conceptos;Internet;1000984023;HFC;RENUNCIAS HOGAR;SASTUDIC;R2 ZONA 4
septiembre de 2026;202611;22/9/2026;1;CAC HIPERMARKET BUIJO;CICLO FMC DIA 26-25;GUAYAQUIL;999008471;Atendido;;999008471;0999008471;1;R2;1;SERVICIO AL CLIENTE;Hogar:Renuncia HFC GPON  varios conceptos;INTERNET;;HFC;OTROS CIERRES;BRUIZP;R2 ZONA 4
agosto de 2026;202608;4/8/2026;1;CAC COCA;CICLO FMC DIA 11-10;COCA;969493304;Atendido;;969493304;0969493304;1;R1;1;RENUNCIAS;Hogar:Renuncia HFC GPON  varios conceptos;TELEVISION;;HFC;OTROS CIERRES;JSANTILA;R1 ZONA 3
septiembre de 2026;202611;28/9/2026;1;CAC CONDADO;CICLO FMC DIA 26-25;QUITO;987774929;Atendido;;987774929;0987774929;1;R1;1;RENUNCIAS;Hogar:Renuncia HFC GPON  varios conceptos;INTERNET;;GPON;OTROS CIERRES;CMINANGJ;R1 ZONA 1
septiembre de 2026;202610;10/9/2026;1;CAC PASEO PORTOVIEJO;CICLO FMC DIA 26-25;PORTOVIEJO;939638802;Atendido;;;0939638802;1;R2;1;RENUNCIAS;Movil: Renuncia servicio celular;TELEVISION;;HFC;RENUNCIAS HOGAR;MGILERV;R2 ZONA 3
septiembre de 2026;202610;8/9/2026;1;CAC AZOGUES;CICLO FMC DIA 4-3;AZOGUES;302702089;Atendido;27/1/2026;302702089;0302702089;1;R2;1;RENUNCIAS; Información de productos;Telefonia;75020484;GPON;RENUNCIAS HOGAR;JARIASG;R2 ZONA 4
julio de 2026;202608;16/7/2026;1;CAC EL RECREO 2;CICLO FMC DIA 11-10;QUITO;960405978;Atendido;;;0960405978;1;R1;1;RENUNCIAS;Movil: Renuncia servicio celular;TELEFONIA;;HFC;RENUNCIAS HOGAR;MSANCHE3;R1 ZONA 2
julio de 2026;202608;8/7/2026;1;CAC EL BOSQUE;CICLO FMC DIA 26-25;QUITO;968592979;Atendido;;968592979;0968592979;1;R1;1;RENUNCIAS;Hogar:Renuncia HFC GPON  varios conceptos;INTERNET;;HFC;OTROS CIERRES;CHERRERC;R1 ZONA 2
agosto de 2026;202608;3/8/2026;1;CAC RIOCENTRO ENTRERIOS;CICLO FMC DIA 11-10;GUAYAQUIL;908830433;Atendido;2/2/2015;;0908830433;1;R2;1;RENUNCIAS;Hogar:Renuncia HFC GPON  varios conceptos;Telefonia;45035845;HFC;RENUNCIAS HOGAR;DBRICENM;R2 ZONA 3
septiembre de 2026;202610;12/9/2026;1;CAC EL RECREO 2;CICLO FMC DIA 11-10;QUITO;984987615;Atendido;;984987615;0984987615;1;R1;1;RENUNCIAS;Movil: Renuncia servicio celular;INTERNET;;HFC;RENUNCIAS HOGAR;MSANCHE3;R1 ZONA 2
agosto de 2026;202609;20/8/2026;1;CAC EL PORTAL;CICLO FMC DIA 26-25;QUITO;990870781;Atendido;;;0990870781;1;R1;1;RENUNCIAS;Hogar:Renuncia HFC GPON  varios conceptos;INTERNET;;GPON;OTROS CIERRES;NGONZALC;R1 ZONA 1
septiembre de 2026;202610;18/9/2026;1;CAC COCA;CICLO FMC DIA 11-10;COCA;993768560;Atendido;;993768560;0993768560;1;R1;1;RENUNCIAS;Hogar:Renuncia HFC GPON  varios conceptos;TELEFONIA;;HFC;OTROS CIERRES;JSANTILA;R1 ZONA 3
septiembre de 2026;202609;1/9/2026;1;CAC LOJA;CICLO FMC DIA 15-14;LOJA;1105034738;Atendido;13/2/2026;1105034738;1105034738;1;R2;1;RENUNCIAS;Movil:Actualización de datos dirección correo;Telefonia;75005855;GPON;RENUNCIAS HOGAR;MCAMPOSS;R2 ZONA 1
agosto de 2026;202609;17/8/2026;1;CAC TENA;CICLO FMC DIA 11-10;TENA;994622563;Atendido;;994622563;0994622563;1;R1;1;RENUNCIAS; Información de productos;TELEVISION;;HFC;RENUNCIAS HOGAR;SCHANGUA;R1 ZONA 1
julio de 2026;202609;23/7/2026;1;CAC QUICENTRO SUR;CICLO FMC DIA 26-25;QUITO;998945009;Atendido;;;0998945009;1;R1;1;RENUNCIAS;Hogar:Renuncia derivada del Kiosko;TELEFONIA;;HFC;RENUNCIAS HOGAR;HROMEROP;R1 ZONA 2
julio de 2026;202608;17/7/2026;1;CAC EL PORTAL;CICLO FMC DIA 11-10;QUITO;994222628;Atendido;;;0994222628;1;R1;1;RENUNCIAS;Hogar:Renuncia HFC GPON  varios conceptos;TELEFONIA;;HFC;OTROS CIERRES;DPROANOP;R1 ZONA 1
septiembre de 2026;202610;9/9/2026;1;CAC AZOGUES;CICLO FMC DIA 2-1;AZOGUES;923645915;Atendido;30/3/2026;923645915;0923645915;1;R2;1;RENUNCIAS;Movil: Actualización misma tarifa down up;Internet;1001585751;GPON;RENUNCIAS HOGAR;JMUNOZA;R2 ZONA 4
agosto de 2026;202609;19/8/2026;1;CAC PUYO;CICLO FMC DIA 8-7;PUYO;1600198236;Atendido;30/4/2024;1600198236;1600198236;1;R1;1;SERVICIO AL CLIENTE;Hogar:Renuncia HFC GPON  varios conceptos;Internet;1000645563;GPON;OTROS CIERRES;CGUTIERB;R1 ZONA 1
septiembre de 2026;202610;7/9/2026;1;CAC MALL DEL RIO;CICLO FMC DIA 26-25;CUENCA;989936781;Atendido;;;0989936781;1;R2;1;RENUNCIAS;Hogar:Renuncia HFC GPON  varios conceptos;TELEFONIA;;GPON;RENUNCIAS HOGAR;ATORRESC;R2 ZONA 4
agosto de 2026;202610;22/8/2026;1;CAC PASEO PLAYAS;CICLO FMC DIA 26-25;PLAYAS;980642125;Atendido;;980642125;0980642125;1;R2;1;RENUNCIAS;Movil: Renuncia servicio celular;TELEFONIA;;HFC;RENUNCIAS HOGAR;ORIOFRIR;R2 ZONA 2
septiembre de 2026;202610;10/9/2026;1;CAC COCA;CICLO FMC DIA 26-25;COCA;980302086;Atendido;;980302086;0980302086;1;R1;1;RENUNCIAS;Hogar:Renuncia HFC GPON  varios conceptos;INTERNET;;HFC;OTROS CIERRES;JSANTILA;R1 ZONA 3
septiembre de 2026;202611;22/9/2026;1;CAC MACAS;CICLO FMC DIA 26-25;MACAS;996433962;Atendido;24/2/2023;996433962;1709345415;1;R1;1;SERVICIO AL CLIENTE;Hogar:Renuncia HFC GPON  varios conceptos;Internet;1000221182;GPON;OTROS CIERRES;MMEDINAY;R1 ZONA 1
septiembre de 2026;202610;16/9/2026;1;CAC PASEO RIOBAMBA;CICLO FMC DIA 28-27;RIOBAMBA;959995847;Atendido;26/7/2026;959995847;0850709635;1;R1;1;SERVICIO AL CLIENTE;Hogar:Renuncia HFC GPON  varios conceptos;Internet;1001734383;GPON;OTROS CIERRES;PMONCAYB;R1 ZONA 2
septiembre de 2026;202610;15/9/2026;1;CAC COCA;CICLO FMC DIA 11-10;COCA;997222884;Atendido;;997222884;0997222884;1;R1;1;RENUNCIAS;Hogar:Renuncia HFC GPON  varios conceptos;INTERNET;;GPON;OTROS CIERRES;VZAMBRAM;R1 ZONA 3
septiembre de 2026;202610;28/9/2026;1;CAC MULTIPLAZA PORTOVIEJO;CICLO FMC DIA 11-10;PORTOVIEJO;1315463448;Atendido;;;1315463448;1;R2;1;RENUNCIAS;Movil: Reclamo Facturación.;INTERNET;;HFC;RENUNCIAS HOGAR;GFLORESA;R2 ZONA 3
julio de 2026;202609;29/7/2026;1;CAC SCALA;CICLO FMC DIA 26-25;QUITO;99897767;Atendido;;;99897767;1;R1;1;SERVICIO AL CLIENTE;Hogar:Renuncia HFC GPON  varios conceptos;INTERNET;;GPON;OTROS CIERRES;PPULUPA2;R1 ZONA 1
agosto de 2026;202609;5/8/2026;1;CAC COCA;CICLO FMC DIA 26-25;COCA;990760464;Atendido;;990760464;0990760464;1;R1;1;RENUNCIAS;Hogar:Renuncia HFC GPON  varios conceptos;INTERNET;;HFC;OTROS CIERRES;ARUIZI;R1 ZONA 3
agosto de 2026;202609;4/8/2026;1;CAC RIOCENTRO ENTRERIOS;CICLO FMC DIA 26-25;GUAYAQUIL;999095069;Atendido;;;0999095069;1;R2;1;RENUNCIAS;Hogar:Renuncia HFC GPON  varios conceptos;INTERNET;;HFC;RENUNCIAS HOGAR;HPENAFIO;R2 ZONA 3
agosto de 2026;202609;13/8/2026;1;CAC MANTA;CICLO FMC DIA 8-7;MANTA;981578871;Atendido;31/7/2024;981578871;1306055771;1;R2;1;RENUNCIAS;Hogar:Intermitencia Internet Lento sin servicio;Internet;1000747061;GPON;RENUNCIAS HOGAR;APALACIP;R2 ZONA 1
agosto de 2026;202609;21/8/2026;1;CAC LOJA;CICLO FMC DIA 8-7;LOJA;968767987;Atendido;5/9/2023;1103735211;1103735211;1;R2;1;RENUNCIAS;Movil:Actualización de datos dirección correo;Television;1000405366;GPON;RENUNCIAS HOGAR;KGUAMANM;R2 ZONA 1
julio de 2026;202609;28/7/2026;1;CAC MALL DEL ALTO;CICLO FMC DIA 26-25;CUENCA;987507005;Atendido;;987507005;0987507005;1;R2;1;RENUNCIAS;Movil: Renuncia servicio celular;TELEVISION;;GPON;RENUNCIAS HOGAR;CRIOFRIB;R2 ZONA 4
julio de 2026;202608;1/7/2026;1;CAC COCA;CICLO FMC DIA 26-25;COCA;967115618;Atendido;;967115618;0967115618;1;R1;1;SERVICIO AL CLIENTE;Hogar:Renuncia HFC GPON  varios conceptos;INTERNET;;HFC;OTROS CIERRES;JSANTILA;R1 ZONA 3
agosto de 2026;202609;8/8/2026;1;CAC EL BOSQUE;CICLO FMC DIA 11-10;QUITO;980494522;Atendido;;;0980494522;1;R1;1;RENUNCIAS;Hogar:Renuncia HFC GPON  varios conceptos;TELEFONIA;;GPON;RENUNCIAS HOGAR;CHERRERC;R1 ZONA 2
septiembre de 2026;202611;25/9/2026;1;CAC LAGUNA MALL;CICLO FMC DIA 26-25;IBARRA;988051430;Atendido;;988051430;0988051430;1;R1;1;RENUNCIAS;Renuncia servicio corporativo;INTERNET;;GPON;RENUNCIAS HOGAR;PACOSTAF;R1 ZONA 3
julio de 2026;202608;10/7/2026;1;CAC LAGUNA MALL;CICLO FMC DIA 26-25;IBARRA;994459019;Atendido;;994459019;0994459019;1;R1;1;SERVICIO AL CLIENTE;Hogar:Renuncia HFC GPON  varios conceptos;INTERNET;;HFC;OTROS CIERRES;MCISNERA;R1 ZONA 3
agosto de 2026;202609;11/8/2026;1;CAC LAGUNA MALL;CICLO FMC DIA 26-25;IBARRA;999668855;Atendido;;999668855;0999668855;1;R1;1;RENUNCIAS;Hogar:Renuncia HFC GPON  varios conceptos;INTERNET;;HFC;RENUNCIAS HOGAR;MCISNERA;R1 ZONA 3
julio de 2026;202608;20/7/2026;1;CAC PASEO PORTOVIEJO;CICLO FMC DIA 11-10;PORTOVIEJO;1303676124;Atendido;19/5/2023;1303676124;1303676124;1;R2;1;SERVICIO AL CLIENTE;Hogar:Renuncia HFC GPON  varios conceptos;Internet;1000300455;GPON;OTROS CIERRES;MMIRANDO;R2 ZONA 3
julio de 2026;202608;19/7/2026;1;CAC PASEO BABAHOYO;CICLO FMC DIA 11-10;BABAHOYO;997054212;Atendido;;997054212;0997054212;1;R2;1;RENUNCIAS;Movil:Actualización de datos dirección correo;INTERNET;;HFC;RENUNCIAS HOGAR;RMAYORGR;R2 ZONA 3
septiembre de 2026;202610;14/9/2026;1;CAC PASEO PLAYAS;CICLO FMC DIA 11-10;PLAYAS;982721916;Atendido;;;0982721916;1;R2;1;RENUNCIAS;Hogar:Renuncia HFC GPON  varios conceptos;INTERNET;;HFC;RENUNCIAS HOGAR;DMOYAP;R2 ZONA 2
agosto de 2026;202609;11/8/2026;1;CAC CITYMALL;CICLO FMC DIA 11-10;GUAYAQUIL;939066232;Atendido;;;0939066232;1;R2;1;RENUNCIAS;Hogar:Renuncia HFC GPON  varios conceptos;INTERNET;;GPON;OTROS CIERRES;CRETTOH;R2 ZONA 4
agosto de 2026;202609;6/8/2026;1;CAC COCA;CICLO FMC DIA 11-10;COCA;985585543;Atendido;;985585543;0985585543;1;R1;1;RENUNCIAS;Hogar:Renuncia HFC GPON  varios conceptos;TELEVISION;;HFC;OTROS CIERRES;ARUIZI;R1 ZONA 3
julio de 2026;202608;6/7/2026;1;CAC CCI;CICLO FMC DIA 28-27;QUITO;939452629;Atendido;20/2/2025;1207337070;1207337070;1;R1;1;SERVICIO AL CLIENTE;Hogar:Renuncia HFC GPON  varios conceptos;Internet;1001031743;GPON;OTROS CIERRES;CCARCELR;R1 ZONA 3
julio de 2026;202608;13/7/2026;1;CAC MALL DEL SUR;CICLO FMC DIA 11-10;GUAYAQUIL;958604052;Atendido;;;0958604052;1;R2;1;RENUNCIAS;Hogar:Renuncia HFC GPON  varios conceptos;TELEVISION;;GPON;OTROS CIERRES;GCORONER;R2 ZONA 2
septiembre de 2026;202610;9/9/2026;1;CAC PASEO PLAYAS;CICLO FMC DIA 11-10;PLAYAS;990520484;Atendido;;990520484;0990520484;1;R2;1;RENUNCIAS;Movil: Renuncia servicio celular;TELEFONIA;;GPON;RENUNCIAS HOGAR;ORIOFRIR;R2 ZONA 2
septiembre de 2026;202610;4/9/2026;1;CAC CITYMALL;CICLO FMC DIA 26-25;GUAYAQUIL;903860500;Atendido;13/2/2023;;0903860500;1;R2;1;SERVICIO AL CLIENTE;Hogar:Renuncia HFC GPON  varios conceptos;Internet;1000211530;GPON;OTROS CIERRES;CRETTOH;R2 ZONA 4
agosto de 2026;202609;7/8/2026;1;CAC EL BOSQUE;CICLO FMC DIA 11-10;QUITO;999900164;Atendido;;;0999900164;1;R1;1;RENUNCIAS;Hogar:Renuncia HFC GPON  varios conceptos;TELEFONIA;;HFC;OTROS CIERRES;CHERRERC;R1 ZONA 2
julio de 2026;202607;3/7/2026;1;CAC LAGUNA MALL;CICLO FMC DIA 11-10;IBARRA;999854078;Atendido;;;0999854078;1;R1;1;RENUNCIAS; Información de productos;TELEFONIA;;HFC;RENUNCIAS HOGAR;KAGREDAG;R1 ZONA 3
agosto de 2026;202609;12/8/2026;1;CAC RIOCENTRO ENTRERIOS;CICLO FMC DIA 26-25;GUAYAQUIL;963018148;Atendido;;;0963018148;1;R2;1;RENUNCIAS;Hogar:Renuncia HFC GPON  varios conceptos;TELEFONIA;;HFC;RENUNCIAS HOGAR;DPOVEDAM;R2 ZONA 3
septiembre de 2026;202610;3/9/2026;1;CAC PASEO RIOBAMBA;CICLO FMC DIA 26-25;RIOBAMBA;979124449;Atendido;;;0979124449;1;R1;1;SERVICIO AL CLIENTE;Hogar:Renuncia HFC GPON  varios conceptos;TELEFONIA;;GPON;OTROS CIERRES;DTREVINA;R1 ZONA 2
julio de 2026;202608;15/7/2026;1;CAC PASEO RIOBAMBA;CICLO FMC DIA 11-10;RIOBAMBA;987435728;Atendido;;;0987435728;1;R1;1;SERVICIO AL CLIENTE;Hogar:Renuncia HFC GPON  varios conceptos;TELEFONIA;;HFC;OTROS CIERRES;FORTIZM;R1 ZONA 2
agosto de 2026;202609;26/8/2026;1;CAC QUEVEDO CENTRO;CICLO FMC DIA 11-10;QUEVEDO;1202736847;Atendido;;1202736847;1202736847;1;R2;1;RENUNCIAS;Movil Pago: consumo masivo;TELEVISION;;HFC;RENUNCIAS HOGAR;MGALVEZC;R2 ZONA 1
agosto de 2026;202608;11/8/2026;1;CAC LOJA;CICLO FMC DIA 19-18;LOJA;1102582457;Atendido;17/7/2026;1102582457;1102582457;1;R2;1;RENUNCIAS;Movil Pago: consumo masivo;Internet;1001724953;GPON;RENUNCIAS HOGAR;AGONZAGL;R2 ZONA 1
julio de 2026;202607;1/7/2026;1;CAC RIOCENTRO ENTRERIOS;CICLO FMC DIA 11-10;GUAYAQUIL;1001459211;Atendido;8/11/2020;;1001459211;1;R2;1;RENUNCIAS;Hogar:Renuncia HFC GPON  varios conceptos;Internet;2216009802;GPON;OTROS CIERRES;DPOVEDAM;R2 ZONA 3
julio de 2026;202608;13/7/2026;1;CAC QUEVEDO CENTRO;CICLO FMC DIA 26-25;QUEVEDO;1207725548;Atendido;1/12/2024;1207725548;1207725548;1;R2;1;RENUNCIAS;Movil:Actualización de datos dirección correo;Telefonia;25140336;GPON;RENUNCIAS HOGAR;JPLUASAG;R2 ZONA 1
julio de 2026;202608;8/7/2026;1;CAC DAULE;CICLO FMC DIA 11-10;DAULE;912923182;Atendido;;912923182;0912923182;1;R2;1;RENUNCIAS;Movil/Hogar: Consulta Saldos;INTERNET;;HFC;RENUNCIAS HOGAR;AMOREIRA;R2 ZONA 4
septiembre de 2026;202611;22/9/2026;1;CAC MACAS;CICLO FMC DIA 26-25;MACAS;987148031;Atendido;;987148031;0987148031;1;R1;1;RENUNCIAS;Movil Pago: consumo masivo;TELEVISION;;HFC;RENUNCIAS HOGAR;CAUQUIH;R1 ZONA 1
septiembre de 2026;202610;7/9/2026;1;CAC COCA;CICLO FMC DIA 11-10;COCA;988136009;Atendido;;988136009;0988136009;1;R1;1;RENUNCIAS;Hogar:Renuncia HFC GPON  varios conceptos;TELEFONIA;;HFC;OTROS CIERRES;VZAMBRAM;R1 ZONA 3
agosto de 2026;202609;21/8/2026;1;CAC MALL DEL SOL;CICLO FMC DIA 11-10;GUAYAQUIL;909786014;Atendido;;;0909786014;1;R2;1;SERVICIO AL CLIENTE;Hogar:Renuncia HFC GPON  varios conceptos;INTERNET;;HFC;OTROS CIERRES;MCARPIOA;R2 ZONA 4
julio de 2026;202607;10/7/2026;1;CAC LAGUNA MALL;CICLO FMC DIA 24-23;IBARRA;939599856;Atendido;19/12/2023;939599856;1005250459;1;R1;1;SERVICIO AL CLIENTE;Hogar:Renuncia HFC GPON  varios conceptos;Internet;1000508725;GPON;OTROS CIERRES;MCISNERA;R1 ZONA 3
julio de 2026;202608;8/7/2026;1;CAC URDESA;CICLO FMC DIA 11-10;GUAYAQUIL;1305478933;Atendido;27/10/2020;1305478933;1305478933;1;R2;1;SERVICIO AL CLIENTE;Hogar:Renuncia HFC GPON  varios conceptos;Internet;2215961911;HFC;OTROS CIERRES;LACOSTAL;R2 ZONA 2
septiembre de 2026;202610;17/9/2026;1;CAC DAULE;CICLO FMC DIA 26-25;DAULE;999644976;Atendido;;999644976;0999644976;1;R2;1;RENUNCIAS;Hogar:Renuncia HFC GPON  varios conceptos;INTERNET;;GPON;RENUNCIAS HOGAR;KFUENTEG;R2 ZONA 4
julio de 2026;202608;8/7/2026;1;CAC MILAGRO;CICLO FMC DIA 11-10;MILAGRO;987151200;Atendido;;;0987151200;1;R2;1;RENUNCIAS;Movil Pago: consumo masivo;INTERNET;;HFC;RENUNCIAS HOGAR;MVICUNAM;R2 ZONA 3
septiembre de 2026;202611;22/9/2026;1;CAC CCI;CICLO FMC DIA 26-25;QUITO;984443054;Atendido;;984443054;0984443054;1;R1;1;RENUNCIAS;Hogar:Renuncia HFC GPON  varios conceptos;INTERNET;;HFC;OTROS CIERRES;CCARCELR;R1 ZONA 3
julio de 2026;202608;14/7/2026;1;CAC COCA;CICLO FMC DIA 26-25;COCA;967435589;Atendido;;967435589;0967435589;1;R1;1;RENUNCIAS;Hogar:Renuncia HFC GPON  varios conceptos;INTERNET;;GPON;OTROS CIERRES;JSANTILA;R1 ZONA 3
septiembre de 2026;202610;11/9/2026;1;CAC LOJA;CICLO FMC DIA 26-25;LOJA;1705221073;Atendido;24/10/2023;1705221073;1705221073;1;R2;1;RENUNCIAS;Movil Pago: consumo masivo;Telefonia;75005258;GPON;RENUNCIAS HOGAR;MCONTENM;R2 ZONA 1
julio de 2026;202608;11/7/2026;1;CAC EL BOSQUE;CICLO FMC DIA 26-25;QUITO;9791880100;Atendido;;;9791880100;1;R1;1;RENUNCIAS;Hogar Pago: consumo masivo;INTERNET;;GPON;RENUNCIAS HOGAR;DOCHOAR;R1 ZONA 2
agosto de 2026;202609;6/8/2026;1;CAC COCA;CICLO FMC DIA 26-25;COCA;989495786;Atendido;;989495786;0989495786;1;R1;1;RENUNCIAS;Hogar:Renuncia HFC GPON  varios conceptos;INTERNET;;GPON;OTROS CIERRES;JSANTILA;R1 ZONA 3
septiembre de 2026;202609;3/9/2026;1;CAC DAULE;CICLO FMC DIA 11-10;DAULE;984833655;Atendido;;;0984833655;1;R2;1;RENUNCIAS;Hogar:Renuncia HFC GPON  varios conceptos;TELEFONIA;;HFC;RENUNCIAS HOGAR;AMOREIRA;R2 ZONA 4
agosto de 2026;202609;15/8/2026;1;CAC SCALA;CICLO FMC DIA 26-25;QUITO;992737765;Atendido;;;0992737765;1;R1;1;RENUNCIAS;Hogar:Renuncia HFC GPON  varios conceptos;TELEFONIA;;HFC;OTROS CIERRES;GALBARRR;R1 ZONA 1
agosto de 2026;202609;31/8/2026;1;CAC EL BOSQUE;CICLO FMC DIA 11-10;QUITO;1719683573;Atendido;26/2/2015;;1719683573;1;R1;1;RENUNCIAS;Movil Pago: consumo masivo;Telefonia;25124194;GPON;RENUNCIAS HOGAR;SANDRADF;R1 ZONA 2
septiembre de 2026;202611;22/9/2026;1;CAC EL BOSQUE;CICLO FMC DIA 26-25;QUITO;999070124;Atendido;;;0999070124;1;R1;1;SERVICIO AL CLIENTE;Hogar:Renuncia HFC GPON  varios conceptos;INTERNET;;HFC;OTROS CIERRES;CHERRERC;R1 ZONA 2
julio de 2026;202607;3/7/2026;1;CAC PASEO PLAYAS;CICLO FMC DIA 21-20;PLAYAS;942977984;Atendido;20/1/2026;942977984;0942977984;1;R2;1;RENUNCIAS;Hogar: Reclamo  Facturación.;Telefonia;45195663;GPON;RENUNCIAS HOGAR;DMOYAP;R2 ZONA 2
julio de 2026;202608;14/7/2026;1;CAC COCA;CICLO FMC DIA 11-10;COCA;991749689;Atendido;;991749689;0991749689;1;R1;1;SERVICIO AL CLIENTE;Hogar:Renuncia HFC GPON  varios conceptos;INTERNET;;HFC;OTROS CIERRES;ARUIZI;R1 ZONA 3
julio de 2026;202607;3/7/2026;1;CAC PASEO PLAYAS;CICLO FMC DIA 21-20;PLAYAS;1703026623;Atendido;20/6/2026;1703026623;1703026623;1;R2;1;RENUNCIAS;Hogar:Mala venta DAS FVD SAC;Internet;1001695888;GPON;RENUNCIAS HOGAR;YINTRIAL;R2 ZONA 2
agosto de 2026;202609;22/8/2026;1;CAC MALTERIA;CICLO FMC DIA 11-10;LATACUNGA;993781869;Atendido;;993781869;0993781869;1;R1;1;RENUNCIAS;Hogar:Renuncia derivada del Kiosko;TELEFONIA;;HFC;RENUNCIAS HOGAR;CORTEGAP;R1 ZONA 2
julio de 2026;202608;1/7/2026;1;CAC SCALA;CICLO FMC DIA 26-25;QUITO;939310577;Atendido;;939310577;0939310577;1;R1;1;RENUNCIAS;Hogar:Renuncia HFC GPON  varios conceptos;INTERNET;;GPON;OTROS CIERRES;GALBARRR;R1 ZONA 1
agosto de 2026;202610;24/8/2026;1;CAC CONDADO;CICLO FMC DIA 26-25;QUITO;936230574;Atendido;;;0936230574;1;R1;1;SERVICIO AL CLIENTE;Hogar:Renuncia HFC GPON  varios conceptos;INTERNET;;HFC;OTROS CIERRES;CMINANGJ;R1 ZONA 1
agosto de 2026;202609;17/8/2026;1;CAC EL PORTAL;CICLO FMC DIA 26-25;QUITO;984795656;Atendido;;;0984795656;1;R1;1;SERVICIO AL CLIENTE;Hogar:Renuncia HFC GPON  varios conceptos;TELEFONIA;;GPON;OTROS CIERRES;NGONZALC;R1 ZONA 1
julio de 2026;202608;31/7/2026;1;CAC URDESA;CICLO FMC DIA 11-10;GUAYAQUIL;942138322;Atendido;1/6/2022;942138322;0942138322;1;R2;1;SERVICIO AL CLIENTE;Hogar:Renuncia HFC GPON  varios conceptos;Internet;2218648434;GPON;OTROS CIERRES;LACOSTAL;R2 ZONA 2
julio de 2026;202608;17/7/2026;1;CAC QUEVEDO CENTRO;CICLO FMC DIA 26-25;QUEVEDO;979803308;Atendido;;979803308;0979803308;1;R2;1;RENUNCIAS;Movil:Actualización de datos dirección correo;TELEVISION;;GPON;RENUNCIAS HOGAR;JPLUASAG;R2 ZONA 1
julio de 2026;202608;13/7/2026;1;CAC LAGUNA MALL;CICLO FMC DIA 11-10;IBARRA;986260213;Atendido;;986260213;0986260213;1;R1;1;SERVICIO AL CLIENTE;Hogar:Renuncia HFC GPON  varios conceptos;INTERNET;;GPON;OTROS CIERRES;MCISNERA;R1 ZONA 3
julio de 2026;202608;20/7/2026;1;CAC PASEO PLAYAS;CICLO FMC DIA 11-10;PLAYAS;939698089;Atendido;;939698089;0939698089;1;R2;1;RENUNCIAS;Movil Pago: consumo masivo;INTERNET;;HFC;RENUNCIAS HOGAR;YINTRIAL;R2 ZONA 2
julio de 2026;202609;28/7/2026;1;CAC PASEO PLAYAS;CICLO FMC DIA 26-25;PLAYAS;1714366018;Atendido;24/1/2024;1714366018;1714366018;1;R2;1;RENUNCIAS;Movil: Información de productos.;Internet;1000539101;GPON;RENUNCIAS HOGAR;ORIOFRIR;R2 ZONA 2
septiembre de 2026;202610;8/9/2026;1;CAC 9 DE OCTUBRE;CICLO FMC DIA 28-27;GUAYAQUIL;1201274840;Atendido;26/7/2025;1201274840;1201274840;1;R2;1;SERVICIO AL CLIENTE;Hogar:Renuncia HFC GPON  varios conceptos;Internet;1001276888;GPON;OTROS CIERRES;TBARRERV;R2 ZONA 3
julio de 2026;202608;6/7/2026;1;CAC QUICENTRO NORTE;CICLO FMC DIA 26-25;QUITO;983505835;Atendido;;;0983505835;1;R1;1;RENUNCIAS;Hogar:Renuncia derivada del Kiosko;TELEFONIA;;HFC;RENUNCIAS HOGAR;LPESANTC;R1 ZONA 3
julio de 2026;202608;9/7/2026;1;CAC LOJA;CICLO FMC DIA 26-25;LOJA;993332832;Atendido;;993332832;0993332832;1;R2;1;RENUNCIAS;Movil Pago: consumo masivo;TELEFONIA;;HFC;RENUNCIAS HOGAR;AGONZAGL;R2 ZONA 1
agosto de 2026;202609;13/8/2026;1;CAC TERMINAL TERRESTRE;CICLO FMC DIA 26-25;GUAYAQUIL;959775896;Atendido;;959775896;0959775896;1;R2;1;SERVICIO AL CLIENTE;Hogar:Renuncia HFC GPON  varios conceptos;TELEFONIA;;GPON;OTROS CIERRES;FCHAGUAE;R2 ZONA 1
agosto de 2026;202609;1/8/2026;1;CAC RIOCENTRO ENTRERIOS;CICLO FMC DIA 26-25;GUAYAQUIL;980054625;Atendido;;;0980054625;1;R2;1;RENUNCIAS;Movil: Renuncia servicio celular;INTERNET;;HFC;RENUNCIAS HOGAR;SMEDINAD;R2 ZONA 3
septiembre de 2026;202610;9/9/2026;1;CAC EL BOSQUE;CICLO FMC DIA 11-10;QUITO;958812840;Atendido;10/6/2024;1760272441;1760272441;1;R1;1;RENUNCIAS;Traspaso de titular;Internet;1000686712;GPON;RENUNCIAS HOGAR;PPINOL;R1 ZONA 2
septiembre de 2026;202610;12/9/2026;1;CAC MILAGRO;CICLO FMC DIA 26-25;MILAGRO;987452162;Atendido;;;0987452162;1;R2;1;SERVICIO AL CLIENTE;Hogar:Renuncia HFC GPON  varios conceptos;INTERNET;;GPON;OTROS CIERRES;MVICUNAM;R2 ZONA 3
agosto de 2026;202609;7/8/2026;1;CAC COCA;CICLO FMC DIA 26-25;COCA;994379422;Atendido;;994379422;0994379422;1;R1;1;SERVICIO AL CLIENTE;Hogar:Renuncia HFC GPON  varios conceptos;TELEFONIA;;HFC;OTROS CIERRES;ARUIZI;R1 ZONA 3
septiembre de 2026;202610;17/9/2026;1;CAC PASEO LA LIBERTAD;CICLO FMC DIA 26-25;LA LIBERTAD;998880155;Atendido;;;0998880155;1;R2;1;RENUNCIAS;Hogar:Renuncia HFC GPON  varios conceptos;INTERNET;;HFC;OTROS CIERRES;GLUCASH;R2 ZONA 2
septiembre de 2026;202610;17/9/2026;1;CAC QUICENTRO SUR;CICLO FMC DIA 11-10;QUITO;998838997;Atendido;;;0998838997;1;R1;1;RENUNCIAS;Renuncia servicio corporativo;INTERNET;;GPON;RENUNCIAS HOGAR;ACHICAIT;R1 ZONA 2
julio de 2026;202608;2/7/2026;1;CAC 9 DE OCTUBRE;CICLO FMC DIA 2-1;GUAYAQUIL;932051758;Atendido;26/1/2024;932051758;0932051758;1;R2;1;SERVICIO AL CLIENTE;Movil Reposición de sim;Internet;1000542152;GPON;FMC;DPONCER;R2 ZONA 3
agosto de 2026;202609;7/8/2026;1;CAC COCA;CICLO FMC DIA 26-25;COCA;997973943;Atendido;;997973943;0997973943;1;R1;1;RENUNCIAS;Hogar:Renuncia HFC GPON  varios conceptos;INTERNET;;HFC;OTROS CIERRES;ARUIZI;R1 ZONA 3
agosto de 2026;202609;30/8/2026;1;CAC CONDADO;CICLO FMC DIA 11-10;QUITO;988987743;Atendido;;988987743;0988987743;1;R1;1;RENUNCIAS;Hogar:Renuncia HFC GPON  varios conceptos;INTERNET;;GPON;OTROS CIERRES;CMINANGJ;R1 ZONA 1
julio de 2026;202608;7/7/2026;1;CAC PASEO QUEVEDO;CICLO FMC DIA 26-25;QUEVEDO;1207693753;Atendido;1/8/2023;1207693753;1207693753;1;R2;1;RENUNCIAS;Movil Pago: consumo masivo;Television;1000370231;GPON;RENUNCIAS HOGAR;WGARCIAQ;R2 ZONA 1
julio de 2026;202608;7/7/2026;1;CAC LAGUNA MALL;CICLO FMC DIA 26-25;IBARRA;948594785;Atendido;;;0948594785;1;R1;1;SERVICIO AL CLIENTE;Hogar:Renuncia HFC GPON  varios conceptos;TELEVISION;;GPON;OTROS CIERRES;MCISNERA;R1 ZONA 3
septiembre de 2026;202610;18/9/2026;1;CAC SAN MARINO;CICLO FMC DIA 26-25;GUAYAQUIL;986734180;Atendido;;986734180;0986734180;1;R2;1;RENUNCIAS;Hogar:Renuncia HFC GPON  varios conceptos;TELEVISION;;HFC;OTROS CIERRES;gvaleroj;R2 ZONA 3
julio de 2026;202609;29/7/2026;1;CAC EL RECREO;CICLO FMC DIA 26-25;QUITO;969585251;Atendido;;969585251;0969585251;1;R1;1;SERVICIO AL CLIENTE;Hogar:Renuncia HFC GPON  varios conceptos;INTERNET;;HFC;OTROS CIERRES;DRIVERAC;R1 ZONA 2
septiembre de 2026;202610;15/9/2026;1;CAC PASEO PORTOVIEJO;CICLO FMC DIA 26-25;PORTOVIEJO;984538060;Atendido;;984538060;0984538060;1;R2;1;RENUNCIAS;Movil: Renuncia derivada del Kiosko;INTERNET;;GPON;RENUNCIAS HOGAR;SMERAS;R2 ZONA 3
septiembre de 2026;202609;3/9/2026;1;CAC EL BOSQUE;CICLO FMC DIA 11-10;QUITO;999899828;Atendido;28/10/2023;1753517463;1753517463;1;R1;1;RENUNCIAS;Movil Pago: consumo masivo;Internet;1000458912;GPON;RENUNCIAS HOGAR;DOCHOAR;R1 ZONA 2
julio de 2026;202608;28/7/2026;1;CAC COCA;CICLO FMC DIA 11-10;COCA;997697171;Atendido;;997697171;0997697171;1;R1;1;RENUNCIAS;Hogar:Renuncia HFC GPON  varios conceptos;TELEVISION;;HFC;OTROS CIERRES;JSANTILA;R1 ZONA 3
agosto de 2026;202609;17/8/2026;1;CAC MACAS;CICLO FMC DIA 11-10;MACAS;302449954;Atendido;;302449954;0302449954;1;R1;1;RENUNCIAS;Movil/Hogar: Consulta Saldos;INTERNET;;GPON;RENUNCIAS HOGAR;ASAMPEDG;R1 ZONA 1
julio de 2026;202609;22/7/2026;1;CAC TERMINAL TERRESTRE;CICLO FMC DIA 26-25;GUAYAQUIL;982965615;Atendido;19/10/2024;982965615;0904186491;1;R2;1;SERVICIO AL CLIENTE;Hogar:Renuncia HFC GPON  varios conceptos;Internet;1000864567;GPON;OTROS CIERRES;BDELHIEZ;R2 ZONA 1
septiembre de 2026;202610;22/9/2026;1;CAC EL JARDIN;CICLO FMC DIA 13-12;QUITO;984675528;Atendido;11/9/2026;984675528;1715645246;1;R1;1;RENUNCIAS;Hogar:Renuncia derivada del Kiosko;Telefonia;25038693;GPON;RENUNCIAS HOGAR;GGUERREH;R1 ZONA 3
julio de 2026;202608;6/7/2026;1;CAC CENTRUM;CICLO FMC DIA 4-3;GUAYAQUIL;900818808;Atendido;3/6/2026;900818808;0900818808;1;R2;1;RENUNCIAS;Movil:Autonomías Simplificadas varias;Internet;1001670152;GPON;RENUNCIAS HOGAR;JMORENOA;R2 ZONA 1
agosto de 2026;202609;20/8/2026;1;CAC DAULE;CICLO FMC DIA 15-14;DAULE;942015058;Atendido;27/4/2025;942015058;0942015058;1;R2;1;RENUNCIAS;Hogar: Información de productos.;Telefonia;45206020;GPON;RENUNCIAS HOGAR;KLAVAYEV;R2 ZONA 4
septiembre de 2026;202609;2/9/2026;1;CAC LAGUNA MALL;CICLO FMC DIA 11-10;IBARRA;997920462;Atendido;;997920462;0997920462;1;R1;1;RENUNCIAS;Hogar:Renuncia HFC GPON  varios conceptos;INTERNET;;GPON;OTROS CIERRES;MCISNERA;R1 ZONA 3
agosto de 2026;202609;23/8/2026;1;CAC PASEO PLAYAS;CICLO FMC DIA 11-10;PLAYAS;999421727;Atendido;;999421727;0999421727;1;R2;1;RENUNCIAS;Hogar:Renuncia HFC GPON  varios conceptos;TELEFONIA;;GPON;RENUNCIAS HOGAR;AMENDOZY;R2 ZONA 2
julio de 2026;202608;15/7/2026;1;CAC QUEVEDO CENTRO;CICLO FMC DIA 11-10;QUEVEDO;992167980;Atendido;;992167980;0992167980;1;R2;1;SERVICIO AL CLIENTE;Hogar:Renuncia HFC GPON  varios conceptos;TELEFONIA;;HFC;OTROS CIERRES;CSANTILN;R2 ZONA 1
agosto de 2026;202609;15/8/2026;1;CAC LAGUNA MALL;CICLO FMC DIA 26-25;IBARRA;968119864;Atendido;;;0968119864;1;R1;1;RENUNCIAS;Hogar:Renuncia HFC GPON  varios conceptos;TELEFONIA;;HFC;RENUNCIAS HOGAR;MCISNERA;R1 ZONA 3
agosto de 2026;202609;24/8/2026;1;CAC LAGUNA MALL;CICLO FMC DIA 11-10;IBARRA;994182271;Atendido;;994182271;0994182271;1;R1;1;SERVICIO AL CLIENTE;Hogar:Renuncia HFC GPON  varios conceptos;INTERNET;;GPON;OTROS CIERRES;MCISNERA;R1 ZONA 3
septiembre de 2026;202611;22/9/2026;1;CAC CONDADO;CICLO FMC DIA 26-25;QUITO;997520660;Atendido;;997520660;0997520660;1;R1;1;SERVICIO AL CLIENTE;Hogar:Renuncia HFC GPON  varios conceptos;INTERNET;;GPON;OTROS CIERRES;CMINANGJ;R1 ZONA 1
agosto de 2026;202609;26/8/2026;1;CAC CONDADO;CICLO FMC DIA 11-10;QUITO;961508294;Atendido;;;0961508294;1;R1;1;SERVICIO AL CLIENTE;Hogar:Renuncia HFC GPON  varios conceptos;INTERNET;;GPON;OTROS CIERRES;PCABEZAN;R1 ZONA 1
septiembre de 2026;202611;27/9/2026;1;CAC EL RECREO 2;CICLO FMC DIA 26-25;QUITO;939507912;Atendido;2/4/2026;;1703529279;1;R1;1;RENUNCIAS;Movil: Renuncia servicio celular;Internet;1001590688;GPON;RENUNCIAS HOGAR;MSANCHE3;R1 ZONA 2
julio de 2026;202608;29/7/2026;1;CAC EL BOSQUE;CICLO FMC DIA 11-10;QUITO;999219580;Atendido;;;0999219580;1;R1;1;RENUNCIAS;Hogar:Renuncia HFC GPON  varios conceptos;INTERNET;;HFC;OTROS CIERRES;CHERRERC;R1 ZONA 2
julio de 2026;202608;21/7/2026;1;CAC MULTIPLAZA PORTOVIEJO;CICLO FMC DIA 13-12;PORTOVIEJO;1317941522;Atendido;11/6/2025;1317941522;1317941522;1;R2;1;RENUNCIAS;Hogar: Información de productos.;Internet;1001207652;GPON;RENUNCIAS HOGAR;DARTEAGQ;R2 ZONA 3
agosto de 2026;202610;31/8/2026;1;CAC CONDADO;CICLO FMC DIA 26-25;QUITO;980900243;Atendido;26/7/2022;980900243;0603632548;1;R1;1;SERVICIO AL CLIENTE;Hogar:Renuncia HFC GPON  varios conceptos;Internet;2218782325;GPON;OTROS CIERRES;CMINANGJ;R1 ZONA 1
septiembre de 2026;202610;2/9/2026;1;CAC MILAGRO;CICLO FMC DIA 26-25;MILAGRO;959631757;Atendido;;959631757;0959631757;1;R2;1;RENUNCIAS;Hogar:Renuncia HFC GPON  varios conceptos;INTERNET;;GPON;OTROS CIERRES;DPOVEDAT;R2 ZONA 3
septiembre de 2026;202609;5/9/2026;1;CAC MILAGRO;CICLO FMC DIA 11-10;MILAGRO;987452162;Atendido;10/2/2020;914400965;0914400965;1;R2;1;RENUNCIAS;Movil Pago: consumo masivo;Telefonia;45090287;GPON;RENUNCIAS HOGAR;MMOLINAZ;R2 ZONA 3
septiembre de 2026;202610;26/9/2026;1;CAC EL JARDIN;CICLO FMC DIA 11-10;QUITO;980570008;Atendido;30/6/2023;980570008;1708099641;1;R1;1;RENUNCIAS;Hogar:Renuncia HFC GPON  varios conceptos;Internet;1000336073;HFC;OTROS CIERRES;AMORAZ;R1 ZONA 3
agosto de 2026;202609;6/8/2026;1;CAC SAN MARINO;CICLO FMC DIA 26-25;GUAYAQUIL;983493175;Atendido;;983493175;0983493175;1;R2;1;RENUNCIAS;Renuncia servicio corporativo;TELEFONIA;;GPON;RENUNCIAS HOGAR;AVITERIC;R2 ZONA 3
agosto de 2026;202609;7/8/2026;1;CAC SCALA;CICLO FMC DIA 26-25;QUITO;994727815;Atendido;;994727815;0994727815;1;R1;1;RENUNCIAS;Hogar:Renuncia HFC GPON  varios conceptos;INTERNET;;HFC;OTROS CIERRES;GALBARRR;R1 ZONA 1
julio de 2026;202608;21/7/2026;1;CAC EL JARDIN;CICLO FMC DIA 11-10;QUITO;999474276;Atendido;;999474276;0999474276;1;R1;1;RENUNCIAS;Hogar:Renuncia HFC GPON  varios conceptos;TELEFONIA;;HFC;OTROS CIERRES;PORELLAR;R1 ZONA 3
julio de 2026;202608;10/7/2026;1;CAC URDESA;CICLO FMC DIA 11-10;GUAYAQUIL;968827983;Atendido;10/4/2023;968827983;0924668577;1;R2;1;SERVICIO AL CLIENTE;Hogar:Renuncia HFC GPON  varios conceptos;Cloud;19192235;HFC;OTROS CIERRES;kverar;R2 ZONA 2
septiembre de 2026;202609;2/9/2026;1;CAC LOJA;CICLO FMC DIA 8-7;LOJA;990925491;Atendido;6/11/2023;990925491;1105594293;1;R2;1;RENUNCIAS;Movil Pago: consumo masivo;Internet;1000465391;GPON;RENUNCIAS HOGAR;MCONTENM;R2 ZONA 1
julio de 2026;202608;29/7/2026;1;CAC COCA;CICLO FMC DIA 11-10;COCA;995252710;Atendido;;995252710;0995252710;1;R1;1;RENUNCIAS;Hogar:Renuncia HFC GPON  varios conceptos;INTERNET;;HFC;OTROS CIERRES;VZAMBRAM;R1 ZONA 3
agosto de 2026;202609;15/8/2026;1;CAC PASEO LA LIBERTAD;CICLO FMC DIA 11-10;LA LIBERTAD;981051595;Atendido;;981051595;0981051595;1;R2;1;SERVICIO AL CLIENTE;Hogar:Renuncia HFC GPON  varios conceptos;TELEFONIA;;HFC;OTROS CIERRES;RMACIASS;R2 ZONA 2
julio de 2026;202607;4/7/2026;1;CAC MALL DEL RIO;CICLO FMC DIA 15-14;CUENCA;991173287;Atendido;12/10/2023;991173287;0102958428;1;R2;1;SERVICIO AL CLIENTE;Movil Pago: consumo masivo;Internet;1000441713;GPON;FMC;ATORRESC;R2 ZONA 4
julio de 2026;202609;22/7/2026;1;CAC SCALA;CICLO FMC DIA 26-25;QUITO;967051666;Atendido;;967051666;0967051666;1;R1;1;RENUNCIAS;Hogar:Renuncia HFC GPON  varios conceptos;INTERNET;;GPON;OTROS CIERRES;GALBARRR;R1 ZONA 1
septiembre de 2026;202609;5/9/2026;1;CAC EL PORTAL;CICLO FMC DIA 17-16;QUITO;992969122;Atendido;15/5/2025;992969122;1725306987;1;R1;1;RENUNCIAS;Hogar:Renuncia HFC GPON  varios conceptos;Internet;1001165577;GPON;OTROS CIERRES;NGONZALC;R1 ZONA 1
septiembre de 2026;202610;12/9/2026;1;CAC EL RECREO 2;CICLO FMC DIA 26-25;QUITO;979261240;Atendido;;;0979261240;1;R1;1;RENUNCIAS;Movil: Renuncia servicio celular;INTERNET;;HFC;RENUNCIAS HOGAR;MSANCHE3;R1 ZONA 2
septiembre de 2026;202610;17/9/2026;1;CAC EL RECREO 2;CICLO FMC DIA 11-10;QUITO;984454771;Atendido;;;0984454771;1;R1;1;RENUNCIAS;Movil: Renuncia servicio celular;INTERNET;;HFC;RENUNCIAS HOGAR;MSANCHE3;R1 ZONA 2
agosto de 2026;202608;4/8/2026;1;CAC MULTIPLAZA PORTOVIEJO;CICLO FMC DIA 19-18;PORTOVIEJO;1351503261;Atendido;17/5/2025;1351503261;1351503261;1;R2;1;RENUNCIAS;Hogar: Venta Internet Telefonía TV;Internet;1001165625;GPON;RENUNCIAS HOGAR;MHOLGUIZ;R2 ZONA 3
agosto de 2026;202608;1/8/2026;1;CAC PASEO VIA DAULE;CICLO FMC DIA 8-7;GUAYAQUIL;943458000;Atendido;7/8/2023;943458000;0943458000;1;R2;1;RENUNCIAS; Información de productos;Internet;1000375296;GPON;RENUNCIAS HOGAR;JZAMORAA;R2 ZONA 3
julio de 2026;202608;8/7/2026;1;CAC LAGO AGRIO;CICLO FMC DIA 11-10;LAGO AGRIO;960764405;Atendido;;960764405;0960764405;1;R1;1;RENUNCIAS;Movil: Renuncia servicio celular;INTERNET;;HFC;RENUNCIAS HOGAR;JVELAB;R1 ZONA 3
septiembre de 2026;202610;24/9/2026;1;CAC RIOCENTRO ENTRERIOS;CICLO FMC DIA 11-10;GUAYAQUIL;992665692;Atendido;2/3/2018;992665692;0915803845;1;R2;1;RENUNCIAS;Hogar:Renuncia derivada del Kiosko;Internet;2210121764;HFC;RENUNCIAS HOGAR;SJALILV;R2 ZONA 3
agosto de 2026;202609;19/8/2026;1;CAC SCALA;CICLO FMC DIA 26-25;QUITO;988996023;Atendido;;988996023;0988996023;1;R1;1;RENUNCIAS;Hogar:Renuncia HFC GPON  varios conceptos;INTERNET;;HFC;OTROS CIERRES;GALBARRR;R1 ZONA 1
agosto de 2026;202609;19/8/2026;1;CAC EL RECREO 2;CICLO FMC DIA 11-10;QUITO;987676122;Atendido;;;0987676122;1;R1;1;RENUNCIAS;Renuncia servicio corporativo;INTERNET;;HFC;RENUNCIAS HOGAR;KSILVAE;R1 ZONA 2
septiembre de 2026;202610;10/9/2026;1;CAC CONDADO;CICLO FMC DIA 26-25;QUITO;984620947;Atendido;;;0984620947;1;R1;1;RENUNCIAS;Hogar:Renuncia HFC GPON  varios conceptos;INTERNET;;HFC;OTROS CIERRES;MSALASP;R1 ZONA 1
septiembre de 2026;202610;25/9/2026;1;CAC CUENCA;CICLO FMC DIA 8-7;CUENCA;990073433;Atendido;13/10/2023;990073433;0102268711;1;R2;1;RENUNCIAS;Hogar:Renuncia HFC GPON  varios conceptos;Internet;1000444170;GPON;OTROS CIERRES;ECARRIOS;R2 ZONA 4
agosto de 2026;202609;31/8/2026;1;CAC EL RECREO;CICLO FMC DIA 11-10;QUITO;997526070;Atendido;;997526070;0997526070;1;R1;1;RENUNCIAS;Hogar:Renuncia HFC GPON  varios conceptos;TELEFONIA;;HFC;RENUNCIAS HOGAR;MINGAJ;R1 ZONA 2
septiembre de 2026;202609;3/9/2026;1;CAC PASEO RIOBAMBA;CICLO FMC DIA 21-20;RIOBAMBA;985187010;Atendido;19/6/2026;985187010;0604440735;1;R1;1;SERVICIO AL CLIENTE;Hogar:Renuncia HFC GPON  varios conceptos;Telefonia;35002800;GPON;OTROS CIERRES;DTREVINA;R1 ZONA 2
septiembre de 2026;202610;18/9/2026;1;CAC PASEO RIOBAMBA;CICLO FMC DIA 24-23;RIOBAMBA;969381687;Atendido;5/6/2024;969381687;0604429241;1;R1;1;SERVICIO AL CLIENTE;Hogar:Renuncia HFC GPON  varios conceptos;Internet;1000684123;GPON;OTROS CIERRES;PMONCAYB;R1 ZONA 2
julio de 2026;202607;1/7/2026;1;CAC COCA;CICLO FMC DIA 11-10;COCA;986305847;Atendido;;986305847;0986305847;1;R1;1;RENUNCIAS;Hogar:Renuncia HFC GPON  varios conceptos;INTERNET;;HFC;OTROS CIERRES;VZAMBRAM;R1 ZONA 3
agosto de 2026;202610;29/8/2026;1;CAC EL RECREO;CICLO FMC DIA 26-25;QUITO;997256514;Atendido;;997256514;0997256514;1;R1;1;RENUNCIAS;Movil: Renuncia servicio celular;INTERNET;;HFC;RENUNCIAS HOGAR;ECTFTERQ;R1 ZONA 2
septiembre de 2026;202609;2/9/2026;1;CAC COCA;CICLO FMC DIA 11-10;COCA;992023468;Atendido;;992023468;0992023468;1;R1;1;RENUNCIAS;Hogar:Renuncia HFC GPON  varios conceptos;INTERNET;;HFC;OTROS CIERRES;VZAMBRAM;R1 ZONA 3
septiembre de 2026;202610;26/9/2026;1;CAC MULTIPLAZA PORTOVIEJO;CICLO FMC DIA 6-5;PORTOVIEJO;1310812340;Atendido;5/10/2024;1310812340;1310812340;1;R2;1;RENUNCIAS;Movil: Información de productos.;Internet;1000840198;GPON;RENUNCIAS HOGAR;DARTEAGQ;R2 ZONA 3
agosto de 2026;202609;6/8/2026;1;CAC EL RECREO;CICLO FMC DIA 11-10;QUITO;993007990;Atendido;;;0993007990;1;R1;1;RENUNCIAS;Movil: Renuncia servicio celular;TELEVISION;;GPON;RENUNCIAS HOGAR;ECTFTERQ;R1 ZONA 2
agosto de 2026;202610;25/8/2026;1;CAC EL BOSQUE;CICLO FMC DIA 26-25;QUITO;990874258;Atendido;;990874258;0990874258;1;R1;1;RENUNCIAS;Renuncia servicio corporativo;INTERNET;;GPON;RENUNCIAS HOGAR;DOCHOAR;R1 ZONA 2
julio de 2026;202608;22/7/2026;1;CAC COCA;CICLO FMC DIA 11-10;COCA;985035693;Atendido;;985035693;0985035693;1;R1;1;SERVICIO AL CLIENTE;Hogar:Renuncia HFC GPON  varios conceptos;INTERNET;;HFC;OTROS CIERRES;VZAMBRAM;R1 ZONA 3
agosto de 2026;202610;26/8/2026;1;CAC PASEO RIOBAMBA;CICLO FMC DIA 26-25;RIOBAMBA;988361151;Atendido;;988361151;0988361151;1;R1;1;RENUNCIAS;Hogar:Renuncia derivada del Kiosko;TELEVISION;;HFC;RENUNCIAS HOGAR;DTREVINA;R1 ZONA 2
agosto de 2026;202610;22/8/2026;1;CAC EL PORTAL;CICLO FMC DIA 26-25;QUITO;997318828;Atendido;;997318828;0997318828;1;R1;1;RENUNCIAS;Hogar:Renuncia HFC GPON  varios conceptos;TELEFONIA;;HFC;RENUNCIAS HOGAR;DCOBOSP;R1 ZONA 1
septiembre de 2026;202610;23/9/2026;1;CAC ETECO;CICLO FMC DIA 11-10;QUITO;998315720;Atendido;;;0998315720;1;R1;1;RENUNCIAS;Movil: Renuncia servicio celular;INTERNET;;HFC;RENUNCIAS HOGAR;LMOSQUEL;R1 ZONA 1
septiembre de 2026;202610;8/9/2026;1;CAC PASEO RIOBAMBA;CICLO FMC DIA 11-10;RIOBAMBA;992164055;Atendido;;992164055;0992164055;1;R1;1;RENUNCIAS;Movil:Actualización de datos dirección correo;INTERNET;;GPON;RENUNCIAS HOGAR;VHERNANS;R1 ZONA 2
julio de 2026;202608;16/7/2026;1;CAC CUENCA;CICLO FMC DIA 17-16;CUENCA;102411675;Atendido;15/7/2026;102411675;0102411675;1;R2;1;RENUNCIAS;Reclamo Facturacion;Internet;1001721457;GPON;RENUNCIAS HOGAR;KCALLEM;R2 ZONA 4
agosto de 2026;202609;30/8/2026;1;CAC SAN MARINO;CICLO FMC DIA 15-14;GUAYAQUIL;988666866;Atendido;14/1/2024;;0925502254;1;R2;1;RENUNCIAS;Renuncia servicio corporativo;Internet;1000530111;GPON;RENUNCIAS HOGAR;lmejiam;R2 ZONA 3
julio de 2026;202608;8/7/2026;1;CAC MILAGRO;CICLO FMC DIA 11-10;MILAGRO;990819043;Atendido;;990819043;0990819043;1;R2;1;RENUNCIAS;Hogar Pago: consumo masivo;INTERNET;;HFC;RENUNCIAS HOGAR;DBAYASF;R2 ZONA 3
septiembre de 2026;202610;8/9/2026;1;CAC COCA;CICLO FMC DIA 11-10;COCA;968430001;Atendido;;968430001;0968430001;1;R1;1;RENUNCIAS;Hogar:Renuncia HFC GPON  varios conceptos;INTERNET;;HFC;OTROS CIERRES;VZAMBRAM;R1 ZONA 3
julio de 2026;202608;10/7/2026;1;CAC MALL DEL RIO;CICLO FMC DIA 28-27;CUENCA;104807789;Atendido;26/5/2026;104807789;0104807789;1;R2;1;SERVICIO AL CLIENTE;Hogar:Renuncia HFC GPON  varios conceptos;Television;1001660865;GPON;OTROS CIERRES;ATORRESC;R2 ZONA 4
septiembre de 2026;202610;10/9/2026;1;CAC LAGO AGRIO;CICLO FMC DIA 11-10;LAGO AGRIO;997027275;Atendido;;997027275;0997027275;1;R1;1;RENUNCIAS;Movil: Renuncia servicio celular;TELEVISION;;HFC;RENUNCIAS HOGAR;JTENER;R1 ZONA 3
agosto de 2026;202609;4/8/2026;1;CAC MALL DEL ALTO;CICLO FMC DIA 26-25;CUENCA;983381655;Atendido;;;0983381655;1;R2;1;RENUNCIAS;Movil: Renuncia servicio celular;INTERNET;;HFC;RENUNCIAS HOGAR;KBARRERD;R2 ZONA 4
julio de 2026;202608;23/7/2026;1;CAC MALL DEL RIO;CICLO FMC DIA 2-1;CUENCA;104215280;Atendido;31/10/2023;104215280;0104215280;1;R2;1;SERVICIO AL CLIENTE;Movil Pago: consumo masivo;Internet;1000461206;GPON;FMC;JJARAT;R2 ZONA 4
septiembre de 2026;202611;23/9/2026;1;CAC COCA;CICLO FMC DIA 26-25;COCA;990650349;Atendido;;990650349;0990650349;1;R1;1;RENUNCIAS;Hogar:Renuncia HFC GPON  varios conceptos;INTERNET;;HFC;OTROS CIERRES;JSANTILA;R1 ZONA 3
septiembre de 2026;202610;21/9/2026;1;CAC RIOCENTRO ENTRERIOS;CICLO FMC DIA 11-10;GUAYAQUIL;986558485;Atendido;6/5/2021;986558485;0908784028;1;R2;1;RENUNCIAS;Movil: Renuncia servicio celular;Telefonia;45021814;HFC;RENUNCIAS HOGAR;JTOAPANT;R2 ZONA 3
agosto de 2026;202609;14/8/2026;1;CAC PASEO RIOBAMBA;CICLO FMC DIA 15-14;RIOBAMBA;959136361;Atendido;11/1/2024;959136361;0603225459;1;R1;1;SERVICIO AL CLIENTE;Hogar:Renuncia HFC GPON  varios conceptos;Internet;1000528584;GPON;OTROS CIERRES;PMONCAYB;R1 ZONA 2
agosto de 2026;202610;28/8/2026;1;CAC RIOCENTRO ENTRERIOS;CICLO FMC DIA 26-25;GUAYAQUIL;969361655;Atendido;24/11/2023;969361655;0923232870;1;R2;1;SERVICIO AL CLIENTE;Movil Pago: consumo masivo;Telefonia;45187083;GPON;FMC;AAGUILES;R2 ZONA 3
agosto de 2026;202609;25/8/2026;1;CAC SCALA;CICLO FMC DIA 11-10;QUITO;986107213;Atendido;;986107213;0986107213;1;R1;1;RENUNCIAS;Movil/Hogar: Consulta Saldos;TELEFONIA;;HFC;RENUNCIAS HOGAR;ARINCOND;R1 ZONA 1
agosto de 2026;202609;11/8/2026;1;CAC EL PORTAL;CICLO FMC DIA 11-10;QUITO;939061583;Atendido;4/7/2019;939061583;1707997381;1;R1;1;RENUNCIAS;Hogar:Renuncia HFC GPON  varios conceptos;Internet;2213427714;GPON;OTROS CIERRES;DPROANOP;R1 ZONA 1
agosto de 2026;202610;20/8/2026;1;CAC CONDADO;CICLO FMC DIA 24-23;QUITO;989998472;Atendido;18/7/2025;989998472;1721045514;1;R1;1;RENUNCIAS;Hogar:Renuncia HFC GPON  varios conceptos;Internet;1001260727;GPON;OTROS CIERRES;CMINANGJ;R1 ZONA 1
julio de 2026;202608;23/7/2026;1;CAC MALL DEL RIO;CICLO FMC DIA 24-23;CUENCA;918245093;Atendido;23/1/2026;918245093;0918245093;1;R2;1;SERVICIO AL CLIENTE;Hogar:Renuncia HFC GPON  varios conceptos;Internet;1001505896;GPON;OTROS CIERRES;ATORRESC;R2 ZONA 4
julio de 2026;202609;29/7/2026;1;CAC IBARRA;CICLO FMC DIA 26-25;IBARRA;980631755;Atendido;;980631755;0980631755;1;R1;1;SERVICIO AL CLIENTE;Hogar:Renuncia HFC GPON  varios conceptos;INTERNET;;HFC;OTROS CIERRES;AMARQUES;R1 ZONA 3
julio de 2026;202608;17/7/2026;1;CAC EL PORTAL;CICLO FMC DIA 28-27;QUITO;500676796;Atendido;21/3/2025;;0500676796;1;R1;1;RENUNCIAS;Hogar:Renuncia HFC GPON  varios conceptos;Internet;1001078062;GPON;OTROS CIERRES;JCORDOVG;R1 ZONA 1
agosto de 2026;202609;11/8/2026;1;CAC PASEO RIOBAMBA;CICLO FMC DIA 26-25;RIOBAMBA;989235536;Atendido;;989235536;0989235536;1;R1;1;RENUNCIAS;Hogar:Cambio de equipo y/o control remoto;INTERNET;;HFC;RENUNCIAS HOGAR;VHERNANS;R1 ZONA 2
julio de 2026;202608;11/7/2026;1;CAC DAULE;CICLO FMC DIA 11-10;DAULE;1000059928;Atendido;;1000059928;1000059928;1;R2;1;RENUNCIAS;Movil Pago: consumo masivo;INTERNET;;GPON;RENUNCIAS HOGAR;KFUENTEG;R2 ZONA 4
agosto de 2026;202609;13/8/2026;1;CAC COCA;CICLO FMC DIA 11-10;COCA;999417170;Atendido;;999417170;0999417170;1;R1;1;RENUNCIAS;Hogar:Renuncia HFC GPON  varios conceptos;INTERNET;;HFC;OTROS CIERRES;JSANTILA;R1 ZONA 3
julio de 2026;202609;31/7/2026;1;CAC PASEO PORTOVIEJO;CICLO FMC DIA 26-25;PORTOVIEJO;1303449696;Atendido;25/7/2023;1303449696;1303449696;1;R2;1;RENUNCIAS;Movil Pago: consumo masivo;Internet;1000359146;GPON;RENUNCIAS HOGAR;KBRAVOP2;R2 ZONA 3
julio de 2026;202607;9/7/2026;1;CAC LAGUNA MALL;CICLO FMC DIA 24-23;IBARRA;967266321;Atendido;22/4/2026;967266321;0400928081;1;R1;1;SERVICIO AL CLIENTE;Hogar:Renuncia HFC GPON  varios conceptos;Internet;1001615784;GPON;OTROS CIERRES;MCISNERA;R1 ZONA 3
agosto de 2026;202609;4/8/2026;1;CAC LOJA;CICLO FMC DIA 28-27;LOJA;1105046757;Atendido;26/8/2024;1105046757;1105046757;1;R2;1;RENUNCIAS;Movil: Reclamo Facturación.;Internet;1000779135;GPON;RENUNCIAS HOGAR;XCABRERP;R2 ZONA 1
julio de 2026;202608;27/7/2026;1;CAC PASEO VIA DAULE;CICLO FMC DIA 2-1;GUAYAQUIL;90000900;Atendido;27/7/2023;908136948;0908136948;1;R2;1;RENUNCIAS;Hogar:Renuncia HFC GPON  varios conceptos;Internet;1000366362;GPON;RENUNCIAS HOGAR;JQUIMISB;R2 ZONA 3
septiembre de 2026;202610;9/9/2026;1;CAC RIOCENTRO ENTRERIOS;CICLO FMC DIA 11-10;GUAYAQUIL;994084108;Atendido;18/3/2023;994084108;0900926387;1;R2;1;RENUNCIAS;Hogar:Renuncia HFC GPON  varios conceptos;Internet;1000235656;GPON;RENUNCIAS HOGAR;AAGUILES;R2 ZONA 3
agosto de 2026;202609;12/8/2026;1;CAC COCA;CICLO FMC DIA 26-25;COCA;994363127;Atendido;;994363127;0994363127;1;R1;1;SERVICIO AL CLIENTE;Hogar:Renuncia HFC GPON  varios conceptos;TELEFONIA;;GPON;OTROS CIERRES;ARUIZI;R1 ZONA 3
septiembre de 2026;202610;28/9/2026;1;CAC PASEO PLAYAS;CICLO FMC DIA 11-10;PLAYAS;990313927;Atendido;;990313927;0990313927;1;R2;1;RENUNCIAS;Movil: Renuncia servicio celular;TELEFONIA;;HFC;RENUNCIAS HOGAR;DMOYAP;R2 ZONA 2
julio de 2026;202607;2/7/2026;1;CAC LAGUNA MALL;CICLO FMC DIA 17-16;IBARRA;994424086;Atendido;15/5/2025;1001843885;1001843885;1;R1;1;RENUNCIAS; Información de productos;Telefonia;65015597;GPON;RENUNCIAS HOGAR;PMUNOZS;R1 ZONA 3
agosto de 2026;202610;24/8/2026;1;CAC GUARANDA;CICLO FMC DIA 26-25;GUARANDA;960083495;Atendido;19/4/2023;960083495;0201836491;1;R1;1;RENUNCIAS;Movil: Renuncia servicio celular;Telefonia;25181728;HFC;FMC;RROJASA;R1 ZONA 2
agosto de 2026;202609;14/8/2026;1;CAC CHONE;CICLO FMC DIA 19-18;CHONE;1315759728;Atendido;18/6/2025;1315759728;1315759728;1;R2;1;SERVICIO AL CLIENTE;Movil:Actualización de datos dirección correo;Telefonia;25230231;GPON;FMC;MALAVAC;R2 ZONA 1
agosto de 2026;202610;27/8/2026;1;CAC MALL DEL RIO;CICLO FMC DIA 26-25;CUENCA;988230494;Atendido;;988230494;0988230494;1;R2;1;RENUNCIAS;Movil: Renuncia servicio celular;INTERNET;;GPON;RENUNCIAS HOGAR;HFIGUERZ;R2 ZONA 4
septiembre de 2026;202610;16/9/2026;1;CAC 9 DE OCTUBRE;CICLO FMC DIA 11-10;GUAYAQUIL;907842769;Atendido;;907842769;0907842769;1;R2;1;SERVICIO AL CLIENTE;Hogar:Renuncia HFC GPON  varios conceptos;TELEVISION;;HFC;OTROS CIERRES;JLOPEZA;R2 ZONA 3
agosto de 2026;202609;17/8/2026;1;CAC PASEO QUEVEDO;CICLO FMC DIA 2-1;QUEVEDO;1206065300;Atendido;28/1/2026;1206065300;1206065300;1;R2;1;RENUNCIAS;Hogar Pago: consumo masivo;Internet;1001510357;GPON;RENUNCIAS HOGAR;KVILLAVU;R2 ZONA 1
julio de 2026;202607;1/7/2026;1;CAC LAGUNA MALL;CICLO FMC DIA 13-12;IBARRA;999135973;Atendido;12/2/2026;999135973;1002355335;1;R1;1;SERVICIO AL CLIENTE;Hogar:Renuncia HFC GPON  varios conceptos;Telefonia;65004929;GPON;OTROS CIERRES;MCISNERA;R1 ZONA 3
agosto de 2026;202609;19/8/2026;1;CAC PASEO PLAYAS;CICLO FMC DIA 26-25;PLAYAS;993107273;Atendido;;;0993107273;1;R2;1;RENUNCIAS;Movil: Renuncia servicio celular;TELEFONIA;;GPON;RENUNCIAS HOGAR;YINTRIAL;R2 ZONA 2
septiembre de 2026;202610;25/9/2026;1;CAC MALL DEL RIO;CICLO FMC DIA 11-10;CUENCA;999963672;Atendido;;;0999963672;1;R2;1;RENUNCIAS;Hogar:Renuncia HFC GPON  varios conceptos;TELEFONIA;;GPON;OTROS CIERRES;ATORRESC;R2 ZONA 4
julio de 2026;202609;24/7/2026;1;CAC COCA;CICLO FMC DIA 26-25;COCA;998824382;Atendido;;998824382;0998824382;1;R1;1;RENUNCIAS;Hogar:Renuncia HFC GPON  varios conceptos;INTERNET;;HFC;OTROS CIERRES;VZAMBRAM;R1 ZONA 3
julio de 2026;202608;28/7/2026;1;CAC EL RECREO 2;CICLO FMC DIA 11-10;QUITO;989245479;Atendido;;;0989245479;1;R1;1;RENUNCIAS;Movil: Renuncia servicio celular;TELEFONIA;;HFC;RENUNCIAS HOGAR;MSANCHE3;R1 ZONA 2
agosto de 2026;202609;3/8/2026;1;CAC MANTA;CICLO FMC DIA 26-25;MANTA;982736643;Atendido;;982736643;0982736643;1;R2;1;RENUNCIAS;Movil: Actualización misma tarifa down up;TELEFONIA;;GPON;RENUNCIAS HOGAR;JZAMBRAM;R2 ZONA 1
julio de 2026;202608;9/7/2026;1;CAC EL DORADO;CICLO FMC DIA 26-25;GUAYAQUIL;992288247;Atendido;;992288247;0992288247;1;R2;1;SERVICIO AL CLIENTE;Hogar:Renuncia HFC GPON  varios conceptos;TELEFONIA;;HFC;OTROS CIERRES;MRIVERAT;R2 ZONA 3
agosto de 2026;202608;3/8/2026;1;CAC QUEVEDO CENTRO;CICLO FMC DIA 11-10;QUEVEDO;994019647;Atendido;;994019647;0994019647;1;R2;1;RENUNCIAS;Movil:Actualización de datos dirección correo;INTERNET;;GPON;RENUNCIAS HOGAR;BMINOT;R2 ZONA 1
septiembre de 2026;202611;24/9/2026;1;CAC COCA;CICLO FMC DIA 26-25;COCA;993502158;Atendido;;993502158;0993502158;1;R1;1;RENUNCIAS;Hogar:Renuncia HFC GPON  varios conceptos;INTERNET;;HFC;OTROS CIERRES;ARUIZI;R1 ZONA 3
julio de 2026;202607;15/7/2026;1;CAC MANTA;CICLO FMC DIA 21-20;MANTA;994760721;Atendido;19/7/2024;994760721;1308521416;1;R2;1;RENUNCIAS;Movil:Actualización de datos dirección correo;Internet;1000734600;GPON;RENUNCIAS HOGAR;CBRAVOV;R2 ZONA 1
septiembre de 2026;202609;2/9/2026;1;CAC PASEO RIOBAMBA;CICLO FMC DIA 11-10;RIOBAMBA;985928983;Atendido;;985928983;0985928983;1;R1;1;SERVICIO AL CLIENTE;Hogar:Renuncia HFC GPON  varios conceptos;INTERNET;;HFC;OTROS CIERRES;PMONCAYB;R1 ZONA 2
septiembre de 2026;202610;17/9/2026;1;CAC PASEO RIOBAMBA;CICLO FMC DIA 24-23;RIOBAMBA;989487003;Atendido;23/10/2024;989487003;0602200065;1;R1;1;RENUNCIAS;Movil Reposición de sim;Telefonia;35002068;GPON;RENUNCIAS HOGAR;ANUNEZP;R1 ZONA 2
agosto de 2026;202608;5/8/2026;1;CAC IBARRA;CICLO FMC DIA 11-10;IBARRA;999920250;Atendido;;;0999920250;1;R1;1;SERVICIO AL CLIENTE;Hogar:Renuncia HFC GPON  varios conceptos;INTERNET;;HFC;OTROS CIERRES;AMARQUES;R1 ZONA 3
julio de 2026;202608;14/7/2026;1;CAC QUEVEDO CENTRO;CICLO FMC DIA 26-25;QUEVEDO;985886446;Atendido;;;0985886446;1;R2;1;RENUNCIAS;Movil:Actualización de datos dirección correo;INTERNET;;HFC;RENUNCIAS HOGAR;AIBARRAM;R2 ZONA 1
agosto de 2026;202609;31/8/2026;1;CAC MULTIPLAZA PORTOVIEJO;CICLO FMC DIA 11-10;PORTOVIEJO;1309146080;Atendido;4/2/2022;1309146080;1309146080;1;R2;1;RENUNCIAS;Movil:Actualización de datos dirección correo;Telefonia;55002965;GPON;RENUNCIAS HOGAR;MNARANJZ;R2 ZONA 3
julio de 2026;202608;1/7/2026;1;CAC SCALA;CICLO FMC DIA 26-25;QUITO;995692230;Atendido;24/10/2020;1800906867;1800906867;1;R1;1;SERVICIO AL CLIENTE;Hogar:Renuncia HFC GPON  varios conceptos;Internet;2215962542;GPON;OTROS CIERRES;PDELGADK;R1 ZONA 1
julio de 2026;202608;28/7/2026;1;CAC LAGUNA MALL;CICLO FMC DIA 8-7;IBARRA;997935678;Atendido;13/6/2025;997935678;1759508441;1;R1;1;RENUNCIAS;Hogar:Renuncia derivada del Kiosko;Telefonia;25204202;GPON;RENUNCIAS HOGAR;AVIVANCP;R1 ZONA 3
septiembre de 2026;202610;9/9/2026;1;CAC MALL DEL RIO;CICLO FMC DIA 8-7;CUENCA;983359320;Atendido;7/2/2025;983359320;0102593464;1;R2;1;RENUNCIAS;Movil: Renuncia servicio celular;Telefonia;75010018;GPON;RENUNCIAS HOGAR;ILOORO;R2 ZONA 4
julio de 2026;202609;21/7/2026;1;CAC COCA;CICLO FMC DIA 26-25;COCA;989495898;Atendido;;989495898;0989495898;1;R1;1;RENUNCIAS;Hogar:Renuncia HFC GPON  varios conceptos;TELEFONIA;;HFC;OTROS CIERRES;VZAMBRAM;R1 ZONA 3
agosto de 2026;202609;18/8/2026;1;CAC QUEVEDO CENTRO;CICLO FMC DIA 26-25;QUEVEDO;999808219;Atendido;;999808219;0999808219;1;R2;1;RENUNCIAS;Movil Pago: consumo masivo;INTERNET;;HFC;RENUNCIAS HOGAR;MGALVEZC;R2 ZONA 1
agosto de 2026;202609;18/8/2026;1;CAC CHONE;CICLO FMC DIA 26-25;CHONE;803083708;Atendido;;803083708;0803083708;1;R2;1;RENUNCIAS;Hogar:Cliente sin servicio en producto hogar;INTERNET;;GPON;RENUNCIAS HOGAR;CCASTROE;R2 ZONA 1
agosto de 2026;202609;4/8/2026;1;CAC COCA;CICLO FMC DIA 26-25;COCA;983551203;Atendido;;983551203;0983551203;1;R1;1;RENUNCIAS;Hogar:Renuncia HFC GPON  varios conceptos;INTERNET;;HFC;OTROS CIERRES;JSANTILA;R1 ZONA 3
septiembre de 2026;202610;18/9/2026;1;CAC MULTIPLAZA PORTOVIEJO;CICLO FMC DIA 11-10;PORTOVIEJO;1302185416;Atendido;10/6/2026;1302185416;1302185416;1;R2;1;SERVICIO AL CLIENTE;Movil Pago: consumo masivo;Internet;1001682047;GPON;FMC;JSANTANN;R2 ZONA 3
agosto de 2026;202609;13/8/2026;1;CAC PASEO BABAHOYO;CICLO FMC DIA 11-10;BABAHOYO;997466673;Atendido;;997466673;0997466673;1;R2;1;RENUNCIAS;Movil:Actualización de datos dirección correo;INTERNET;;GPON;RENUNCIAS HOGAR;FORTIZB;R2 ZONA 3
agosto de 2026;202609;31/8/2026;1;CAC QUEVEDO CENTRO;CICLO FMC DIA 21-20;QUEVEDO;1250750021;Atendido;13/4/2026;1250750021;1250750021;1;R2;1;RENUNCIAS;Movil:Actualización de datos dirección correo;Internet;1001604837;GPON;RENUNCIAS HOGAR;AIBARRAM;R2 ZONA 1
julio de 2026;202607;2/7/2026;1;CAC PASEO PLAYAS;CICLO FMC DIA 11-10;PLAYAS;916639776;Atendido;;916639776;0916639776;1;R2;1;RENUNCIAS;Movil: Renuncia servicio celular;TELEFONIA;;HFC;RENUNCIAS HOGAR;DMOYAP;R2 ZONA 2
septiembre de 2026;202610;11/9/2026;1;CAC COCA;CICLO FMC DIA 26-25;COCA;959000214;Atendido;;959000214;0959000214;1;R1;1;RENUNCIAS;Hogar:Renuncia HFC GPON  varios conceptos;INTERNET;;HFC;OTROS CIERRES;JSANTILA;R1 ZONA 3
julio de 2026;202609;21/7/2026;1;CAC SCALA;CICLO FMC DIA 26-25;QUITO;985308158;Atendido;24/10/2019;985308158;1711849263;1;R1;1;SERVICIO AL CLIENTE;Hogar:Renuncia HFC GPON  varios conceptos;Internet;14718296;HFC;OTROS CIERRES;LVILLAMG;R1 ZONA 1
septiembre de 2026;202610;17/9/2026;1;CAC CONDADO;CICLO FMC DIA 11-10;QUITO;995860649;Atendido;;;0995860649;1;R1;1;SERVICIO AL CLIENTE;Hogar:Renuncia HFC GPON  varios conceptos;INTERNET;;HFC;OTROS CIERRES;CMINANGJ;R1 ZONA 1
agosto de 2026;202609;8/8/2026;1;CAC RIOCENTRO SUR;CICLO FMC DIA 11-10;GUAYAQUIL;991331979;Atendido;;991331979;0991331979;1;R2;1;SERVICIO AL CLIENTE;Hogar:Renuncia HFC GPON  varios conceptos;TELEFONIA;;GPON;OTROS CIERRES;PSALVATP;R2 ZONA 4
septiembre de 2026;202609;14/9/2026;1;CAC CUENCA;CICLO FMC DIA 21-20;CUENCA;991324441;Atendido;19/12/2024;991324441;0103994174;1;R2;1;SERVICIO AL CLIENTE; Información de productos;Telefonia;75009281;GPON;FMC;ECARRIOS;R2 ZONA 4
julio de 2026;202607;3/7/2026;1;CAC BOMBOLI;CICLO FMC DIA 11-10;SANTO DOMINGO;983853169;Atendido;;983853169;0983853169;1;R1;1;RENUNCIAS;Renuncia servicio corporativo;TELEFONIA;;HFC;RENUNCIAS HOGAR;pcedenoc;R1 ZONA 1
agosto de 2026;202610;21/8/2026;1;CAC PASEO PLAYAS;CICLO FMC DIA 26-25;PLAYAS;968742252;Atendido;;968742252;0968742252;1;R2;1;RENUNCIAS;Movil: Renuncia servicio celular;INTERNET;;HFC;RENUNCIAS HOGAR;DMOYAP;R2 ZONA 2
julio de 2026;202608;17/7/2026;1;CAC PASEO PLAYAS;CICLO FMC DIA 28-27;PLAYAS;1302340896;Atendido;21/1/2025;1302340896;1302340896;1;R2;1;RENUNCIAS;Hogar:Renuncia HFC GPON  varios conceptos;Internet;1000985484;GPON;RENUNCIAS HOGAR;YINTRIAL;R2 ZONA 2
julio de 2026;202608;14/7/2026;1;CAC EL RECREO 2;CICLO FMC DIA 11-10;QUITO;987805772;Atendido;;;0987805772;1;R1;1;RENUNCIAS;Movil: Renuncia servicio celular;INTERNET;;HFC;RENUNCIAS HOGAR;MSANCHE3;R1 ZONA 2
julio de 2026;202608;9/7/2026;1;CAC COCA;CICLO FMC DIA 11-10;COCA;968234369;Atendido;;968234369;0968234369;1;R1;1;RENUNCIAS;Hogar:Renuncia HFC GPON  varios conceptos;TELEFONIA;;HFC;RENUNCIAS HOGAR;VZAMBRAM;R1 ZONA 3
septiembre de 2026;202610;12/9/2026;1;CAC MALL DEL RIO;CICLO FMC DIA 11-10;CUENCA;980262394;Atendido;;;0980262394;1;R2;1;RENUNCIAS;Movil: Renuncia servicio celular;INTERNET;;GPON;RENUNCIAS HOGAR;MVIVARM;R2 ZONA 4
septiembre de 2026;202610;5/9/2026;1;CAC PASEO PLAYAS;CICLO FMC DIA 26-25;PLAYAS;959499185;Atendido;;;0959499185;1;R2;1;RENUNCIAS;Movil: Renuncia servicio celular;INTERNET;;HFC;RENUNCIAS HOGAR;ORIOFRIR;R2 ZONA 2
julio de 2026;202609;30/7/2026;1;CAC EL RECREO 2;CICLO FMC DIA 26-25;QUITO;995757642;Atendido;;;0995757642;1;R1;1;RENUNCIAS;Movil: Renuncia servicio celular;TELEFONIA;;HFC;RENUNCIAS HOGAR;MSANCHE3;R1 ZONA 2
septiembre de 2026;202610;23/9/2026;1;CAC MALL DEL RIO;CICLO FMC DIA 11-10;CUENCA;999035073;Atendido;;;0999035073;1;R2;1;RENUNCIAS;Hogar:Renuncia HFC GPON  varios conceptos;INTERNET;;GPON;RENUNCIAS HOGAR;ATORRESC;R2 ZONA 4
agosto de 2026;202609;6/8/2026;1;CAC DAULE;CICLO FMC DIA 2-1;DAULE;986149260;Atendido;30/6/2026;986149260;0910012442;1;R2;1;RENUNCIAS;Movil Reposición de sim;Telefonia;45202661;GPON;RENUNCIAS HOGAR;LCAICEDN;R2 ZONA 4
julio de 2026;202608;13/7/2026;1;CAC PASEO RIOBAMBA;CICLO FMC DIA 26-25;RIOBAMBA;983134800;Atendido;;;0983134800;1;R1;1;SERVICIO AL CLIENTE;Hogar:Renuncia HFC GPON  varios conceptos;TELEFONIA;;HFC;OTROS CIERRES;PMONCAYB;R1 ZONA 2
agosto de 2026;202608;3/8/2026;1;CAC PASEO VIA DAULE;CICLO FMC DIA 24-23;GUAYAQUIL;921940797;Atendido;16/3/2024;921940797;0921940797;1;R2;1;RENUNCIAS;Hogar:Mala venta DAS FVD SAC;Telefonia;45157278;GPON;RENUNCIAS HOGAR;KMACIASS;R2 ZONA 3
julio de 2026;202608;17/7/2026;1;CAC COCA;CICLO FMC DIA 11-10;COCA;980193304;Atendido;;980193304;0980193304;1;R1;1;RENUNCIAS;Hogar:Renuncia HFC GPON  varios conceptos;TELEVISION;;HFC;OTROS CIERRES;VZAMBRAM;R1 ZONA 3
agosto de 2026;202609;7/8/2026;1;CAC MALL DEL SUR;CICLO FMC DIA 26-25;GUAYAQUIL;901312546;Atendido;16/5/2022;;0901312546;1;R2;1;SERVICIO AL CLIENTE;Hogar:Renuncia HFC GPON  varios conceptos;Internet;2218321287;GPON;OTROS CIERRES;SNOBOAC;R2 ZONA 2
agosto de 2026;202609;13/8/2026;1;CAC COCA;CICLO FMC DIA 26-25;COCA;998062896;Atendido;;998062896;0998062896;1;R1;1;RENUNCIAS;Hogar:Renuncia HFC GPON  varios conceptos;INTERNET;;HFC;OTROS CIERRES;VZAMBRAM;R1 ZONA 3
septiembre de 2026;202609;5/9/2026;1;CAC CONDADO;CICLO FMC DIA 11-10;QUITO;999325812;Atendido;;999325812;0999325812;1;R1;1;RENUNCIAS;Hogar:Renuncia HFC GPON  varios conceptos;INTERNET;;GPON;OTROS CIERRES;CMINANGJ;R1 ZONA 1
septiembre de 2026;202611;22/9/2026;1;CAC CITYMALL;CICLO FMC DIA 26-25;GUAYAQUIL;979877677;Atendido;2/3/2025;979877677;0905016788;1;R2;1;SERVICIO AL CLIENTE;Hogar:Renuncia HFC GPON  varios conceptos;Television;1001044893;GPON;OTROS CIERRES;CDEFAZH;R2 ZONA 4
julio de 2026;202608;6/7/2026;1;CAC EL PORTAL;CICLO FMC DIA 26-25;QUITO;990283133;Atendido;21/1/2024;990283133;1714956073;1;R1;1;RENUNCIAS;Hogar:Renuncia HFC GPON  varios conceptos;Telefonia;25177568;GPON;OTROS CIERRES;DPROANOP;R1 ZONA 1
septiembre de 2026;202610;10/9/2026;1;CAC SCALA;CICLO FMC DIA 11-10;QUITO;991628431;Atendido;11/4/2018;991628431;1706496146;1;R1;1;RENUNCIAS;Hogar:Renuncia HFC GPON  varios conceptos;Internet;10385129;HFC;RENUNCIAS HOGAR;PPULUPA2;R1 ZONA 1
julio de 2026;202608;31/7/2026;1;CAC QUEVEDO CENTRO;CICLO FMC DIA 11-10;QUEVEDO;1203256571;Atendido;11/3/2025;1203256571;1203256571;1;R2;1;RENUNCIAS;Movil Pago: consumo masivo;Internet;1001058848;GPON;RENUNCIAS HOGAR;LGALLEGF;R2 ZONA 1
septiembre de 2026;202610;12/9/2026;1;CAC SCALA;CICLO FMC DIA 11-10;QUITO;988808768;Atendido;1/9/2023;988808768;1721228110;1;R1;1;RENUNCIAS;Hogar:Renuncia HFC GPON  varios conceptos;Internet;1000402576;GPON;OTROS CIERRES;RCENTENO;R1 ZONA 1
agosto de 2026;202608;5/8/2026;1;CAC COCA;CICLO FMC DIA 11-10;COCA;981242518;Atendido;;981242518;0981242518;1;R1;1;RENUNCIAS;Hogar:Renuncia HFC GPON  varios conceptos;TELEFONIA;;HFC;OTROS CIERRES;VZAMBRAM;R1 ZONA 3
julio de 2026;202608;20/7/2026;1;CAC QUEVEDO CENTRO;CICLO FMC DIA 26-25;QUEVEDO;988489210;Atendido;;988489210;0988489210;1;R2;1;RENUNCIAS;Movil Pago: consumo masivo;INTERNET;;HFC;RENUNCIAS HOGAR;AIBARRAM;R2 ZONA 1
septiembre de 2026;202610;22/9/2026;1;CAC LAGUNA MALL;CICLO FMC DIA 19-18;IBARRA;989404274;Atendido;20/11/2025;989404274;1000880110;1;R1;1;RENUNCIAS;Hogar:Renuncia HFC GPON  varios conceptos;Internet;1001440569;GPON;RENUNCIAS HOGAR;MCISNERA;R1 ZONA 3
julio de 2026;202608;16/7/2026;1;CAC COCA;CICLO FMC DIA 26-25;COCA;990086363;Atendido;;990086363;0990086363;1;R1;1;RENUNCIAS;Hogar:Renuncia HFC GPON  varios conceptos;TELEFONIA;;HFC;OTROS CIERRES;VZAMBRAM;R1 ZONA 3
agosto de 2026;202609;9/8/2026;1;CAC MULTIPLAZA PORTOVIEJO;CICLO FMC DIA 8-7;PORTOVIEJO;1313140657;Atendido;18/11/2025;1313140657;1313140657;1;R2;1;RENUNCIAS;Movil: Información de productos.;Internet;1001436815;GPON;RENUNCIAS HOGAR;MPITAM;R2 ZONA 3
agosto de 2026;202609;31/8/2026;1;CAC CHONE;CICLO FMC DIA 11-10;CHONE;1354238105;Atendido;1/7/2024;1354238105;1354238105;1;R2;1;RENUNCIAS;Movil:Actualización de datos dirección correo;Internet;1000710909;GPON;RENUNCIAS HOGAR;MALAVAC;R2 ZONA 1
agosto de 2026;202609;19/8/2026;1;CAC URDESA;CICLO FMC DIA 8-7;GUAYAQUIL;1550125262;Atendido;30/5/2025;1550125262;1550125262;1;R2;1;SERVICIO AL CLIENTE;Hogar:Renuncia HFC GPON  varios conceptos;Internet;1001194280;HFC;OTROS CIERRES;LACOSTAL;R2 ZONA 2
agosto de 2026;202608;5/8/2026;1;CAC MULTIPLAZA PORTOVIEJO;CICLO FMC DIA 11-10;PORTOVIEJO;60296534;Atendido;;;60296534;1;R2;1;RENUNCIAS;Hogar: Venta Internet Telefonía TV;TELEFONIA;;HFC;RENUNCIAS HOGAR;MHOLGUIZ;R2 ZONA 3
julio de 2026;202608;17/7/2026;1;CAC CONDADO;CICLO FMC DIA 26-25;QUITO;996104815;Atendido;17/3/2024;996104815;1003839352;1;R1;1;RENUNCIAS;Hogar:Renuncia HFC GPON  varios conceptos;Telefonia;25177379;GPON;OTROS CIERRES;PCABEZAN;R1 ZONA 1
agosto de 2026;202608;7/8/2026;1;CAC MALL DEL RIO;CICLO FMC DIA 17-16;CUENCA;959001678;Atendido;15/10/2025;959001678;0959001678;1;R2;1;SERVICIO AL CLIENTE;Movil/Hogar: Consulta Saldos;Internet;1001394617;GPON;FMC;JJARAT;R2 ZONA 4
agosto de 2026;202608;4/8/2026;1;CAC RIOCENTRO ENTRERIOS;CICLO FMC DIA 11-10;GUAYAQUIL;999198233;Atendido;;999198233;0999198233;1;R2;1;RENUNCIAS;Movil: Renuncia servicio celular;TELEFONIA;;GPON;RENUNCIAS HOGAR;AAGUILES;R2 ZONA 3
agosto de 2026;202609;19/8/2026;1;CAC COCA;CICLO FMC DIA 26-25;COCA;981579723;Atendido;;981579723;0981579723;1;R1;1;RENUNCIAS;Hogar:Renuncia HFC GPON  varios conceptos;TELEFONIA;;HFC;OTROS CIERRES;ARUIZI;R1 ZONA 3
septiembre de 2026;202609;1/9/2026;1;CAC QUEVEDO CENTRO;CICLO FMC DIA 17-16;QUEVEDO;1205237090;Atendido;9/8/2024;1205237090;1205237090;1;R2;1;RENUNCIAS;Movil:cambio de equipo y/o info. financiamientos;Telefonia;55007329;GPON;RENUNCIAS HOGAR;LRIVEROC;R2 ZONA 1
agosto de 2026;202609;3/8/2026;1;CAC SCALA;CICLO FMC DIA 8-7;QUITO;980527868;Atendido;24/7/2025;980527868;1711842946;1;R1;1;RENUNCIAS;Hogar:Renuncia HFC GPON  varios conceptos;Internet;1001270901;GPON;OTROS CIERRES;RCENTENO;R1 ZONA 1
julio de 2026;202608;28/7/2026;1;CAC DAULE;CICLO FMC DIA 13-12;DAULE;927131649;Atendido;12/12/2024;927131649;0927131649;1;R2;1;RENUNCIAS;Hogar: Suspensión temporal;Telefonia;45202135;GPON;RENUNCIAS HOGAR;KFUENTEG;R2 ZONA 4
julio de 2026;202608;14/7/2026;1;CAC SCALA;CICLO FMC DIA 26-25;QUITO;985838655;Atendido;;985838655;0985838655;1;R1;1;SERVICIO AL CLIENTE;Hogar:Renuncia HFC GPON  varios conceptos;INTERNET;;GPON;OTROS CIERRES;GALBARRR;R1 ZONA 1
julio de 2026;202609;23/7/2026;1;CAC CONDADO;CICLO FMC DIA 26-25;QUITO;959115933;Atendido;;959115933;0959115933;1;R1;1;RENUNCIAS;Hogar:Renuncia HFC GPON  varios conceptos;TELEVISION;;HFC;OTROS CIERRES;PCABEZAN;R1 ZONA 1
agosto de 2026;202610;26/8/2026;1;CAC CITYMALL;CICLO FMC DIA 26-25;GUAYAQUIL;907148654;Atendido;19/12/2023;;0907148654;1;R2;1;SERVICIO AL CLIENTE;Hogar:Renuncia HFC GPON  varios conceptos;Internet;1000510287;HFC;OTROS CIERRES;SSANTAND;R2 ZONA 4
agosto de 2026;202610;27/8/2026;1;CAC PASEO RIOBAMBA;CICLO FMC DIA 24-23;RIOBAMBA;991263902;Atendido;17/8/2023;991263902;0601781677;1;R1;1;SERVICIO AL CLIENTE;Hogar:Renuncia HFC GPON  varios conceptos;Internet;1000384674;GPON;OTROS CIERRES;PMONCAYB;R1 ZONA 2
julio de 2026;202608;18/7/2026;1;CAC PASEO PLAYAS;CICLO FMC DIA 11-10;PLAYAS;997397200;Atendido;;997397200;0997397200;1;R2;1;RENUNCIAS;Movil Pago: consumo masivo;INTERNET;;GPON;RENUNCIAS HOGAR;JCEVALLU;R2 ZONA 2
agosto de 2026;202609;12/8/2026;1;CAC SCALA;CICLO FMC DIA 26-25;QUITO;990785284;Atendido;;990785284;0990785284;1;R1;1;RENUNCIAS;Hogar:Renuncia HFC GPON  varios conceptos;TELEFONIA;;HFC;OTROS CIERRES;PPULUPA2;R1 ZONA 1
septiembre de 2026;202611;22/9/2026;1;CAC EL JARDIN;CICLO FMC DIA 26-25;QUITO;995415738;Atendido;;;0995415738;1;R1;1;RENUNCIAS;Hogar:Renuncia HFC GPON  varios conceptos;TELEFONIA;;GPON;RENUNCIAS HOGAR;JCUEVAT;R1 ZONA 3
agosto de 2026;202609;13/8/2026;1;CAC MALL DEL RIO;CICLO FMC DIA 26-25;CUENCA;990107563;Atendido;;;0990107563;1;R2;1;RENUNCIAS;Movil: Renuncia servicio celular;INTERNET;;HFC;RENUNCIAS HOGAR;HFIGUERZ;R2 ZONA 4
julio de 2026;202608;1/7/2026;1;CAC COCA;CICLO FMC DIA 26-25;COCA;999119226;Atendido;;999119226;0999119226;1;R1;1;RENUNCIAS;Hogar:Renuncia HFC GPON  varios conceptos;INTERNET;;HFC;OTROS CIERRES;VZAMBRAM;R1 ZONA 3
septiembre de 2026;202610;18/9/2026;1;CAC LOJA;CICLO FMC DIA 24-23;LOJA;1102604669;Atendido;21/7/2026;1102604699;1102604699;1;R2;1;RENUNCIAS;Movil Pago: consumo masivo;Internet;1001730140;GPON;RENUNCIAS HOGAR;MCONTENM;R2 ZONA 1
septiembre de 2026;202610;11/9/2026;1;CAC EL BOSQUE;CICLO FMC DIA 26-25;QUITO;992762662;Atendido;24/6/2023;2300643331;2300643331;1;R1;1;RENUNCIAS;Movil Pago: consumo masivo;Internet;1000328654;GPON;RENUNCIAS HOGAR;DOCHOAR;R1 ZONA 2
julio de 2026;202609;22/7/2026;1;CAC IBARRA;CICLO FMC DIA 26-25;IBARRA;989381475;Atendido;;989381475;0989381475;1;R1;1;RENUNCIAS;Movil: Reclamo Facturación.;INTERNET;;GPON;RENUNCIAS HOGAR;AMARQUES;R1 ZONA 3
agosto de 2026;202609;21/8/2026;1;CAC LOJA;CICLO FMC DIA 13-12;LOJA;1100251287;Atendido;5/5/2025;1100251287;1100251287;1;R2;1;RENUNCIAS;Movil Pago: consumo masivo;Internet;1001152166;GPON;RENUNCIAS HOGAR;AGONZAGL;R2 ZONA 1
agosto de 2026;202609;13/8/2026;1;CAC PASEO PLAYAS;CICLO FMC DIA 26-25;PLAYAS;969499840;Atendido;;;0969499840;1;R2;1;RENUNCIAS;Movil: Renuncia servicio celular;INTERNET;;GPON;RENUNCIAS HOGAR;ORIOFRIR;R2 ZONA 2
septiembre de 2026;202610;7/9/2026;1;CAC SCALA;CICLO FMC DIA 26-25;QUITO;967423224;Atendido;;;0967423224;1;R1;1;SERVICIO AL CLIENTE;Hogar:Renuncia HFC GPON  varios conceptos;INTERNET;;GPON;OTROS CIERRES;RCENTENO;R1 ZONA 1
julio de 2026;202608;8/7/2026;1;CAC LAGUNA MALL;CICLO FMC DIA 11-10;IBARRA;990913065;Atendido;;990913065;0990913065;1;R1;1;RENUNCIAS;Hogar:Renuncia HFC GPON  varios conceptos;INTERNET;;GPON;RENUNCIAS HOGAR;MCISNERA;R1 ZONA 3
septiembre de 2026;202610;14/9/2026;1;CAC URDESA;CICLO FMC DIA 11-10;GUAYAQUIL;940063506;Atendido;1/7/2026;940063506;0940063506;1;R2;1;RENUNCIAS;Hogar: Traslado de Servicio;Telefonia;45216038;GPON;RENUNCIAS HOGAR;kverar;R2 ZONA 2
julio de 2026;202608;2/7/2026;1;CAC LOJA;CICLO FMC DIA 26-25;LOJA;991912481;Atendido;;991912481;0991912481;1;R2;1;RENUNCIAS;Movil Pago: consumo masivo;TELEFONIA;;HFC;RENUNCIAS HOGAR;MCONTENM;R2 ZONA 1
julio de 2026;202607;7/7/2026;1;CAC SCALA;CICLO FMC DIA 24-23;QUITO;990740950;Atendido;21/2/2024;990740950;1103179121;1;R1;1;RENUNCIAS;Hogar Pago: consumo masivo;Television;1000571236;GPON;RENUNCIAS HOGAR;KPABONUE;R1 ZONA 1
julio de 2026;202608;3/7/2026;1;CAC COCA;CICLO FMC DIA 26-25;COCA;981302315;Atendido;;981302315;0981302315;1;R1;1;RENUNCIAS;Hogar:Renuncia HFC GPON  varios conceptos;TELEVISION;;HFC;OTROS CIERRES;JSANTILA;R1 ZONA 3
agosto de 2026;202609;20/8/2026;1;CAC LAGUNA MALL;CICLO FMC DIA 26-25;IBARRA;980537717;Atendido;;980537717;0980537717;1;R1;1;RENUNCIAS;Movil: Renuncia servicio celular;INTERNET;;GPON;RENUNCIAS HOGAR;MCISNERA;R1 ZONA 3
julio de 2026;202608;16/7/2026;1;CAC QUICENTRO SUR;CICLO FMC DIA 11-10;QUITO;998243514;Atendido;;;0998243514;1;R1;1;RENUNCIAS;Movil: Renuncia servicio celular;INTERNET;;GPON;RENUNCIAS HOGAR;GAMBULUR;R1 ZONA 2
julio de 2026;202608;8/7/2026;1;CAC PASEO RIOBAMBA;CICLO FMC DIA 11-10;RIOBAMBA;995654622;Atendido;;995654622;0995654622;1;R1;1;SERVICIO AL CLIENTE;Hogar:Renuncia HFC GPON  varios conceptos;INTERNET;;HFC;OTROS CIERRES;VROBALIB;R1 ZONA 2
septiembre de 2026;202610;13/9/2026;1;CAC SCALA;CICLO FMC DIA 26-25;QUITO;939567438;Atendido;;939567438;0939567438;1;R1;1;SERVICIO AL CLIENTE;Hogar:Renuncia HFC GPON  varios conceptos;TELEFONIA;;GPON;OTROS CIERRES;GALBARRR;R1 ZONA 1
agosto de 2026;202610;28/8/2026;1;CAC COCA;CICLO FMC DIA 26-25;COCA;997683644;Atendido;;997683644;0997683644;1;R1;1;RENUNCIAS;Hogar:Renuncia HFC GPON  varios conceptos;TELEFONIA;;HFC;OTROS CIERRES;ARUIZI;R1 ZONA 3
agosto de 2026;202608;4/8/2026;1;CAC MALL DEL PACIFICO;CICLO FMC DIA 11-10;MANTA;992329964;Atendido;;992329964;0992329964;1;R2;1;SERVICIO AL CLIENTE;Hogar:Renuncia HFC GPON  varios conceptos;TELEVISION;;HFC;OTROS CIERRES;KALAVAUK;R2 ZONA 1
agosto de 2026;202608;5/8/2026;1;CAC LOJA;CICLO FMC DIA 17-16;LOJA;982653246;Atendido;12/1/2026;982653246;1102461918;1;R2;1;RENUNCIAS;Movil Pago: consumo masivo;Telefonia;75021790;GPON;RENUNCIAS HOGAR;MCASTILJ;R2 ZONA 1
agosto de 2026;202608;4/8/2026;1;CAC COCA;CICLO FMC DIA 11-10;COCA;994608702;Atendido;;994608702;0994608702;1;R1;1;RENUNCIAS;Hogar:Renuncia HFC GPON  varios conceptos;INTERNET;;GPON;OTROS CIERRES;JSANTILA;R1 ZONA 3
julio de 2026;202608;27/7/2026;1;CAC MULTIPLAZA PORTOVIEJO;CICLO FMC DIA 11-10;PORTOVIEJO;986331318;Atendido;;986331318;0986331318;1;R2;1;RENUNCIAS;Movil:problema servicio linea celular voz o datos;TELEFONIA;;HFC;RENUNCIAS HOGAR;GFLORESA;R2 ZONA 3
julio de 2026;202608;17/7/2026;1;CAC POLICENTRO;CICLO FMC DIA 11-10;GUAYAQUIL;1706698733;Atendido;5/1/2024;1706698733;1706698733;1;R2;1;RENUNCIAS;Movil Pago: consumo masivo;Internet;1000520295;GPON;RENUNCIAS HOGAR;AOCHOAMO;R2 ZONA 2
julio de 2026;202608;25/7/2026;1;CAC DAULE;CICLO FMC DIA 11-10;DAULE;980657102;Atendido;;980657102;0980657102;1;R2;1;RENUNCIAS;Hogar:Entrega de equipo por cierre de servicio;INTERNET;;GPON;RENUNCIAS HOGAR;KFUENTEG;R2 ZONA 4
julio de 2026;202608;30/7/2026;1;CAC MULTIPLAZA PORTOVIEJO;CICLO FMC DIA 24-23;PORTOVIEJO;1303390692;Atendido;29/11/2024;1303390692;1303390692;1;R2;1;RENUNCIAS;Movil: Información de productos.;Television;1000919902;GPON;RENUNCIAS HOGAR;MPITAM;R2 ZONA 3
agosto de 2026;202609;25/8/2026;1;CAC QUEVEDO CENTRO;CICLO FMC DIA 11-10;QUEVEDO;1204528523;Atendido;10/8/2023;1204528523;1204528523;1;R2;1;RENUNCIAS;Movil Pago: consumo masivo;Television;1000378618;GPON;RENUNCIAS HOGAR;LGALLEGF;R2 ZONA 1
septiembre de 2026;202610;17/9/2026;1;CAC COCA;CICLO FMC DIA 17-16;COCA;993182098;Atendido;16/6/2025;993182098;1350101802;1;R1;1;RENUNCIAS;Hogar:Renuncia HFC GPON  varios conceptos;Internet;1001214832;GPON;OTROS CIERRES;JSANTILA;R1 ZONA 3
agosto de 2026;202610;23/8/2026;1;CAC RIOCENTRO ENTRERIOS;CICLO FMC DIA 26-25;GUAYAQUIL;906414636;Atendido;30/8/2022;;0906414636;1;R2;1;SERVICIO AL CLIENTE;Hogar:Renuncia HFC GPON  varios conceptos;Telefonia;45124579;GPON;OTROS CIERRES;DPOVEDAM;R2 ZONA 3
septiembre de 2026;202610;15/9/2026;1;CAC CHONE;CICLO FMC DIA 26-25;CHONE;992485806;Atendido;;992485806;0992485806;1;R2;1;RENUNCIAS;Movil:Actualización de datos dirección correo;INTERNET;;HFC;RENUNCIAS HOGAR;CCASTROE;R2 ZONA 1
agosto de 2026;202609;18/8/2026;1;CAC MALL DE LOS ANDES;CICLO FMC DIA 26-25;AMBATO;992768705;Atendido;;;0992768705;1;R1;1;RENUNCIAS;DAS: Cliente Atendido;INTERNET;;GPON;RENUNCIAS HOGAR;JPOVEDAS;R1 ZONA 2
agosto de 2026;202608;1/8/2026;1;CAC DAULE;CICLO FMC DIA 24-23;DAULE;919194621;Atendido;23/2/2024;;0919194621;1;R2;1;RENUNCIAS;Movil Reposición de sim;Internet;1000570827;GPON;RENUNCIAS HOGAR;LCAICEDN;R2 ZONA 4
julio de 2026;202608;16/7/2026;1;CAC EL RECREO;CICLO FMC DIA 11-10;QUITO;993764230;Atendido;;993764230;0993764230;1;R1;1;RENUNCIAS;Movil: Renuncia servicio celular;TELEFONIA;;HFC;RENUNCIAS HOGAR;ECTFTERQ;R1 ZONA 2
julio de 2026;202609;30/7/2026;1;CAC CITYMALL;CICLO FMC DIA 26-25;GUAYAQUIL;960778948;Atendido;13/3/2024;960778948;0905719837;1;R2;1;RENUNCIAS;Hogar:Renuncia HFC GPON  varios conceptos;Telefonia;45017492;GPON;OTROS CIERRES;MPENAZ;R2 ZONA 4
julio de 2026;202608;29/7/2026;1;CAC MALL DEL ALTO;CICLO FMC DIA 11-10;CUENCA;999153377;Atendido;;;0999153377;1;R2;1;RENUNCIAS;Movil: Renuncia servicio celular;INTERNET;;GPON;RENUNCIAS HOGAR;KBARRERD;R2 ZONA 4
agosto de 2026;202609;13/8/2026;1;CAC COCA;CICLO FMC DIA 26-25;COCA;968009556;Atendido;;968009556;0968009556;1;R1;1;SERVICIO AL CLIENTE;Hogar:Renuncia HFC GPON  varios conceptos;INTERNET;;GPON;OTROS CIERRES;ARUIZI;R1 ZONA 3
septiembre de 2026;202610;7/9/2026;1;CAC MALL DEL PACIFICO;CICLO FMC DIA 11-10;MANTA;900338601;Atendido;;;0900338601;1;R2;1;RENUNCIAS;Movil: Renuncia servicio celular;TELEFONIA;;HFC;RENUNCIAS HOGAR;LALONZOI;R2 ZONA 1
agosto de 2026;202609;29/8/2026;1;CAC 9 DE OCTUBRE;CICLO FMC DIA 11-10;GUAYAQUIL;904236783;Atendido;9/1/2026;904236783;0904236783;1;R2;1;SERVICIO AL CLIENTE;Hogar:Renuncia HFC GPON  varios conceptos;Television;1001487133;GPON;OTROS CIERRES;ESANTANQ;R2 ZONA 3
agosto de 2026;202609;26/8/2026;1;CAC QUEVEDO CENTRO;CICLO FMC DIA 8-7;QUEVEDO;997722062;Atendido;24/1/2026;997722062;1718603945;1;R2;1;RENUNCIAS;Movil Pago: consumo masivo;Telefonia;55008967;GPON;RENUNCIAS HOGAR;AIBARRAM;R2 ZONA 1
septiembre de 2026;202610;9/9/2026;1;CAC EL BOSQUE;CICLO FMC DIA 26-25;QUITO;99863054;Atendido;23/11/2013;1706510631;1706510631;1;R1;1;SERVICIO AL CLIENTE;Hogar:Renuncia HFC GPON  varios conceptos;Telefonia;25153900;HFC;OTROS CIERRES;KMERCADO;R1 ZONA 2
agosto de 2026;202608;3/8/2026;1;CAC AZOGUES;CICLO FMC DIA 24-23;AZOGUES;300820842;Atendido;21/1/2025;300820842;0300820842;1;R2;1;RENUNCIAS;Movil Pago: consumo masivo;Telefonia;75009962;GPON;RENUNCIAS HOGAR;JARIASG;R2 ZONA 4
julio de 2026;202608;14/7/2026;1;CAC SCALA;CICLO FMC DIA 11-10;QUITO;985998199;Atendido;;985998199;0985998199;1;R1;1;SERVICIO AL CLIENTE;Hogar:Renuncia HFC GPON  varios conceptos;INTERNET;;GPON;OTROS CIERRES;GALBARRR;R1 ZONA 1
julio de 2026;202609;28/7/2026;1;CAC COCA;CICLO FMC DIA 26-25;COCA;981910416;Atendido;;981910416;0981910416;1;R1;1;RENUNCIAS;Hogar:Renuncia HFC GPON  varios conceptos;TELEFONIA;;HFC;OTROS CIERRES;VZAMBRAM;R1 ZONA 3
julio de 2026;202608;9/7/2026;1;CAC MULTIPLAZA PORTOVIEJO;CICLO FMC DIA 2-1;PORTOVIEJO;1308075389;Atendido;14/11/2025;1308075389;1308075389;1;R2;1;RENUNCIAS;Hogar:Renuncia HFC GPON  varios conceptos;Television;1001432693;GPON;OTROS CIERRES;LHELENZ;R2 ZONA 3
agosto de 2026;202609;27/8/2026;1;CAC COCA;CICLO FMC DIA 11-10;COCA;994150468;Atendido;;994150468;0994150468;1;R1;1;SERVICIO AL CLIENTE;Hogar:Renuncia HFC GPON  varios conceptos;INTERNET;;HFC;OTROS CIERRES;JSANTILA;R1 ZONA 3
julio de 2026;202608;6/7/2026;1;CAC CONDADO;CICLO FMC DIA 11-10;QUITO;987808971;Atendido;;;0987808971;1;R1;1;SERVICIO AL CLIENTE;Hogar:Renuncia HFC GPON  varios conceptos;INTERNET;;GPON;OTROS CIERRES;ACABEZAV;R1 ZONA 1
septiembre de 2026;202610;7/9/2026;1;CAC RIOCENTRO ENTRERIOS;CICLO FMC DIA 26-25;GUAYAQUIL;952927739;Atendido;;952927739;0952927739;1;R2;1;RENUNCIAS;Movil/Hogar: Consulta Saldos;TELEFONIA;;HFC;RENUNCIAS HOGAR;DBRICENM;R2 ZONA 3
julio de 2026;202608;22/7/2026;1;CAC CONDADO;CICLO FMC DIA 11-10;QUITO;962162863;Atendido;;;0962162863;1;R1;1;RENUNCIAS;Hogar:Renuncia HFC GPON  varios conceptos;INTERNET;;HFC;OTROS CIERRES;CMINANGJ;R1 ZONA 1
julio de 2026;202608;6/7/2026;1;CAC COCA;CICLO FMC DIA 11-10;COCA;985109635;Atendido;;985109635;0985109635;1;R1;1;SERVICIO AL CLIENTE;Hogar:Renuncia HFC GPON  varios conceptos;TELEFONIA;;HFC;OTROS CIERRES;VZAMBRAM;R1 ZONA 3
agosto de 2026;202610;26/8/2026;1;CAC IBARRA;CICLO FMC DIA 26-25;IBARRA;982386580;Atendido;;982386580;0982386580;1;R1;1;RENUNCIAS;Movil/Hogar: Consulta Saldos;INTERNET;;GPON;RENUNCIAS HOGAR;EPAREDEP;R1 ZONA 3
septiembre de 2026;202610;17/9/2026;1;CAC TERMINAL TERRESTRE;CICLO FMC DIA 8-7;GUAYAQUIL;998877640;Atendido;5/12/2023;914868161;0914868161;1;R2;1;SERVICIO AL CLIENTE;Hogar:Renuncia HFC GPON  varios conceptos;Internet;1000492812;GPON;OTROS CIERRES;JMORENOS;R2 ZONA 1
septiembre de 2026;202611;24/9/2026;1;CAC MULTIPLAZA PORTOVIEJO;CICLO FMC DIA 26-25;PORTOVIEJO;1313258459;Atendido;;1313258459;1313258459;1;R2;1;RENUNCIAS;Movil/Hogar: Consulta Saldos;INTERNET;;HFC;RENUNCIAS HOGAR;LHELENZ;R2 ZONA 3
septiembre de 2026;202611;21/9/2026;1;CAC MALL DEL PACIFICO;CICLO FMC DIA 26-25;MANTA;981678391;Atendido;;;0981678391;1;R2;1;RENUNCIAS;Hogar:Renuncia HFC GPON  varios conceptos;TELEFONIA;;HFC;RENUNCIAS HOGAR;FSANCHEO;R2 ZONA 1
septiembre de 2026;202610;19/9/2026;1;CAC QUICENTRO NORTE;CICLO FMC DIA 17-16;QUITO;981388288;Atendido;15/8/2025;981388288;1762086146;1;R1;1;RENUNCIAS;Hogar:Renuncia HFC GPON  varios conceptos;Telefonia;25229924;GPON;OTROS CIERRES;APAREDEP;R1 ZONA 3
septiembre de 2026;202610;4/9/2026;1;CAC EL BOSQUE;CICLO FMC DIA 26-25;QUITO;998306857;Atendido;;;0998306857;1;R1;1;SERVICIO AL CLIENTE;Hogar:Renuncia HFC GPON  varios conceptos;INTERNET;;HFC;OTROS CIERRES;CHERRERC;R1 ZONA 2
julio de 2026;202608;6/7/2026;1;CAC PASEO VIA DAULE;CICLO FMC DIA 2-1;GUAYAQUIL;932671985;Atendido;1/2/2024;932671985;0932671985;1;R2;1;RENUNCIAS;Movil/Hogar: Consulta Saldos;Internet;1000551007;GPON;RENUNCIAS HOGAR;RGUERREG;R2 ZONA 3
julio de 2026;202608;31/7/2026;1;CAC RIOCENTRO ENTRERIOS;CICLO FMC DIA 17-16;GUAYAQUIL;991301098;Atendido;11/4/2026;991301098;1802268506;1;R2;1;RENUNCIAS;Movil: Renuncia servicio celular;Telefonia;45061341;GPON;RENUNCIAS HOGAR;AAGUILES;R2 ZONA 3
septiembre de 2026;202610;19/9/2026;1;CAC CONDADO;CICLO FMC DIA 11-10;QUITO;984661712;Atendido;;984661712;0984661712;1;R1;1;RENUNCIAS;Hogar:Renuncia HFC GPON  varios conceptos;INTERNET;;GPON;OTROS CIERRES;CMINANGJ;R1 ZONA 1
julio de 2026;202609;27/7/2026;1;CAC POLICENTRO;CICLO FMC DIA 26-25;GUAYAQUIL;917869927;Atendido;30/3/2025;917869927;0917869927;1;R2;1;RENUNCIAS;Hogar: Información de productos.;Telefonia;45177389;GPON;RENUNCIAS HOGAR;LPENAFIZ;R2 ZONA 2
agosto de 2026;202609;12/8/2026;1;CAC EL BOSQUE;CICLO FMC DIA 26-25;QUITO;988078974;Atendido;;988078974;0988078974;1;R1;1;RENUNCIAS;Movil: Renuncia servicio celular;INTERNET;;HFC;RENUNCIAS HOGAR;KMERCADO;R1 ZONA 2
agosto de 2026;202610;23/8/2026;1;CAC MULTIPLAZA PORTOVIEJO;CICLO FMC DIA 26-25;PORTOVIEJO;1314951011;Atendido;;1314951011;1314951011;1;R2;1;SERVICIO AL CLIENTE;Hogar:Renuncia HFC GPON  varios conceptos;TELEFONIA;;HFC;OTROS CIERRES;GFLORESA;R2 ZONA 3
julio de 2026;202608;16/7/2026;1;CAC LAGO AGRIO;CICLO FMC DIA 11-10;LAGO AGRIO;969601054;Atendido;10/2/2025;969601054;2100886908;1;R1;1;RENUNCIAS;Hogar: Traspaso de titular;Internet;1001012075;GPON;RENUNCIAS HOGAR;JVELAB;R1 ZONA 3
agosto de 2026;202609;6/8/2026;1;CAC URDESA;CICLO FMC DIA 2-1;GUAYAQUIL;926078783;Atendido;20/8/2024;926078783;0926078783;1;R2;1;RENUNCIAS;Movil Pago: consumo masivo;Telefonia;45116755;GPON;RENUNCIAS HOGAR;JASTUDIL;R2 ZONA 2
agosto de 2026;202609;18/8/2026;1;CAC QUICENTRO SUR;CICLO FMC DIA 26-25;QUITO;999204719;Atendido;;;0999204719;1;R1;1;SERVICIO AL CLIENTE;Hogar:Renuncia HFC GPON  varios conceptos;INTERNET;;GPON;OTROS CIERRES;LLUCEROG;R1 ZONA 2
agosto de 2026;202609;13/8/2026;1;CAC LOJA;CICLO FMC DIA 17-16;LOJA;988587060;Atendido;16/12/2025;1102816442;1102816442;1;R2;1;RENUNCIAS;Movil:Actualización de datos dirección correo;Telefonia;75021838;GPON;RENUNCIAS HOGAR;MCAMPOSS;R2 ZONA 1
agosto de 2026;202609;18/8/2026;1;CAC PASEO BABAHOYO;CICLO FMC DIA 28-27;BABAHOYO;1201213616;Atendido;26/5/2024;;1201213616;1;R2;1;RENUNCIAS;Movil:Actualización de datos dirección correo;Internet;1000670546;GPON;RENUNCIAS HOGAR;RMAYORGR;R2 ZONA 3
agosto de 2026;202609;12/8/2026;1;CAC COCA;CICLO FMC DIA 11-10;COCA;996759042;Atendido;;;0996759042;1;R1;1;RENUNCIAS;Movil/Hogar: Consulta Saldos;INTERNET;;HFC;RENUNCIAS HOGAR;JROSADOA;R1 ZONA 3
agosto de 2026;202609;11/8/2026;1;CAC RIOCENTRO ENTRERIOS;CICLO FMC DIA 26-25;GUAYAQUIL;997838624;Atendido;;997838624;0997838624;1;R2;1;RENUNCIAS;Renuncia servicio corporativo;INTERNET;;HFC;RENUNCIAS HOGAR;DPOVEDAM;R2 ZONA 3
julio de 2026;202608;21/7/2026;1;CAC COCA;CICLO FMC DIA 11-10;COCA;993160365;Atendido;;993160365;0993160365;1;R1;1;RENUNCIAS;Hogar:Renuncia HFC GPON  varios conceptos;INTERNET;;GPON;OTROS CIERRES;VZAMBRAM;R1 ZONA 3
julio de 2026;202609;24/7/2026;1;CAC COCA;CICLO FMC DIA 26-25;COCA;992097207;Atendido;;992097207;0992097207;1;R1;1;SERVICIO AL CLIENTE;Hogar:Renuncia HFC GPON  varios conceptos;INTERNET;;HFC;OTROS CIERRES;VZAMBRAM;R1 ZONA 3
julio de 2026;202608;6/7/2026;1;CAC URDESA;CICLO FMC DIA 11-10;GUAYAQUIL;991540665;Atendido;;;0991540665;1;R2;1;SERVICIO AL CLIENTE;Hogar:Renuncia HFC GPON  varios conceptos;INTERNET;;HFC;OTROS CIERRES;kverar;R2 ZONA 2
julio de 2026;202607;5/7/2026;1;CAC PASEO VIA DAULE;CICLO FMC DIA 11-10;GUAYAQUIL;916832769;Atendido;9/3/2024;916832769;0916832769;1;R2;1;RENUNCIAS;Hogar:Renuncia HFC GPON  varios conceptos;Internet;1000588593;GPON;RENUNCIAS HOGAR;KMACIASS;R2 ZONA 3
agosto de 2026;202609;20/8/2026;1;CAC MACHALA;CICLO FMC DIA 28-27;MACHALA;704139773;Atendido;21/8/2026;704139773;0704139773;1;R2;1;RENUNCIAS;Movil:Actualización de datos dirección correo;Internet;1001766210;GPON;RENUNCIAS HOGAR;CCUSMEUL;R2 ZONA 2
julio de 2026;202608;21/7/2026;1;CAC CUENCA;CICLO FMC DIA 11-10;CUENCA;705047082;Atendido;;705047082;0705047082;1;R2;1;SERVICIO AL CLIENTE;Hogar:Renuncia HFC GPON  varios conceptos;INTERNET;;HFC;OTROS CIERRES;ECARRIOS;R2 ZONA 4
septiembre de 2026;202610;2/9/2026;1;CAC QUICENTRO NORTE;CICLO FMC DIA 26-25;QUITO;983876107;Atendido;;983876107;0983876107;1;R1;1;RENUNCIAS;Hogar:Entrega de equipo por cierre de servicio;INTERNET;;HFC;RENUNCIAS HOGAR;Aechevem;R1 ZONA 3
julio de 2026;202608;6/7/2026;1;CAC CUENCA;CICLO FMC DIA 26-25;CUENCA;103255840;Atendido;;103255840;0103255840;1;R2;1;RENUNCIAS; Información de productos;TELEFONIA;;HFC;RENUNCIAS HOGAR;CROGELG;R2 ZONA 4
julio de 2026;202607;9/7/2026;1;CAC LAGUNA MALL;CICLO FMC DIA 24-23;IBARRA;991735980;Atendido;23/7/2024;991735980;1001606142;1;R1;1;RENUNCIAS; Información de productos;Television;1000738484;GPON;RENUNCIAS HOGAR;KAGREDAG;R1 ZONA 3
agosto de 2026;202608;3/8/2026;1;CAC PASEO RIOBAMBA;CICLO FMC DIA 24-23;RIOBAMBA;986420483;Atendido;22/8/2024;986420483;0601498447;1;R1;1;SERVICIO AL CLIENTE;Hogar:Renuncia HFC GPON  varios conceptos;Telefonia;35001032;GPON;OTROS CIERRES;FORTIZM;R1 ZONA 2
septiembre de 2026;202610;9/9/2026;1;CAC EL RECREO 2;CICLO FMC DIA 26-25;QUITO;998200246;Atendido;;;0998200246;1;R1;1;RENUNCIAS;Movil: Renuncia servicio celular;INTERNET;;HFC;RENUNCIAS HOGAR;MSANCHE3;R1 ZONA 2
julio de 2026;202608;13/7/2026;1;CAC EL RECREO;CICLO FMC DIA 11-10;QUITO;979935184;Atendido;8/3/2025;979935184;1717018061;1;R1;1;RENUNCIAS;Movil: Renuncia servicio celular;Internet;1001055951;GPON;RENUNCIAS HOGAR;ECTFTERQ;R1 ZONA 2
julio de 2026;202608;16/7/2026;1;CAC COCA;CICLO FMC DIA 26-25;COCA;983767045;Atendido;;983767045;0983767045;1;R1;1;RENUNCIAS;Hogar:Renuncia HFC GPON  varios conceptos;TELEFONIA;;HFC;OTROS CIERRES;ARUIZI;R1 ZONA 3
septiembre de 2026;202610;25/9/2026;1;CAC CONDADO;CICLO FMC DIA 11-10;QUITO;981518079;Atendido;;;0981518079;1;R1;1;SERVICIO AL CLIENTE;Hogar:Renuncia HFC GPON  varios conceptos;TELEFONIA;;HFC;OTROS CIERRES;ALOBOL;R1 ZONA 1
septiembre de 2026;202611;28/9/2026;1;CAC PASEO RIOBAMBA;CICLO FMC DIA 28-27;RIOBAMBA;959995847;Atendido;26/7/2026;959995847;0850709635;1;R1;1;SERVICIO AL CLIENTE;Hogar:Renuncia HFC GPON  varios conceptos;Internet;1001734383;GPON;OTROS CIERRES;PMONCAYB;R1 ZONA 2
agosto de 2026;202609;4/8/2026;1;CAC PASEO VIA DAULE;CICLO FMC DIA 2-1;GUAYAQUIL;918131699;Atendido;30/7/2026;918131699;0918131699;1;R2;1;RENUNCIAS;Movil: Renuncia servicio celular;Telefonia;45102635;GPON;RENUNCIAS HOGAR;OPENAFIQ;R2 ZONA 3
agosto de 2026;202609;18/8/2026;1;CAC QUEVEDO CENTRO;CICLO FMC DIA 2-1;QUEVEDO;944024660;Atendido;24/5/2026;944024660;0944024660;1;R2;1;RENUNCIAS;Movil Pago: consumo masivo;Internet;1001658055;GPON;RENUNCIAS HOGAR;RVELIZS;R2 ZONA 1
julio de 2026;202608;11/7/2026;1;CAC QUICENTRO SUR;CICLO FMC DIA 11-10;QUITO;968093413;Atendido;;;0968093413;1;R1;1;RENUNCIAS;Hogar:Renuncia derivada del Kiosko;INTERNET;;GPON;RENUNCIAS HOGAR;MMOREIRR;R1 ZONA 2
julio de 2026;202608;23/7/2026;1;CAC MILAGRO;CICLO FMC DIA 15-14;MILAGRO;979679311;Atendido;13/2/2024;979679311;0955705967;1;R2;1;RENUNCIAS;Hogar:Renuncia derivada del Kiosko;Internet;1000562665;GPON;RENUNCIAS HOGAR;MVICUNAM;R2 ZONA 3
agosto de 2026;202609;4/8/2026;1;CAC COCA;CICLO FMC DIA 26-25;COCA;997804598;Atendido;;997804598;0997804598;1;R1;1;RENUNCIAS;Hogar:Renuncia HFC GPON  varios conceptos;TELEVISION;;HFC;OTROS CIERRES;VZAMBRAM;R1 ZONA 3
julio de 2026;202607;2/7/2026;1;CAC EL RECREO;CICLO FMC DIA 24-23;QUITO;988981290;Atendido;17/12/2023;988981290;1724767098;1;R1;1;SERVICIO AL CLIENTE;Hogar:Renuncia derivada del Kiosko;Internet;1000509287;GPON;FMC;ALOPEZCA;R1 ZONA 2
agosto de 2026;202609;23/8/2026;1;CAC EL BOSQUE;CICLO FMC DIA 11-10;QUITO;987127951;Atendido;;987127951;0987127951;1;R1;1;RENUNCIAS;Hogar:Renuncia HFC GPON  varios conceptos;TELEVISION;;HFC;RENUNCIAS HOGAR;CHERRERC;R1 ZONA 2
septiembre de 2026;202610;18/9/2026;1;CAC CONDADO;CICLO FMC DIA 26-25;QUITO;995620105;Atendido;;995620105;0995620105;1;R1;1;SERVICIO AL CLIENTE;Hogar:Renuncia HFC GPON  varios conceptos;TELEFONIA;;HFC;OTROS CIERRES;PPALADIS;R1 ZONA 1
julio de 2026;202607;8/7/2026;1;CAC 9 DE OCTUBRE;CICLO FMC DIA 15-14;GUAYAQUIL;965626724;Atendido;24/3/2025;965626724;0965626724;1;R2;1;SERVICIO AL CLIENTE;Hogar:Solicita Visita Técnica y/o mantenimiento;Internet;1001080452;GPON;FMC;CVERDUGC;R2 ZONA 3
julio de 2026;202607;8/7/2026;1;CAC DAULE;CICLO FMC DIA 24-23;DAULE;915127450;Atendido;21/12/2023;915127450;0915127450;1;R2;1;SERVICIO AL CLIENTE;Movil Pago: consumo masivo;Internet;1000508925;GPON;FMC;AMOREIRA;R2 ZONA 4
julio de 2026;202608;29/7/2026;1;CAC MULTIPLAZA PORTOVIEJO;CICLO FMC DIA 15-14;PORTOVIEJO;1309309282;Atendido;14/5/2025;1309309282;1309309282;1;R2;1;SERVICIO AL CLIENTE;Hogar:Renuncia HFC GPON  varios conceptos;Telefonia;55025431;GPON;OTROS CIERRES;YMENDOZP;R2 ZONA 3
julio de 2026;202608;9/7/2026;1;CAC QUEVEDO CENTRO;CICLO FMC DIA 2-1;QUEVEDO;99086653;Atendido;15/12/2025;1250527882;1250527882;1;R2;1;RENUNCIAS;Movil Pago: consumo masivo;Telefonia;55007445;GPON;RENUNCIAS HOGAR;CSANTILN;R2 ZONA 1
septiembre de 2026;202609;3/9/2026;1;CAC COCA;CICLO FMC DIA 11-10;COCA;939478895;Atendido;;939478895;0939478895;1;R1;1;SERVICIO AL CLIENTE;Hogar:Renuncia HFC GPON  varios conceptos;INTERNET;;GPON;OTROS CIERRES;VZAMBRAM;R1 ZONA 3
julio de 2026;202608;26/7/2026;1;CAC SCALA;CICLO FMC DIA 13-12;QUITO;995722925;Atendido;21/3/2026;995722925;1752162907;1;R1;1;RENUNCIAS;Hogar:Renuncia HFC GPON  varios conceptos;Internet;1001572682;GPON;OTROS CIERRES;GALBARRR;R1 ZONA 1
julio de 2026;202609;29/7/2026;1;CAC EL PORTAL;CICLO FMC DIA 26-25;QUITO;986962162;Atendido;11/8/2022;986962162;0501262117;1;R1;1;RENUNCIAS;Hogar:Renuncia HFC GPON  varios conceptos;Telefonia;25163182;GPON;OTROS CIERRES;DPROANOP;R1 ZONA 1
agosto de 2026;202609;8/8/2026;1;CAC EL PORTAL;CICLO FMC DIA 26-25;QUITO;984542592;Atendido;25/12/2019;984542592;0915198006;1;R1;1;SERVICIO AL CLIENTE;Hogar:Renuncia HFC GPON  varios conceptos;Internet;2214874827;GPON;OTROS CIERRES;NGONZALC;R1 ZONA 1
septiembre de 2026;202611;24/9/2026;1;CAC PASEO RIOBAMBA;CICLO FMC DIA 26-25;RIOBAMBA;983502288;Atendido;;983502288;0983502288;1;R1;1;SERVICIO AL CLIENTE;Hogar:Renuncia HFC GPON  varios conceptos;INTERNET;;HFC;OTROS CIERRES;PMONCAYB;R1 ZONA 2
julio de 2026;202608;29/7/2026;1;CAC CONDADO;CICLO FMC DIA 24-23;QUITO;962694568;Atendido;21/3/2026;;1713850723;1;R1;1;SERVICIO AL CLIENTE;Hogar:Renuncia HFC GPON  varios conceptos;Telefonia;25159725;GPON;OTROS CIERRES;PCABEZAN;R1 ZONA 1
julio de 2026;202608;31/7/2026;1;CAC MULTIPLAZA PORTOVIEJO;CICLO FMC DIA 15-14;PORTOVIEJO;1310217318;Atendido;13/1/2024;1310217318;1310217318;1;R2;1;RENUNCIAS;Hogar: Información de productos.;Internet;1000530465;GPON;RENUNCIAS HOGAR;DARTEAGQ;R2 ZONA 3
agosto de 2026;202609;6/8/2026;1;CAC COCA;CICLO FMC DIA 26-25;COCA;981482829;Atendido;;981482829;0981482829;1;R1;1;SERVICIO AL CLIENTE;Hogar:Renuncia HFC GPON  varios conceptos;TELEVISION;;HFC;OTROS CIERRES;JSANTILA;R1 ZONA 3
agosto de 2026;202609;13/8/2026;1;CAC PASEO RIOBAMBA;CICLO FMC DIA 4-3;RIOBAMBA;995023970;Atendido;28/10/2024;995023970;0604701961;1;R1;1;SERVICIO AL CLIENTE;Hogar:Renuncia HFC GPON  varios conceptos;Telefonia;35001845;GPON;OTROS CIERRES;PMONCAYB;R1 ZONA 2
julio de 2026;202608;23/7/2026;1;CAC COCA;CICLO FMC DIA 11-10;COCA;959076114;Atendido;;959076114;0959076114;1;R1;1;RENUNCIAS;Hogar:Renuncia HFC GPON  varios conceptos;TELEVISION;;HFC;OTROS CIERRES;VZAMBRAM;R1 ZONA 3
julio de 2026;202608;30/7/2026;1;CAC EL RECREO;CICLO FMC DIA 11-10;QUITO;999943640;Atendido;;;0999943640;1;R1;1;SERVICIO AL CLIENTE;Hogar:Renuncia HFC GPON  varios conceptos;INTERNET;;GPON;OTROS CIERRES;JCASTILA;R1 ZONA 2
agosto de 2026;202609;20/8/2026;1;CAC RIOCENTRO ENTRERIOS;CICLO FMC DIA 26-25;GUAYAQUIL;910560465;Atendido;;;0910560465;1;R2;1;RENUNCIAS;Renuncia servicio corporativo;TELEVISION;;HFC;RENUNCIAS HOGAR;AAGUILES;R2 ZONA 3
septiembre de 2026;202610;14/9/2026;1;CAC MULTIPLAZA PORTOVIEJO;CICLO FMC DIA 6-5;PORTOVIEJO;1310522915;Atendido;28/2/2025;1310522915;1310522915;1;R2;1;RENUNCIAS;Movil: Información de productos.;Telefonia;55025597;GPON;RENUNCIAS HOGAR;MPITAM;R2 ZONA 3
septiembre de 2026;202610;26/9/2026;1;CAC LOJA;CICLO FMC DIA 8-7;LOJA;1105007940;Atendido;2/9/2025;1105007940;1105007940;1;R2;1;RENUNCIAS;Hogar:Entrega de equipo por cierre de servicio;Telefonia;75022235;GPON;RENUNCIAS HOGAR;MSANCHES;R2 ZONA 1
julio de 2026;202609;25/7/2026;1;CAC PASEO PORTOVIEJO;CICLO FMC DIA 26-25;PORTOVIEJO;1001043965;Atendido;;1001043965;1001043965;1;R2;1;SERVICIO AL CLIENTE;Hogar:Renuncia HFC GPON  varios conceptos;INTERNET;;HFC;OTROS CIERRES;KBRAVOP2;R2 ZONA 3
agosto de 2026;202609;5/8/2026;1;CAC AMBATO;CICLO FMC DIA 26-25;AMBATO;987829415;Atendido;22/3/2024;987829415;1804719753;1;R1;1;SERVICIO AL CLIENTE; Información de productos;Telefonia;35505232;GPON;FMC;KTITUANO;R1 ZONA 2
agosto de 2026;202609;3/8/2026;1;CAC QUEVEDO CENTRO;CICLO FMC DIA 26-25;QUEVEDO;967017120;Atendido;25/11/2025;967017120;0967017120;1;R2;1;RENUNCIAS;Movil Pago: consumo masivo;Internet;1001443699;GPON;RENUNCIAS HOGAR;MGALVEZC;R2 ZONA 1
septiembre de 2026;202610;1/9/2026;1;CAC QUEVEDO CENTRO;CICLO FMC DIA 28-27;QUEVEDO;986952584;Atendido;20/8/2024;986952584;0950570937;1;R2;1;RENUNCIAS;Movil:cambio de equipo y/o info. financiamientos;Internet;1000772496;GPON;RENUNCIAS HOGAR;LRIVEROC;R2 ZONA 1
septiembre de 2026;202610;12/9/2026;1;CAC CITYMALL;CICLO FMC DIA 11-10;GUAYAQUIL;989810617;Atendido;;989810617;0989810617;1;R2;1;RENUNCIAS;Hogar:Renuncia HFC GPON  varios conceptos;INTERNET;;HFC;OTROS CIERRES;SSANTAND;R2 ZONA 4
agosto de 2026;202609;4/8/2026;1;CAC COCA;CICLO FMC DIA 26-25;COCA;982522848;Atendido;;982522848;0982522848;1;R1;1;RENUNCIAS;Hogar:Renuncia HFC GPON  varios conceptos;INTERNET;;HFC;OTROS CIERRES;MMENDEZO;R1 ZONA 3
julio de 2026;202608;6/7/2026;1;CAC COCA;CICLO FMC DIA 26-25;COCA;968809927;Atendido;;968809927;0968809927;1;R1;1;RENUNCIAS;Hogar:Renuncia HFC GPON  varios conceptos;INTERNET;;HFC;OTROS CIERRES;VZAMBRAM;R1 ZONA 3
septiembre de 2026;202610;8/9/2026;1;CAC MALL DEL RIO;CICLO FMC DIA 11-10;CUENCA;960477767;Atendido;;960477767;0960477767;1;R2;1;RENUNCIAS;Movil: Renuncia servicio celular;INTERNET;;HFC;RENUNCIAS HOGAR;ATORRESC;R2 ZONA 4
septiembre de 2026;202610;11/9/2026;1;CAC COCA;CICLO FMC DIA 11-10;COCA;986876395;Atendido;;986876395;0986876395;1;R1;1;RENUNCIAS;Hogar:Renuncia HFC GPON  varios conceptos;INTERNET;;HFC;OTROS CIERRES;JSANTILA;R1 ZONA 3
julio de 2026;202607;9/7/2026;1;CAC CONDADO;CICLO FMC DIA 17-16;QUITO;995420001;Atendido;15/6/2026;995420001;1717485070;1;R1;1;RENUNCIAS;Hogar:Renuncia HFC GPON  varios conceptos;Telefonia;25182935;GPON;OTROS CIERRES;CMINANGJ;R1 ZONA 1
agosto de 2026;202609;24/8/2026;1;CAC MULTIPLAZA PORTOVIEJO;CICLO FMC DIA 21-20;PORTOVIEJO;1312617358;Atendido;19/2/2026;1312617358;1312617358;1;R2;1;RENUNCIAS;Movil Pago: consumo masivo;Internet;1001533173;GPON;RENUNCIAS HOGAR;JSANTANN;R2 ZONA 3
julio de 2026;202608;8/7/2026;1;CAC MALL DEL SUR;CICLO FMC DIA 11-10;GUAYAQUIL;908326051;Atendido;4/10/2012;;0908326051;1;R2;1;SERVICIO AL CLIENTE;Hogar:Renuncia HFC GPON  varios conceptos;Internet;2200800899;HFC;OTROS CIERRES;KARCEO;R2 ZONA 2
julio de 2026;202608;21/7/2026;1;CAC MALL DEL RIO;CICLO FMC DIA 21-20;CUENCA;107200610;Atendido;19/9/2025;107200610;0107200610;1;R2;1;RENUNCIAS;Movil/Hogar: Consulta Saldos;Internet;1001361843;GPON;RENUNCIAS HOGAR;HFIGUERZ;R2 ZONA 4
septiembre de 2026;202610;27/9/2026;1;CAC CONDADO;CICLO FMC DIA 11-10;QUITO;999925962;Atendido;;999925962;0999925962;1;R1;1;RENUNCIAS;Movil: Renuncia servicio celular;INTERNET;;HFC;RENUNCIAS HOGAR;PCABEZAN;R1 ZONA 1
agosto de 2026;202609;29/8/2026;1;CAC HIPERMARKET BUIJO;CICLO FMC DIA 15-14;GUAYAQUIL;989441312;Atendido;7/5/2024;989441312;0926332412;1;R2;1;SERVICIO AL CLIENTE;Hogar:Renuncia HFC GPON  varios conceptos;Internet;1000651943;GPON;OTROS CIERRES;BRUIZP;R2 ZONA 4
julio de 2026;202609;21/7/2026;1;CAC EL RECREO;CICLO FMC DIA 26-25;QUITO;990597506;Atendido;;990597506;0990597506;1;R1;1;RENUNCIAS;Hogar:Renuncia derivada del Kiosko;TELEVISION;;HFC;RENUNCIAS HOGAR;OTOAQUIC;R1 ZONA 2
agosto de 2026;202609;19/8/2026;1;CAC MALL DEL RIO;CICLO FMC DIA 26-25;CUENCA;939590160;Atendido;;939590160;0939590160;1;R2;1;RENUNCIAS;Movil: Renuncia servicio celular;INTERNET;;GPON;RENUNCIAS HOGAR;ILOORO;R2 ZONA 4
julio de 2026;202608;8/7/2026;1;CAC AMBATO;CICLO FMC DIA 11-10;AMBATO;987858220;Atendido;;987858220;0987858220;1;R1;1;RENUNCIAS;Movil Pago: consumo masivo;INTERNET;;GPON;RENUNCIAS HOGAR;JCASTROR;R1 ZONA 2
agosto de 2026;202609;11/8/2026;1;CAC COCA;CICLO FMC DIA 11-10;COCA;982527338;Atendido;;982527338;0982527338;1;R1;1;SERVICIO AL CLIENTE;Hogar:Renuncia HFC GPON  varios conceptos;INTERNET;;HFC;OTROS CIERRES;JSANTILA;R1 ZONA 3
agosto de 2026;202609;8/8/2026;1;CAC LAGUNA MALL;CICLO FMC DIA 26-25;IBARRA;991301895;Atendido;;991301895;0991301895;1;R1;1;RENUNCIAS;Hogar:Renuncia HFC GPON  varios conceptos;TELEFONIA;;HFC;RENUNCIAS HOGAR;MCISNERA;R1 ZONA 3
agosto de 2026;202610;25/8/2026;1;CAC CHONE;CICLO FMC DIA 24-23;CHONE;1313707794;Atendido;17/7/2023;1313707794;1313707794;1;R2;1;RENUNCIAS;Hogar:Renuncia HFC GPON  varios conceptos;Internet;1000353490;GPON;RENUNCIAS HOGAR;MMOREIRV;R2 ZONA 1
septiembre de 2026;202609;2/9/2026;1;CAC CONDADO;CICLO FMC DIA 11-10;QUITO;992399549;Atendido;;992399549;0992399549;1;R1;1;RENUNCIAS;Hogar:Renuncia HFC GPON  varios conceptos;INTERNET;;GPON;RENUNCIAS HOGAR;CMINANGJ;R1 ZONA 1
julio de 2026;202608;14/7/2026;1;CAC COCA;CICLO FMC DIA 26-25;COCA;997192315;Atendido;;997192315;0997192315;1;R1;1;RENUNCIAS;Hogar:Renuncia HFC GPON  varios conceptos;INTERNET;;HFC;OTROS CIERRES;ARUIZI;R1 ZONA 3
julio de 2026;202609;23/7/2026;1;CAC CHONE;CICLO FMC DIA 26-25;CHONE;1302052020;Atendido;12/7/2023;1302052020;1302052020;1;R2;1;RENUNCIAS;Movil:Actualización de datos dirección correo;Internet;1000349802;GPON;RENUNCIAS HOGAR;MALAVAC;R2 ZONA 1
agosto de 2026;202609;19/8/2026;1;CAC PASEO PLAYAS;CICLO FMC DIA 26-25;PLAYAS;991970750;Atendido;;;0991970750;1;R2;1;RENUNCIAS;Movil: Renuncia servicio celular;INTERNET;;HFC;RENUNCIAS HOGAR;YINTRIAL;R2 ZONA 2
agosto de 2026;202610;24/8/2026;1;CAC DAULE;CICLO FMC DIA 26-25;DAULE;991281327;Atendido;;991281327;0991281327;1;R2;1;RENUNCIAS;Movil: Renuncia servicio celular;INTERNET;;HFC;RENUNCIAS HOGAR;KBONILLD;R2 ZONA 4
agosto de 2026;202609;23/8/2026;1;CAC RIOCENTRO SUR;CICLO FMC DIA 11-10;GUAYAQUIL;997798149;Atendido;12/6/2023;997798149;0917773863;1;R2;1;SERVICIO AL CLIENTE;Hogar:Renuncia HFC GPON  varios conceptos;Telefonia;45180463;HFC;OTROS CIERRES;VDELAPAC;R2 ZONA 4
julio de 2026;202609;22/7/2026;1;CAC DAULE;CICLO FMC DIA 26-25;DAULE;1001196750;Atendido;;1001196750;1001196750;1;R2;1;RENUNCIAS;Movil Pago: consumo masivo;TELEFONIA;;HFC;RENUNCIAS HOGAR;KLAVAYEV;R2 ZONA 4
septiembre de 2026;202610;11/9/2026;1;CAC MALL DEL ALTO;CICLO FMC DIA 26-25;CUENCA;984595673;Atendido;;;0984595673;1;R2;1;RENUNCIAS;Movil: Renuncia servicio celular;INTERNET;;GPON;RENUNCIAS HOGAR;CROGELG;R2 ZONA 4
septiembre de 2026;202610;10/9/2026;1;CAC CONDADO;CICLO FMC DIA 11-10;QUITO;981174296;Atendido;;981174296;0981174296;1;R1;1;RENUNCIAS;Hogar:Renuncia HFC GPON  varios conceptos;TELEVISION;;GPON;OTROS CIERRES;CMINANGJ;R1 ZONA 1
agosto de 2026;202609;24/8/2026;1;CAC COCA;CICLO FMC DIA 11-10;COCA;967567132;Atendido;;967567132;0967567132;1;R1;1;RENUNCIAS;Movil Reposición de sim;INTERNET;;HFC;RENUNCIAS HOGAR;ARUIZI;R1 ZONA 3
agosto de 2026;202610;28/8/2026;1;CAC CHONE;CICLO FMC DIA 26-25;CHONE;1312495516;Atendido;28/2/2024;1312495516;1312495516;1;R2;1;RENUNCIAS;Movil Reposición de sim;Internet;1000578477;GPON;RENUNCIAS HOGAR;MMOREIRV;R2 ZONA 1
septiembre de 2026;202610;9/9/2026;1;CAC MALL DEL RIO;CICLO FMC DIA 26-25;CUENCA;996393389;Atendido;;;0996393389;1;R2;1;RENUNCIAS;Hogar:Renuncia HFC GPON  varios conceptos;INTERNET;;HFC;RENUNCIAS HOGAR;ATORRESC;R2 ZONA 4
septiembre de 2026;202609;4/9/2026;1;CAC PASEO RIOBAMBA;CICLO FMC DIA 11-10;RIOBAMBA;905698170;Atendido;;;0905698170;1;R1;1;SERVICIO AL CLIENTE;Hogar:Renuncia HFC GPON  varios conceptos;INTERNET;;HFC;OTROS CIERRES;VROBALIB;R1 ZONA 2
agosto de 2026;202609;6/8/2026;1;CAC LOJA;CICLO FMC DIA 4-3;LOJA;985723335;Atendido;9/4/2025;1106070244;1106070244;1;R2;1;RENUNCIAS;Movil: Renuncia servicio celular;Internet;1001107668;GPON;RENUNCIAS HOGAR;KGUAMANM;R2 ZONA 1
septiembre de 2026;202610;10/9/2026;1;CAC CONDADO;CICLO FMC DIA 2-1;QUITO;967412914;Atendido;1/4/2026;967412914;0800916769;1;R1;1;SERVICIO AL CLIENTE;Hogar:Renuncia HFC GPON  varios conceptos;Internet;1001589594;GPON;OTROS CIERRES;CMINANGJ;R1 ZONA 1
julio de 2026;202607;2/7/2026;1;CAC LAGUNA MALL;CICLO FMC DIA 11-10;IBARRA;979787249;Atendido;9/11/2023;979787249;1001532967;1;R1;1;RENUNCIAS;Hogar:Solicita Visita Técnica y/o mantenimiento;Internet;1000470327;GPON;RENUNCIAS HOGAR;KTERANC;R1 ZONA 3
septiembre de 2026;202609;2/9/2026;1;CAC DAULE;CICLO FMC DIA 19-18;DAULE;967911681;Atendido;19/11/2025;967911681;0926989013;1;R2;1;SERVICIO AL CLIENTE;Hogar:Renuncia HFC GPON  varios conceptos;Internet;1001428640;GPON;OTROS CIERRES;AMOREIRA;R2 ZONA 4
julio de 2026;202608;13/7/2026;1;CAC EL RECREO;CICLO FMC DIA 11-10;QUITO;987735460;Atendido;;;0987735460;1;R1;1;RENUNCIAS;Movil: Renuncia servicio celular;TELEFONIA;;HFC;RENUNCIAS HOGAR;ECTFTERQ;R1 ZONA 2
julio de 2026;202608;9/7/2026;1;CAC AMBATO;CICLO FMC DIA 13-12;AMBATO;998504970;Atendido;2/6/2025;1801363423;1801363423;1;R1;1;SERVICIO AL CLIENTE;Movil Pago: consumo masivo;Telefonia;35017890;GPON;FMC;NNARANJS;R1 ZONA 2
julio de 2026;202609;29/7/2026;1;CAC PUYO;CICLO FMC DIA 26-25;PUYO;979980666;Atendido;;979980666;0979980666;1;R1;1;RENUNCIAS;Movil Pago: consumo masivo;INTERNET;;HFC;RENUNCIAS HOGAR;ABURGOSC;R1 ZONA 1
agosto de 2026;202608;18/8/2026;1;CAC PASEO RIOBAMBA;CICLO FMC DIA 24-23;RIOBAMBA;999483214;Atendido;7/8/2024;999483214;0600077259;1;R1;1;SERVICIO AL CLIENTE;Hogar:Renuncia HFC GPON  varios conceptos;Internet;1000756080;GPON;OTROS CIERRES;PMONCAYB;R1 ZONA 2
julio de 2026;202608;20/7/2026;1;CAC COCA;CICLO FMC DIA 11-10;COCA;959936670;Atendido;;959936670;0959936670;1;R1;1;SERVICIO AL CLIENTE;Hogar:Renuncia HFC GPON  varios conceptos;INTERNET;;HFC;OTROS CIERRES;ARUIZI;R1 ZONA 3
agosto de 2026;202609;26/8/2026;1;CAC MULTIPLAZA PORTOVIEJO;CICLO FMC DIA 15-14;PORTOVIEJO;1311853434;Atendido;12/6/2025;1311853434;1311853434;1;R2;1;RENUNCIAS;Movil Pago: consumo masivo;Internet;1001204121;GPON;RENUNCIAS HOGAR;MPITAM;R2 ZONA 3
agosto de 2026;202610;25/8/2026;1;CAC PASEO VIA DAULE;CICLO FMC DIA 24-23;GUAYAQUIL;957910813;Atendido;23/11/2024;957910813;0957910813;1;R2;1;SERVICIO AL CLIENTE;Hogar:Renuncia HFC GPON  varios conceptos;Telefonia;45005392;GPON;OTROS CIERRES;EPINT;R2 ZONA 3
agosto de 2026;202609;7/8/2026;1;CAC COCA;CICLO FMC DIA 11-10;COCA;967831294;Atendido;;967831294;0967831294;1;R1;1;RENUNCIAS;Hogar:Renuncia HFC GPON  varios conceptos;INTERNET;;HFC;OTROS CIERRES;VZAMBRAM;R1 ZONA 3
agosto de 2026;202609;17/8/2026;1;CAC COCA;CICLO FMC DIA 26-25;COCA;985887653;Atendido;;985887653;0985887653;1;R1;1;RENUNCIAS;Hogar:Renuncia HFC GPON  varios conceptos;INTERNET;;GPON;OTROS CIERRES;VZAMBRAM;R1 ZONA 3
septiembre de 2026;202610;8/9/2026;1;CAC CONDADO;CICLO FMC DIA 11-10;QUITO;925863952;Atendido;;;0925863952;1;R1;1;RENUNCIAS;Hogar:Renuncia HFC GPON  varios conceptos;TELEVISION;;HFC;OTROS CIERRES;CMINANGJ;R1 ZONA 1
septiembre de 2026;202609;8/9/2026;1;CAC EL DORADO;CICLO FMC DIA 17-16;GUAYAQUIL;986315751;Atendido;8/7/2024;986315751;0927308544;1;R2;1;SERVICIO AL CLIENTE;Hogar:Renuncia derivada del Kiosko;Internet;1000719094;GPON;FMC;AZAMBRA;R2 ZONA 3
agosto de 2026;202608;4/8/2026;1;CAC AZOGUES;CICLO FMC DIA 24-23;AZOGUES;301389771;Atendido;23/9/2025;301389771;0301389771;1;R2;1;SERVICIO AL CLIENTE;Movil Pago: consumo masivo;Internet;1001360909;GPON;FMC;KULLOAJ;R2 ZONA 4
julio de 2026;202608;20/7/2026;1;CAC QUEVEDO CENTRO;CICLO FMC DIA 11-10;QUEVEDO;994814010;Atendido;;994814010;0994814010;1;R2;1;RENUNCIAS;Movil:Actualización de datos dirección correo;INTERNET;;HFC;RENUNCIAS HOGAR;JPLUASAG;R2 ZONA 1
septiembre de 2026;202610;18/9/2026;1;CAC SCALA;CICLO FMC DIA 26-25;QUITO;985539423;Atendido;;985539423;0985539423;1;R1;1;RENUNCIAS;Hogar:Renuncia HFC GPON  varios conceptos;TELEFONIA;;GPON;OTROS CIERRES;PPULUPA2;R1 ZONA 1
agosto de 2026;202609;17/8/2026;1;CAC CITYMALL;CICLO FMC DIA 26-25;GUAYAQUIL;922014733;Atendido;;;0922014733;1;R2;1;SERVICIO AL CLIENTE;Hogar:Renuncia HFC GPON  varios conceptos;INTERNET;;GPON;OTROS CIERRES;CRETTOH;R2 ZONA 4
agosto de 2026;202610;26/8/2026;1;CAC COCA;CICLO FMC DIA 26-25;COCA;988820225;Atendido;;988820225;0988820225;1;R1;1;RENUNCIAS;Hogar:Renuncia HFC GPON  varios conceptos;INTERNET;;HFC;OTROS CIERRES;VZAMBRAM;R1 ZONA 3
septiembre de 2026;202609;5/9/2026;1;CAC MALL DEL RIO;CICLO FMC DIA 11-10;CUENCA;988419581;Atendido;;988419581;0988419581;1;R2;1;RENUNCIAS;Movil: Renuncia servicio celular;INTERNET;;HFC;RENUNCIAS HOGAR;MVIVARM;R2 ZONA 4
julio de 2026;202609;30/7/2026;1;CAC COCA;CICLO FMC DIA 26-25;COCA;990622754;Atendido;;990622754;0990622754;1;R1;1;RENUNCIAS;Movil Pago: consumo masivo;TELEFONIA;;HFC;RENUNCIAS HOGAR;JSANTILA;R1 ZONA 3
julio de 2026;202608;25/7/2026;1;CAC CONDADO;CICLO FMC DIA 11-10;QUITO;850658519;Atendido;20/4/2023;;0850658519;1;R1;1;SERVICIO AL CLIENTE;Hogar:Renuncia HFC GPON  varios conceptos;Telefonia;25183012;GPON;OTROS CIERRES;ACABEZAV;R1 ZONA 1
agosto de 2026;202609;26/8/2026;1;CAC COCA;CICLO FMC DIA 15-14;COCA;969483304;Atendido;15/3/2026;969483304;0950636142;1;R1;1;RENUNCIAS;Hogar:Renuncia HFC GPON  varios conceptos;Telefonia;45055291;GPON;OTROS CIERRES;MMENDEZO;R1 ZONA 3
agosto de 2026;202609;18/8/2026;1;CAC PASEO PLAYAS;CICLO FMC DIA 26-25;PLAYAS;981116358;Atendido;;981116358;0981116358;1;R2;1;RENUNCIAS;Movil: Renuncia servicio celular;INTERNET;;HFC;RENUNCIAS HOGAR;ORIOFRIR;R2 ZONA 2
septiembre de 2026;202610;21/9/2026;1;CAC URDESA;CICLO FMC DIA 11-10;GUAYAQUIL;955104583;Atendido;;955104583;0955104583;1;R2;1;RENUNCIAS;Movil: Renuncia servicio celular;INTERNET;;HFC;RENUNCIAS HOGAR;LACOSTAL;R2 ZONA 2
julio de 2026;202608;22/7/2026;1;CAC COCA;CICLO FMC DIA 11-10;COCA;997408792;Atendido;;997408792;0997408792;1;R1;1;RENUNCIAS;Hogar:Renuncia HFC GPON  varios conceptos;INTERNET;;HFC;OTROS CIERRES;VZAMBRAM;R1 ZONA 3
septiembre de 2026;202610;25/9/2026;1;CAC PASEO QUEVEDO;CICLO FMC DIA 24-23;QUEVEDO;985877256;Atendido;21/9/2026;985877256;1714801055;1;R2;1;RENUNCIAS;Movil:Actualización de datos dirección correo;Internet;1001808584;GPON;RENUNCIAS HOGAR;CMURILLI;R2 ZONA 1
julio de 2026;202608;8/7/2026;1;CAC CONDADO;CICLO FMC DIA 11-10;QUITO;984129367;Atendido;;;0984129367;1;R1;1;SERVICIO AL CLIENTE;Hogar:Renuncia HFC GPON  varios conceptos;INTERNET;;HFC;OTROS CIERRES;PPALADIS;R1 ZONA 1
agosto de 2026;202609;12/8/2026;1;CAC COCA;CICLO FMC DIA 26-25;COCA;961760052;Atendido;;961760052;0961760052;1;R1;1;RENUNCIAS;Hogar:Renuncia HFC GPON  varios conceptos;TELEFONIA;;HFC;OTROS CIERRES;JSANTILA;R1 ZONA 3
septiembre de 2026;202610;3/9/2026;1;CAC MALL DEL RIO;CICLO FMC DIA 26-25;CUENCA;991971937;Atendido;;991971937;0991971937;1;R2;1;RENUNCIAS;Movil: Renuncia servicio celular;TELEFONIA;;HFC;RENUNCIAS HOGAR;ATORRESC;R2 ZONA 4
julio de 2026;202607;4/7/2026;1;CAC DAULE;CICLO FMC DIA 24-23;DAULE;980649807;Atendido;23/5/2024;980649807;0957926413;1;R2;1;SERVICIO AL CLIENTE;Movil Pago: consumo masivo;Internet;1000666826;GPON;FMC;KBONILLD;R2 ZONA 4
agosto de 2026;202610;28/8/2026;1;CAC MALL DEL SOL;CICLO FMC DIA 26-25;GUAYAQUIL;959452229;Atendido;22/11/2019;959452229;0903254951;1;R2;1;SERVICIO AL CLIENTE;Hogar:Renuncia HFC GPON  varios conceptos;Television;2214798718;HFC;OTROS CIERRES;GMOLINAA;R2 ZONA 4
julio de 2026;202608;16/7/2026;1;CAC COCA;CICLO FMC DIA 26-25;COCA;979751581;Atendido;;979751581;0979751581;1;R1;1;RENUNCIAS;Hogar:Renuncia HFC GPON  varios conceptos;TELEFONIA;;HFC;OTROS CIERRES;ARUIZI;R1 ZONA 3
julio de 2026;202608;20/7/2026;1;CAC CONDADO;CICLO FMC DIA 11-10;QUITO;1756772370;Atendido;1/11/2024;;1756772370;1;R1;1;SERVICIO AL CLIENTE;Hogar:Renuncia HFC GPON  varios conceptos;Internet;1000880694;GPON;OTROS CIERRES;MSALASP;R1 ZONA 1
julio de 2026;202608;23/7/2026;1;CAC PASEO RIOBAMBA;CICLO FMC DIA 4-3;RIOBAMBA;987724746;Atendido;2/3/2025;987724746;0602367369;1;R1;1;SERVICIO AL CLIENTE;Hogar:Renuncia HFC GPON  varios conceptos;Telefonia;35023321;GPON;OTROS CIERRES;VROBALIB;R1 ZONA 2
septiembre de 2026;202610;18/9/2026;1;CAC EL PORTAL;CICLO FMC DIA 11-10;QUITO;962874141;Atendido;;;0962874141;1;R1;1;SERVICIO AL CLIENTE;Hogar:Renuncia HFC GPON  varios conceptos;TELEFONIA;;HFC;OTROS CIERRES;LGAIBORA;R1 ZONA 1
agosto de 2026;202609;6/8/2026;1;CAC PASEO BABAHOYO;CICLO FMC DIA 8-7;BABAHOYO;997175897;Atendido;26/10/2025;1206714527;1206714527;1;R2;1;SERVICIO AL CLIENTE;Hogar:Renuncia HFC GPON  varios conceptos;Telefonia;55002227;GPON;OTROS CIERRES;CESPINOG;R2 ZONA 3
julio de 2026;202609;27/7/2026;1;CAC COCA;CICLO FMC DIA 26-25;COCA;987480574;Atendido;;987480574;0987480574;1;R1;1;RENUNCIAS;Hogar:Renuncia HFC GPON  varios conceptos;INTERNET;;GPON;OTROS CIERRES;VZAMBRAM;R1 ZONA 3
julio de 2026;202608;22/7/2026;1;CAC SCALA;CICLO FMC DIA 11-10;QUITO;985808054;Atendido;;985808054;0985808054;1;R1;1;RENUNCIAS;Hogar:Renuncia HFC GPON  varios conceptos;INTERNET;;GPON;OTROS CIERRES;GALBARRR;R1 ZONA 1
julio de 2026;202607;13/7/2026;1;CAC LOJA;CICLO FMC DIA 24-23;LOJA;1102199344;Atendido;21/5/2025;704180876;0704180876;1;R2;1;SERVICIO AL CLIENTE;Hogar:Renuncia HFC GPON  varios conceptos;Television;1001173932;GPON;OTROS CIERRES;MSANCHES;R2 ZONA 1
agosto de 2026;202609;31/8/2026;1;CAC CITYMALL;CICLO FMC DIA 11-10;GUAYAQUIL;982900816;Atendido;7/10/2024;982900816;0951559913;1;R2;1;SERVICIO AL CLIENTE;Hogar:Renuncia HFC GPON  varios conceptos;Telefonia;45111402;GPON;OTROS CIERRES;EGALLARD;R2 ZONA 4
julio de 2026;202609;28/7/2026;1;CAC COCA;CICLO FMC DIA 26-25;COCA;981633162;Atendido;;981633162;0981633162;1;R1;1;RENUNCIAS;Hogar:Renuncia HFC GPON  varios conceptos;INTERNET;;HFC;OTROS CIERRES;JSANTILA;R1 ZONA 3
agosto de 2026;202610;26/8/2026;1;CAC COCA;CICLO FMC DIA 26-25;COCA;991307480;Atendido;;991307480;0991307480;1;R1;1;RENUNCIAS;Hogar:Renuncia HFC GPON  varios conceptos;INTERNET;;HFC;OTROS CIERRES;JSANTILA;R1 ZONA 3
agosto de 2026;202609;12/8/2026;1;CAC COCA;CICLO FMC DIA 26-25;COCA;981487734;Atendido;;981487734;0981487734;1;R1;1;RENUNCIAS;Hogar:Renuncia HFC GPON  varios conceptos;TELEFONIA;;GPON;OTROS CIERRES;ARUIZI;R1 ZONA 3
julio de 2026;202607;3/7/2026;1;CAC 9 DE OCTUBRE;CICLO FMC DIA 11-10;GUAYAQUIL;907269609;Atendido;6/1/2020;907269609;0907269609;1;R2;1;SERVICIO AL CLIENTE;Hogar:Renuncia HFC GPON  varios conceptos;Internet;2214941176;GPON;OTROS CIERRES;SMEDINAD;R2 ZONA 3
agosto de 2026;202609;3/8/2026;1;CAC BOMBOLI;CICLO FMC DIA 26-25;SANTO DOMINGO;997254491;Atendido;;997254491;0997254491;1;R1;1;RENUNCIAS;Movil/Hogar: Consulta Saldos;INTERNET;;HFC;RENUNCIAS HOGAR;PZAMBRAV;R1 ZONA 1
agosto de 2026;202609;23/8/2026;1;CAC PASEO RIOBAMBA;CICLO FMC DIA 11-10;RIOBAMBA;990909230;Atendido;;990909230;0990909230;1;R1;1;SERVICIO AL CLIENTE;Hogar:Renuncia HFC GPON  varios conceptos;TELEFONIA;;GPON;OTROS CIERRES;PMONCAYB;R1 ZONA 2
julio de 2026;202609;28/7/2026;1;CAC COCA;CICLO FMC DIA 26-25;COCA;981929071;Atendido;;981929071;0981929071;1;R1;1;RENUNCIAS;Hogar:Renuncia HFC GPON  varios conceptos;TELEVISION;;HFC;OTROS CIERRES;ARUIZI;R1 ZONA 3
septiembre de 2026;202610;26/9/2026;1;CAC CCI;CICLO FMC DIA 11-10;QUITO;986806433;Atendido;;986806433;0986806433;1;R1;1;RENUNCIAS;Hogar:Renuncia HFC GPON  varios conceptos;INTERNET;;GPON;OTROS CIERRES;CCARCELR;R1 ZONA 3
septiembre de 2026;202611;21/9/2026;1;CAC EL BOSQUE;CICLO FMC DIA 26-25;QUITO;995093679;Atendido;;;0995093679;1;R1;1;RENUNCIAS;Movil Pago: consumo masivo;INTERNET;;HFC;RENUNCIAS HOGAR;DOCHOAR;R1 ZONA 2
agosto de 2026;202609;18/8/2026;1;CAC QUICENTRO SUR;CICLO FMC DIA 26-25;QUITO;939816756;Atendido;26/3/2018;939816756;1724063522;1;R1;1;RENUNCIAS;Renuncia servicio corporativo;Internet;2210259075;HFC;RENUNCIAS HOGAR;MBAQUERO;R1 ZONA 2
agosto de 2026;202609;27/8/2026;1;CAC COCA;CICLO FMC DIA 11-10;COCA;989825487;Atendido;;989825487;0989825487;1;R1;1;RENUNCIAS;Hogar:Renuncia HFC GPON  varios conceptos;INTERNET;;HFC;OTROS CIERRES;VZAMBRAM;R1 ZONA 3
agosto de 2026;202609;4/8/2026;1;CAC LOJA;CICLO FMC DIA 26-25;LOJA;991072957;Atendido;;;0991072957;1;R2;1;RENUNCIAS;Movil:Actualización de datos dirección correo;INTERNET;;HFC;RENUNCIAS HOGAR;KGUAMANM;R2 ZONA 1
agosto de 2026;202609;11/8/2026;1;CAC AZOGUES;CICLO FMC DIA 26-25;AZOGUES;301529145;Atendido;19/4/2025;301529145;0301529145;1;R2;1;RENUNCIAS; Información de productos;Telefonia;75020296;GPON;RENUNCIAS HOGAR;MSARMIEP;R2 ZONA 4
septiembre de 2026;202610;11/9/2026;1;CAC MALL DEL ALTO;CICLO FMC DIA 26-25;CUENCA;905578009;Atendido;;;0905578009;1;R2;1;RENUNCIAS;Renuncia servicio corporativo;INTERNET;;GPON;RENUNCIAS HOGAR;NGUACHIG;R2 ZONA 4
julio de 2026;202608;3/7/2026;1;CAC RIOCENTRO NORTE;CICLO FMC DIA 26-25;GUAYAQUIL;925793432;Atendido;13/4/2018;;0925793432;1;R2;1;RENUNCIAS;Movil: Renuncia servicio celular;Internet;2210408912;GPON;RENUNCIAS HOGAR;ILOPEZM;R2 ZONA 2
julio de 2026;202608;16/7/2026;1;CAC EL DORADO;CICLO FMC DIA 17-16;GUAYAQUIL;928257252;Atendido;11/10/2024;;0928257252;1;R2;1;RENUNCIAS;Hogar:Renuncia derivada del Kiosko;Telefonia;45151168;HFC;RENUNCIAS HOGAR;AZAMBRA;R2 ZONA 3
julio de 2026;202607;5/7/2026;1;CAC EL RECREO 2;CICLO FMC DIA 11-10;QUITO;962530091;Atendido;;;0962530091;1;R1;1;RENUNCIAS;Movil: Renuncia servicio celular;INTERNET;;HFC;RENUNCIAS HOGAR;MSANCHE3;R1 ZONA 2
septiembre de 2026;202610;19/9/2026;1;CAC DAULE;CICLO FMC DIA 11-10;DAULE;980182078;Atendido;12/9/2022;980182078;0924916216;1;R2;1;RENUNCIAS;Hogar:Renuncia HFC GPON  varios conceptos;Internet;1001157380;GPON;RENUNCIAS HOGAR;AMOREIRA;R2 ZONA 4
septiembre de 2026;202610;14/9/2026;1;CAC AZOGUES;CICLO FMC DIA 8-7;AZOGUES;302911755;Atendido;6/5/2024;302911755;0302911755;1;R2;1;RENUNCIAS;Movil Pago: consumo masivo;Internet;1000647170;GPON;RENUNCIAS HOGAR;JARIASG;R2 ZONA 4
julio de 2026;202608;10/7/2026;1;CAC PASEO PLAYAS;CICLO FMC DIA 11-10;PLAYAS;906446745;Atendido;10/2/2024;906446745;0906446745;1;R2;1;RENUNCIAS;Movil:problema servicio linea celular voz o datos;Internet;1000560193;GPON;RENUNCIAS HOGAR;DMOYAP;R2 ZONA 2
agosto de 2026;202610;22/8/2026;1;CAC PASEO RIOBAMBA;CICLO FMC DIA 26-25;RIOBAMBA;995964013;Atendido;;;0995964013;1;R1;1;SERVICIO AL CLIENTE;Hogar:Renuncia HFC GPON  varios conceptos;TELEFONIA;;HFC;OTROS CIERRES;PMONCAYB;R1 ZONA 2
agosto de 2026;202609;7/8/2026;1;CAC SCALA;CICLO FMC DIA 11-10;QUITO;969573297;Atendido;;969573297;0969573297;1;R1;1;SERVICIO AL CLIENTE;Hogar:Renuncia HFC GPON  varios conceptos;TELEFONIA;;HFC;OTROS CIERRES;GALBARRR;R1 ZONA 1
agosto de 2026;202609;18/8/2026;1;CAC CITYMALL;CICLO FMC DIA 26-25;GUAYAQUIL;909761199;Atendido;2/11/2023;909761199;0909761199;1;R2;1;RENUNCIAS; Información de productos;Television;1000460566;HFC;RENUNCIAS HOGAR;AFABRET;R2 ZONA 4
agosto de 2026;202610;24/8/2026;1;CAC EL BOSQUE;CICLO FMC DIA 26-25;QUITO;991360955;Atendido;;;0991360955;1;R1;1;RENUNCIAS;Hogar:Renuncia HFC GPON  varios conceptos;INTERNET;;HFC;OTROS CIERRES;CHERRERC;R1 ZONA 2
julio de 2026;202607;10/7/2026;1;CAC SAN MARINO;CICLO FMC DIA 24-23;GUAYAQUIL;967417281;Atendido;11/7/2024;967417281;0954823647;1;R2;1;RENUNCIAS;Movil: Renuncia servicio celular;Telefonia;45157543;GPON;RENUNCIAS HOGAR;AECHEVEV;R2 ZONA 3
septiembre de 2026;202610;14/9/2026;1;CAC MALL DEL RIO;CICLO FMC DIA 2-1;CUENCA;961454926;Atendido;1/12/2025;;0706507639;1;R2;1;RENUNCIAS;Hogar:Renuncia HFC GPON  varios conceptos;Internet;1001445372;GPON;RENUNCIAS HOGAR;ATORRESC;R2 ZONA 4
agosto de 2026;202609;11/8/2026;1;CAC LOJA;CICLO FMC DIA 11-10;LOJA;988587060;Atendido;;1104254709;1104254709;1;R2;1;RENUNCIAS;Hogar: Recepcion de Equipos Fijo;INTERNET;;GPON;RENUNCIAS HOGAR;MCASTILJ;R2 ZONA 1
julio de 2026;202608;15/7/2026;1;CAC AZOGUES;CICLO FMC DIA 13-12;AZOGUES;302354543;Atendido;12/5/2026;302354543;0302354543;1;R2;1;RENUNCIAS;Hogar:Renuncia HFC GPON  varios conceptos;Telefonia;75020248;GPON;OTROS CIERRES;JARIASG;R2 ZONA 4
julio de 2026;202608;21/7/2026;1;CAC RIOCENTRO SUR;CICLO FMC DIA 11-10;GUAYAQUIL;979527925;Atendido;26/2/2019;979527925;0927505685;1;R2;1;RENUNCIAS;Hogar:Renuncia HFC GPON  varios conceptos;Telefonia;45054911;GPON;OTROS CIERRES;KCAZARES;R2 ZONA 4
julio de 2026;202607;1/7/2026;1;CAC CONDADO;CICLO FMC DIA 11-10;QUITO;983947165;Atendido;;983947165;0983947165;1;R1;1;RENUNCIAS;Hogar:Renuncia HFC GPON  varios conceptos;INTERNET;;HFC;OTROS CIERRES;MSALASP;R1 ZONA 1
septiembre de 2026;202609;5/9/2026;1;CAC RIOCENTRO ENTRERIOS;CICLO FMC DIA 11-10;GUAYAQUIL;990759835;Atendido;;990759835;0990759835;1;R2;1;RENUNCIAS;Movil: Renuncia servicio celular;INTERNET;;GPON;RENUNCIAS HOGAR;DBRICENM;R2 ZONA 3
julio de 2026;202608;8/7/2026;1;CAC LAGUNA MALL;CICLO FMC DIA 11-10;IBARRA;955551126;Atendido;;;0955551126;1;R1;1;RENUNCIAS;Movil Pago: consumo masivo;INTERNET;;HFC;RENUNCIAS HOGAR;KAGREDAG;R1 ZONA 3
agosto de 2026;202609;20/8/2026;1;CAC MALL DEL RIO;CICLO FMC DIA 11-10;CUENCA;986074028;Atendido;;;0986074028;1;R2;1;RENUNCIAS;Movil: Renuncia servicio celular;INTERNET;;GPON;RENUNCIAS HOGAR;CHUAGLLC;R2 ZONA 4
agosto de 2026;202609;11/8/2026;1;CAC COCA;CICLO FMC DIA 26-25;COCA;969232124;Atendido;;969232124;0969232124;1;R1;1;SERVICIO AL CLIENTE;Hogar:Renuncia HFC GPON  varios conceptos;INTERNET;;GPON;OTROS CIERRES;JSANTILA;R1 ZONA 3
agosto de 2026;202609;10/8/2026;1;CAC EL RECREO;CICLO FMC DIA 26-25;QUITO;984462108;Atendido;;984462108;0984462108;1;R1;1;RENUNCIAS;Movil: Renuncia servicio celular;INTERNET;;GPON;RENUNCIAS HOGAR;ECTFTERQ;R1 ZONA 2
agosto de 2026;202609;18/8/2026;1;CAC URDESA;CICLO FMC DIA 26-25;GUAYAQUIL;904301736;Atendido;13/9/2024;904301736;0904301736;1;R2;1;SERVICIO AL CLIENTE;Hogar:Renuncia HFC GPON  varios conceptos;Television;1000801953;GPON;OTROS CIERRES;kverar;R2 ZONA 2
septiembre de 2026;202611;21/9/2026;1;CAC PASEO RIOBAMBA;CICLO FMC DIA 26-25;RIOBAMBA;969693318;Atendido;;969693318;0969693318;1;R1;1;RENUNCIAS;Hogar: Traslado de Servicio;TELEFONIA;;GPON;RENUNCIAS HOGAR;DTREVINA;R1 ZONA 2
septiembre de 2026;202610;16/9/2026;1;CAC HIPERMARKET BUIJO;CICLO FMC DIA 11-10;GUAYAQUIL;991937900;Atendido;;991937900;0991937900;1;R2;1;RENUNCIAS;Movil: Renuncia derivada del Kiosko;TELEFONIA;;HFC;RENUNCIAS HOGAR;mcorreae;R2 ZONA 4
septiembre de 2026;202610;13/9/2026;1;CAC EL BOSQUE;CICLO FMC DIA 11-10;QUITO;998828466;Atendido;;1804760617;1804760617;1;R1;1;RENUNCIAS;Movil Pago: consumo masivo;TELEVISION;;HFC;RENUNCIAS HOGAR;CHERRERC;R1 ZONA 2
julio de 2026;202609;21/7/2026;1;CAC CHONE;CICLO FMC DIA 26-25;CHONE;991383037;Atendido;;991383037;0991383037;1;R2;1;RENUNCIAS;Movil:Actualización de datos dirección correo;INTERNET;;HFC;RENUNCIAS HOGAR;MALAVAC;R2 ZONA 1
agosto de 2026;202609;7/8/2026;1;CAC URDESA;CICLO FMC DIA 2-1;GUAYAQUIL;909584724;Atendido;29/7/2023;909584724;0909584724;1;R2;1;SERVICIO AL CLIENTE;Hogar:Renuncia HFC GPON  varios conceptos;Internet;1000365537;GPON;OTROS CIERRES;ACEVALLP;R2 ZONA 2
julio de 2026;202608;23/7/2026;1;CAC PASEO SANTO DOMINGO;CICLO FMC DIA 2-1;SANTO DOMINGO;969554908;Atendido;28/3/2026;969554908;1722287354;1;R1;1;RENUNCIAS;Hogar:Renuncia HFC GPON  varios conceptos;Internet;1001583910;GPON;RENUNCIAS HOGAR;SCABRERJ;R1 ZONA 1
septiembre de 2026;202610;21/9/2026;1;CAC LOJA;CICLO FMC DIA 24-23;LOJA;980612516;Atendido;15/8/2023;980612516;1101282406;1;R2;1;RENUNCIAS;Movil:Actualización de datos dirección correo;Telefonia;75005056;GPON;RENUNCIAS HOGAR;VBRAVOJ;R2 ZONA 1
agosto de 2026;202609;27/8/2026;1;CAC MULTIPLAZA PORTOVIEJO;CICLO FMC DIA 8-7;PORTOVIEJO;1313888917;Atendido;26/3/2026;1313888917;1313888917;1;R2;1;RENUNCIAS;Movil:Actualización de datos dirección correo;Telefonia;55025256;GPON;RENUNCIAS HOGAR;MNARANJZ;R2 ZONA 3
julio de 2026;202608;8/7/2026;1;CAC LAGUNA MALL;CICLO FMC DIA 13-12;IBARRA;999683820;Atendido;12/1/2026;999683820;1050152071;1;R1;1;RENUNCIAS;Hogar: Recepcion de Equipos Fijo;Telefonia;65003659;GPON;RENUNCIAS HOGAR;AVIVANCP;R1 ZONA 3
agosto de 2026;202609;29/8/2026;1;CAC QUICENTRO NORTE;CICLO FMC DIA 11-10;QUITO;992995993;Atendido;;;0992995993;1;R1;1;SERVICIO AL CLIENTE;Hogar:Renuncia HFC GPON  varios conceptos;INTERNET;;HFC;OTROS CIERRES;APAREDEP;R1 ZONA 3
julio de 2026;202608;28/7/2026;1;CAC DAULE;CICLO FMC DIA 13-12;DAULE;915870885;Atendido;12/4/2024;915870885;0915870885;1;R2;1;SERVICIO AL CLIENTE;Hogar:Renuncia HFC GPON  varios conceptos;Internet;1000624986;GPON;OTROS CIERRES;KFUENTEG;R2 ZONA 4
septiembre de 2026;202611;25/9/2026;1;CAC PASEO RIOBAMBA;CICLO FMC DIA 26-25;RIOBAMBA;991924427;Atendido;;;0991924427;1;R1;1;RENUNCIAS;Hogar:Renuncia HFC GPON  varios conceptos;TELEVISION;;HFC;RENUNCIAS HOGAR;VROBALIB;R1 ZONA 2
septiembre de 2026;202610;10/9/2026;1;CAC CITYMALL;CICLO FMC DIA 11-10;GUAYAQUIL;989805954;Atendido;15/1/2021;989805954;0914328851;1;R2;1;RENUNCIAS;Renuncia servicio corporativo;Internet;2216316996;GPON;RENUNCIAS HOGAR;ACRUZZ;R2 ZONA 4
agosto de 2026;202609;19/8/2026;1;CAC QUICENTRO NORTE;CICLO FMC DIA 11-10;QUITO;995769942;Atendido;;;0995769942;1;R1;1;RENUNCIAS; Información de productos;INTERNET;;HFC;RENUNCIAS HOGAR;JKOPPELR;R1 ZONA 3
julio de 2026;202608;19/7/2026;1;CAC LAGUNA MALL;CICLO FMC DIA 21-20;IBARRA;995644914;Atendido;19/8/2025;1315161354;1315161354;1;R1;1;SERVICIO AL CLIENTE;Hogar:Renuncia HFC GPON  varios conceptos;Internet;1001312961;GPON;OTROS CIERRES;MCISNERA;R1 ZONA 3
julio de 2026;202608;17/7/2026;1;CAC COCA;CICLO FMC DIA 26-25;COCA;985012374;Atendido;;985012374;0985012374;1;R1;1;RENUNCIAS;Hogar:Renuncia HFC GPON  varios conceptos;TELEVISION;;HFC;OTROS CIERRES;JSANTILA;R1 ZONA 3
septiembre de 2026;202610;2/9/2026;1;CAC QUEVEDO CENTRO;CICLO FMC DIA 4-3;QUEVEDO;1205674383;Atendido;2/9/2025;1205674383;1205674383;1;R2;1;RENUNCIAS;Movil:Actualización de datos dirección correo;Telefonia;35018071;GPON;RENUNCIAS HOGAR;AIBARRAM;R2 ZONA 1
agosto de 2026;202609;7/8/2026;1;CAC CONDADO;CICLO FMC DIA 11-10;QUITO;990531103;Atendido;;990531103;0990531103;1;R1;1;RENUNCIAS;Hogar:Renuncia HFC GPON  varios conceptos;INTERNET;;GPON;OTROS CIERRES;CMINANGJ;R1 ZONA 1
septiembre de 2026;202610;2/9/2026;1;CAC CONDADO;CICLO FMC DIA 26-25;QUITO;987652235;Atendido;;;0987652235;1;R1;1;SERVICIO AL CLIENTE;Hogar:Renuncia HFC GPON  varios conceptos;INTERNET;;HFC;OTROS CIERRES;CMINANGJ;R1 ZONA 1
septiembre de 2026;202610;7/9/2026;1;CAC CONDADO;CICLO FMC DIA 11-10;QUITO;962612611;Atendido;;;0962612611;1;R1;1;RENUNCIAS;Hogar:Renuncia HFC GPON  varios conceptos;TELEFONIA;;HFC;OTROS CIERRES;CMINANGJ;R1 ZONA 1
septiembre de 2026;202610;9/9/2026;1;CAC MALL DE LOS ANDES;CICLO FMC DIA 11-10;AMBATO;958712819;Atendido;;;0958712819;1;R1;1;SERVICIO AL CLIENTE;Hogar:Renuncia HFC GPON  varios conceptos;INTERNET;;HFC;OTROS CIERRES;KAVILAA;R1 ZONA 2
agosto de 2026;202609;25/8/2026;1;CAC MALL DEL ALTO;CICLO FMC DIA 2-1;CUENCA;990620848;Atendido;29/7/2026;;0106045156;1;R2;1;RENUNCIAS;Hogar:Renuncia HFC GPON  varios conceptos;Internet;1001739071;GPON;RENUNCIAS HOGAR;DGUAMANH;R2 ZONA 4
agosto de 2026;202609;21/8/2026;1;CAC MALL DEL RIO;CICLO FMC DIA 11-10;CUENCA;969086863;Atendido;;;0969086863;1;R2;1;RENUNCIAS;Movil: Renuncia servicio celular;INTERNET;;GPON;RENUNCIAS HOGAR;CHUAGLLC;R2 ZONA 4
julio de 2026;202608;6/7/2026;1;CAC PASEO PLAYAS;CICLO FMC DIA 11-10;PLAYAS;919312900;Atendido;7/5/2022;919312900;0919312900;1;R2;1;RENUNCIAS;Hogar:Mala venta DAS FVD SAC;Internet;2218614194;GPON;RENUNCIAS HOGAR;DMOYAP;R2 ZONA 2
julio de 2026;202609;23/7/2026;1;CAC COCA;CICLO FMC DIA 26-25;COCA;986177035;Atendido;;986177035;0986177035;1;R1;1;RENUNCIAS;Hogar:Renuncia HFC GPON  varios conceptos;TELEFONIA;;HFC;OTROS CIERRES;JSANTILA;R1 ZONA 3
septiembre de 2026;202610;4/9/2026;1;CAC MULTIPLAZA PORTOVIEJO;CICLO FMC DIA 26-25;PORTOVIEJO;1313258459;Atendido;;1313258459;1313258459;1;R2;1;RENUNCIAS;Movil Venta Línea nueva migración;INTERNET;;HFC;RENUNCIAS HOGAR;LHELENZ;R2 ZONA 3
agosto de 2026;202609;4/8/2026;1;CAC SCALA;CICLO FMC DIA 6-5;QUITO;996626844;Atendido;7/5/2026;2100847850;2100847850;1;R1;1;SERVICIO AL CLIENTE;Hogar:Renuncia HFC GPON  varios conceptos;Telefonia;25186636;GPON;OTROS CIERRES;RCENTENO;R1 ZONA 1
julio de 2026;202608;27/7/2026;1;CAC EL DORADO;CICLO FMC DIA 2-1;GUAYAQUIL;999611679;Atendido;15/7/2024;999611679;0910786706;1;R2;1;SERVICIO AL CLIENTE;Hogar:Renuncia HFC GPON  varios conceptos;Television;1000727577;GPON;OTROS CIERRES;MRIVERAT;R2 ZONA 3
julio de 2026;202609;31/7/2026;1;CAC MALL DE LOS ANDES;CICLO FMC DIA 2-1;AMBATO;991632045;Atendido;28/8/2024;991632045;1804741914;1;R1;1;SERVICIO AL CLIENTE;Hogar:Renuncia HFC GPON  varios conceptos;Internet;1000784454;GPON;OTROS CIERRES;GOROZCOP;R1 ZONA 2
julio de 2026;202608;27/7/2026;1;CAC 9 DE OCTUBRE;CICLO FMC DIA 13-12;GUAYAQUIL;900574575;Atendido;11/4/2026;900574575;0900574575;1;R2;1;SERVICIO AL CLIENTE;Reclamo Facturacion;Internet;1001601911;GPON;FMC;DPONCER;R2 ZONA 3
septiembre de 2026;202609;1/9/2026;1;CAC PASEO PORTOVIEJO;CICLO FMC DIA 17-16;PORTOVIEJO;905853560;Atendido;15/8/2025;905853560;0905853560;1;R2;1;RENUNCIAS;Hogar:Renuncia HFC GPON  varios conceptos;Internet;1001307023;GPON;RENUNCIAS HOGAR;MRENGIFP;R2 ZONA 3
agosto de 2026;202609;8/8/2026;1;CAC RIOCENTRO SUR;CICLO FMC DIA 26-25;GUAYAQUIL;911499796;Atendido;23/4/2021;;0911499796;1;R2;1;SERVICIO AL CLIENTE;Hogar:Renuncia HFC GPON  varios conceptos;Internet;2216846554;GPON;OTROS CIERRES;PSALVATP;R2 ZONA 4
septiembre de 2026;202610;13/9/2026;1;CAC LAGUNA MALL;CICLO FMC DIA 26-25;IBARRA;996613048;Atendido;;;0996613048;1;R1;1;RENUNCIAS;Hogar:Renuncia HFC GPON  varios conceptos;TELEVISION;;HFC;RENUNCIAS HOGAR;KTERANC;R1 ZONA 3
agosto de 2026;202609;18/8/2026;1;CAC PASEO PLAYAS;CICLO FMC DIA 11-10;PLAYAS;968959816;Atendido;;;0968959816;1;R2;1;RENUNCIAS;Movil: Renuncia servicio celular;INTERNET;;HFC;RENUNCIAS HOGAR;DMOYAP;R2 ZONA 2
julio de 2026;202608;20/7/2026;1;CAC PASEO PLAYAS;CICLO FMC DIA 2-1;PLAYAS;940423734;Atendido;1/12/2025;940423734;0940423734;1;R2;1;RENUNCIAS;Hogar:Renuncia HFC GPON  varios conceptos;Internet;1001450407;GPON;RENUNCIAS HOGAR;YINTRIAL;R2 ZONA 2
julio de 2026;202608;21/7/2026;1;CAC PASEO PLAYAS;CICLO FMC DIA 8-7;PLAYAS;911304103;Atendido;24/7/2024;911304103;0911304103;1;R2;1;RENUNCIAS;Hogar: Información de productos.;Internet;1000735393;GPON;RENUNCIAS HOGAR;SZAMBRAP;R2 ZONA 2
septiembre de 2026;202609;2/9/2026;1;CAC MALL DEL RIO;CICLO FMC DIA 11-10;CUENCA;969409503;Atendido;;;0969409503;1;R2;1;RENUNCIAS;Hogar:Renuncia derivada del Kiosko;INTERNET;;GPON;RENUNCIAS HOGAR;HFIGUERZ;R2 ZONA 4
septiembre de 2026;202610;22/9/2026;1;CAC MALL DEL ALTO;CICLO FMC DIA 11-10;CUENCA;983510297;Atendido;;983510297;0983510297;1;R2;1;RENUNCIAS;Hogar:Renuncia HFC GPON  varios conceptos;TELEVISION;;HFC;RENUNCIAS HOGAR;PALBARRD;R2 ZONA 4
julio de 2026;202609;21/7/2026;1;CAC QUICENTRO SUR;CICLO FMC DIA 26-25;QUITO;994249436;Atendido;;;0994249436;1;R1;1;RENUNCIAS;Hogar:Renuncia derivada del Kiosko;TELEVISION;;HFC;RENUNCIAS HOGAR;MMOREIRR;R1 ZONA 2
julio de 2026;202608;21/7/2026;1;CAC EL RECREO 2;CICLO FMC DIA 11-10;QUITO;980205166;Atendido;;980205166;0980205166;1;R1;1;RENUNCIAS;Hogar:Renuncia derivada del Kiosko;TELEVISION;;HFC;RENUNCIAS HOGAR;CPEREZG;R1 ZONA 2
agosto de 2026;202609;6/8/2026;1;CAC PASEO PLAYAS;CICLO FMC DIA 11-10;PLAYAS;968249382;Atendido;8/6/2026;968249382;0914350343;1;R2;1;RENUNCIAS;Movil: Renuncia servicio celular;Internet;1001677890;GPON;RENUNCIAS HOGAR;JMOREIRM;R2 ZONA 2
julio de 2026;202608;19/7/2026;1;CAC SCALA;CICLO FMC DIA 26-25;QUITO;998219551;Atendido;;998219551;0998219551;1;R1;1;RENUNCIAS;Hogar:Entrega de equipo por cierre de servicio;INTERNET;;GPON;RENUNCIAS HOGAR;JPONCER;R1 ZONA 1
agosto de 2026;202609;14/8/2026;1;CAC PASEO PORTOVIEJO;CICLO FMC DIA 11-10;PORTOVIEJO;992288778;Atendido;;;0992288778;1;R2;1;SERVICIO AL CLIENTE;Hogar:Renuncia HFC GPON  varios conceptos;INTERNET;;HFC;OTROS CIERRES;MMIRANDO;R2 ZONA 3
septiembre de 2026;202611;24/9/2026;1;CAC PASEO RIOBAMBA;CICLO FMC DIA 26-25;RIOBAMBA;999040820;Atendido;;;0999040820;1;R1;1;SERVICIO AL CLIENTE;Hogar:Renuncia HFC GPON  varios conceptos;TELEFONIA;;HFC;OTROS CIERRES;VROBALIB;R1 ZONA 2
julio de 2026;202608;30/7/2026;1;CAC MALL DEL PACIFICO;CICLO FMC DIA 11-10;MANTA;1301229215;Atendido;30/4/2018;1301229215;1301229215;1;R2;1;RENUNCIAS;Movil Pago: consumo masivo;Internet;2210493060;HFC;RENUNCIAS HOGAR;EGARCIAP;R2 ZONA 1
septiembre de 2026;202611;27/9/2026;1;CAC EL PORTAL;CICLO FMC DIA 2-1;QUITO;993907383;Atendido;12/5/2024;993907383;1202612345;1;R1;1;SERVICIO AL CLIENTE;Hogar:Renuncia derivada del Kiosko;Telefonia;55015590;GPON;FMC;LGAIBORA;R1 ZONA 1
julio de 2026;202607;3/7/2026;1;CAC CONDADO;CICLO FMC DIA 11-10;QUITO;989055602;Atendido;29/11/2021;989055602;1713027900;1;R1;1;RENUNCIAS;Hogar:Renuncia HFC GPON  varios conceptos;Television;2217879525;GPON;OTROS CIERRES;MSALASP;R1 ZONA 1
julio de 2026;202608;10/7/2026;1;CAC QUICENTRO SUR;CICLO FMC DIA 11-10;QUITO;983845915;Atendido;;;0983845915;1;R1;1;SERVICIO AL CLIENTE;Hogar:Renuncia HFC GPON  varios conceptos;INTERNET;;HFC;OTROS CIERRES;LLUCEROG;R1 ZONA 2
agosto de 2026;202609;4/8/2026;1;CAC PASEO RIOBAMBA;CICLO FMC DIA 26-25;RIOBAMBA;984211354;Atendido;;;0984211354;1;R1;1;RENUNCIAS;Movil:Actualización de datos dirección correo;INTERNET;;HFC;RENUNCIAS HOGAR;MAREVALM;R1 ZONA 2
julio de 2026;202608;10/7/2026;1;CAC LAGUNA MALL;CICLO FMC DIA 26-25;IBARRA;979656535;Atendido;;979656535;0979656535;1;R1;1;SERVICIO AL CLIENTE;Hogar:Renuncia HFC GPON  varios conceptos;INTERNET;;HFC;OTROS CIERRES;MCISNERA;R1 ZONA 3
agosto de 2026;202609;2/8/2026;1;CAC PASEO RIOBAMBA;CICLO FMC DIA 26-25;RIOBAMBA;988552968;Atendido;;988552968;0988552968;1;R1;1;SERVICIO AL CLIENTE;Hogar:Renuncia HFC GPON  varios conceptos;INTERNET;;GPON;OTROS CIERRES;PMONCAYB;R1 ZONA 2
julio de 2026;202609;29/7/2026;1;CAC CONDADO;CICLO FMC DIA 26-25;QUITO;984411950;Atendido;;;0984411950;1;R1;1;SERVICIO AL CLIENTE;Hogar:Renuncia HFC GPON  varios conceptos;INTERNET;;HFC;OTROS CIERRES;ACABEZAV;R1 ZONA 1
septiembre de 2026;202610;3/9/2026;1;CAC HUAQUILLAS;CICLO FMC DIA 26-25;HUAQUILLAS;993437379;Atendido;;993437379;0993437379;1;R2;1;RENUNCIAS;Movil: Información de productos.;TELEVISION;;HFC;RENUNCIAS HOGAR;JCABRERN;R2 ZONA 2
septiembre de 2026;202610;17/9/2026;1;CAC QUICENTRO SUR;CICLO FMC DIA 11-10;QUITO;999221121;Atendido;;;0999221121;1;R1;1;RENUNCIAS;Hogar:Renuncia derivada del Kiosko;INTERNET;;HFC;RENUNCIAS HOGAR;GAMBULUR;R1 ZONA 2
agosto de 2026;202609;19/8/2026;1;CAC COCA;CICLO FMC DIA 26-25;COCA;959114161;Atendido;;959114161;0959114161;1;R1;1;SERVICIO AL CLIENTE;Hogar:Renuncia HFC GPON  varios conceptos;INTERNET;;HFC;OTROS CIERRES;VZAMBRAM;R1 ZONA 3
julio de 2026;202609;28/7/2026;1;CAC COCA;CICLO FMC DIA 26-25;COCA;997222884;Atendido;;997222884;0997222884;1;R1;1;RENUNCIAS;Hogar:Renuncia HFC GPON  varios conceptos;TELEFONIA;;GPON;RENUNCIAS HOGAR;VZAMBRAM;R1 ZONA 3
julio de 2026;202609;30/7/2026;1;CAC COCA;CICLO FMC DIA 26-25;COCA;990345026;Atendido;;990345026;0990345026;1;R1;1;RENUNCIAS;Hogar:Renuncia HFC GPON  varios conceptos;TELEFONIA;;HFC;OTROS CIERRES;VZAMBRAM;R1 ZONA 3
septiembre de 2026;202610;1/9/2026;1;CAC URDESA;CICLO FMC DIA 2-1;GUAYAQUIL;919343459;Atendido;28/4/2026;919343459;0919343459;1;R2;1;SERVICIO AL CLIENTE;Hogar:Renuncia HFC GPON  varios conceptos;Telefonia;45053951;GPON;OTROS CIERRES;kverar;R2 ZONA 2
agosto de 2026;202609;24/8/2026;1;CAC EL PORTAL;CICLO FMC DIA 11-10;QUITO;999887434;Atendido;;;0999887434;1;R1;1;RENUNCIAS;Hogar:Renuncia HFC GPON  varios conceptos;INTERNET;;HFC;OTROS CIERRES;NGONZALC;R1 ZONA 1
septiembre de 2026;202610;8/9/2026;1;CAC EL JARDIN;CICLO FMC DIA 26-25;QUITO;987913312;Atendido;;987913312;0987913312;1;R1;1;RENUNCIAS;Hogar:Renuncia derivada del Kiosko;TELEVISION;;GPON;RENUNCIAS HOGAR;MLIMAA;R1 ZONA 3
agosto de 2026;202609;13/8/2026;1;CAC COCA;CICLO FMC DIA 11-10;COCA;985417806;Atendido;;985417806;0985417806;1;R1;1;RENUNCIAS;Hogar:Renuncia HFC GPON  varios conceptos;INTERNET;;HFC;OTROS CIERRES;VZAMBRAM;R1 ZONA 3
septiembre de 2026;202610;13/9/2026;1;CAC MALL DEL RIO;CICLO FMC DIA 26-25;CUENCA;993276069;Atendido;;993276069;0993276069;1;R2;1;RENUNCIAS;Movil: Renuncia servicio celular;TELEFONIA;;HFC;RENUNCIAS HOGAR;ILOORO;R2 ZONA 4
agosto de 2026;202609;11/8/2026;1;CAC SCALA;CICLO FMC DIA 26-25;QUITO;984149795;Atendido;;984149795;0984149795;1;R1;1;SERVICIO AL CLIENTE;Hogar:Renuncia HFC GPON  varios conceptos;INTERNET;;GPON;OTROS CIERRES;RCENTENO;R1 ZONA 1
septiembre de 2026;202610;23/9/2026;1;CAC PASEO VIA DAULE;CICLO FMC DIA 24-23;GUAYAQUIL;957910813;Atendido;23/11/2024;957910813;0957910813;1;R2;1;SERVICIO AL CLIENTE;Hogar:Renuncia HFC GPON  varios conceptos;Telefonia;45005392;GPON;OTROS CIERRES;JQUIMISB;R2 ZONA 3
julio de 2026;202608;20/7/2026;1;CAC LAGUNA MALL;CICLO FMC DIA 2-1;IBARRA;968882448;Atendido;27/1/2024;968882448;0953759776;1;R1;1;RENUNCIAS;Movil Pago: consumo masivo;Internet;1000545125;GPON;RENUNCIAS HOGAR;PACOSTAF;R1 ZONA 3
julio de 2026;202608;29/7/2026;1;CAC MALL DEL SUR;CICLO FMC DIA 13-12;GUAYAQUIL;968555525;Atendido;11/6/2026;;0916620099;1;R2;1;SERVICIO AL CLIENTE;Hogar:Renuncia HFC GPON  varios conceptos;Internet;1001682513;GPON;OTROS CIERRES;BALVAREC;R2 ZONA 2
septiembre de 2026;202610;16/9/2026;1;CAC COCA;CICLO FMC DIA 11-10;COCA;986590578;Atendido;;986590578;0986590578;1;R1;1;RENUNCIAS;Hogar:Renuncia HFC GPON  varios conceptos;TELEVISION;;HFC;OTROS CIERRES;ARUIZI;R1 ZONA 3
septiembre de 2026;202610;13/9/2026;1;CAC MALL DEL ALTO;CICLO FMC DIA 26-25;CUENCA;900202843;Atendido;;;0900202843;1;R2;1;RENUNCIAS;Movil: Renuncia servicio celular;TELEFONIA;;GPON;RENUNCIAS HOGAR;CROGELG;R2 ZONA 4
septiembre de 2026;202610;19/9/2026;1;CAC CCI;CICLO FMC DIA 11-10;QUITO;939241592;Atendido;3/12/2021;939241592;0502623218;1;R1;1;RENUNCIAS;Hogar:Renuncia HFC GPON  varios conceptos;Television;2217899559;HFC;OTROS CIERRES;CCARCELR;R1 ZONA 3
julio de 2026;202608;17/7/2026;1;CAC QUEVEDO CENTRO;CICLO FMC DIA 13-12;QUEVEDO;983210482;Atendido;12/9/2025;983210482;1201922471;1;R2;1;RENUNCIAS;Movil:Actualización de datos dirección correo;Internet;1001346259;GPON;RENUNCIAS HOGAR;JPLUASAG;R2 ZONA 1
agosto de 2026;202609;27/8/2026;1;CAC CHONE;CICLO FMC DIA 8-7;CHONE;1307806909;Atendido;3/8/2023;1307806909;1307806909;1;R2;1;SERVICIO AL CLIENTE;Hogar:Renuncia HFC GPON  varios conceptos;Telefonia;55011554;GPON;OTROS CIERRES;CCASTROE;R2 ZONA 1
septiembre de 2026;202610;21/9/2026;1;CAC MALL DEL SUR;CICLO FMC DIA 11-10;GUAYAQUIL;992200547;Atendido;;992200547;0992200547;1;R2;1;SERVICIO AL CLIENTE;Hogar:Renuncia HFC GPON  varios conceptos;INTERNET;;GPON;OTROS CIERRES;HCARDENJ;R2 ZONA 2
septiembre de 2026;202610;19/9/2026;1;CAC MALL DEL SOL;CICLO FMC DIA 8-7;GUAYAQUIL;981896159;Atendido;20/6/2026;981896159;1102447255;1;R2;1;RENUNCIAS;Hogar:Renuncia HFC GPON  varios conceptos;Telefonia;45151677;GPON;OTROS CIERRES;MPENAZ;R2 ZONA 4
agosto de 2026;202608;5/8/2026;1;CAC COCA;CICLO FMC DIA 11-10;COCA;980533114;Atendido;31/5/2023;980533114;2200519557;1;R1;1;RENUNCIAS;Hogar:Renuncia HFC GPON  varios conceptos;Telefonia;25170111;HFC;RENUNCIAS HOGAR;ARUIZI;R1 ZONA 3
agosto de 2026;202609;6/8/2026;1;CAC QUICENTRO NORTE;CICLO FMC DIA 26-25;QUITO;984722211;Atendido;;984722211;0984722211;1;R1;1;RENUNCIAS;Hogar:Renuncia derivada del Kiosko;TELEVISION;;HFC;RENUNCIAS HOGAR;LPESANTC;R1 ZONA 3
agosto de 2026;202609;26/8/2026;1;CAC MILAGRO;CICLO FMC DIA 11-10;MILAGRO;985888811;Atendido;9/10/2024;1306250232;1306250232;1;R2;1;RENUNCIAS;Hogar:Renuncia derivada del Kiosko;Internet;1000846878;GPON;RENUNCIAS HOGAR;MVICUNAM;R2 ZONA 3
julio de 2026;202608;14/7/2026;1;CAC PASEO RIOBAMBA;CICLO FMC DIA 26-25;RIOBAMBA;960116889;Atendido;;;0960116889;1;R1;1;SERVICIO AL CLIENTE;Hogar:Renuncia HFC GPON  varios conceptos;INTERNET;;HFC;OTROS CIERRES;VROBALIB;R1 ZONA 2
julio de 2026;202608;1/7/2026;1;CAC PASEO RIOBAMBA;CICLO FMC DIA 26-25;RIOBAMBA;983836547;Atendido;;;0983836547;1;R1;1;SERVICIO AL CLIENTE;Hogar:Renuncia HFC GPON  varios conceptos;INTERNET;;HFC;OTROS CIERRES;VROBALIB;R1 ZONA 2
julio de 2026;202608;15/7/2026;1;CAC LOJA;CICLO FMC DIA 2-1;LOJA;1150434924;Atendido;24/7/2025;1150434924;1150434924;1;R2;1;RENUNCIAS;Movil:Actualización de datos dirección correo;Internet;1001274470;GPON;RENUNCIAS HOGAR;MCAMPOSS;R2 ZONA 1
agosto de 2026;202609;6/8/2026;1;CAC MALL DEL ALTO;CICLO FMC DIA 11-10;CUENCA;980012345;Atendido;;980012345;0980012345;1;R2;1;RENUNCIAS;Hogar:Renuncia HFC GPON  varios conceptos;INTERNET;;HFC;OTROS CIERRES;PALBARRD;R2 ZONA 4
julio de 2026;202608;8/7/2026;1;CAC COCA;CICLO FMC DIA 26-25;COCA;994948232;Atendido;;994948232;0994948232;1;R1;1;RENUNCIAS;Hogar:Renuncia HFC GPON  varios conceptos;INTERNET;;HFC;OTROS CIERRES;ARUIZI;R1 ZONA 3
septiembre de 2026;202610;7/9/2026;1;CAC RIOCENTRO SUR;CICLO FMC DIA 11-10;GUAYAQUIL;903253854;Atendido;;;0903253854;1;R2;1;RENUNCIAS;Movil: Renuncia servicio celular;TELEFONIA;;GPON;RENUNCIAS HOGAR;KJUMBOP;R2 ZONA 4
julio de 2026;202608;7/7/2026;1;CAC SCALA;CICLO FMC DIA 11-10;QUITO;980980575;Atendido;;980980575;0980980575;1;R1;1;RENUNCIAS;Hogar:Renuncia HFC GPON  varios conceptos;TELEVISION;;GPON;OTROS CIERRES;GALBARRR;R1 ZONA 1
julio de 2026;202607;15/7/2026;1;CAC EL PORTAL;CICLO FMC DIA 24-23;QUITO;1725884447;Atendido;23/12/2023;;1725884447;1;R1;1;SERVICIO AL CLIENTE;Hogar:Renuncia HFC GPON  varios conceptos;Internet;1000514184;GPON;OTROS CIERRES;DPROANOP;R1 ZONA 1
septiembre de 2026;202610;18/9/2026;1;CAC MALL DEL ALTO;CICLO FMC DIA 11-10;CUENCA;989658586;Atendido;;;0989658586;1;R2;1;RENUNCIAS;Hogar:Renuncia HFC GPON  varios conceptos;TELEFONIA;;GPON;RENUNCIAS HOGAR;NGUACHIG;R2 ZONA 4
julio de 2026;202608;2/7/2026;1;CAC LAGUNA MALL;CICLO FMC DIA 26-25;IBARRA;983565055;Atendido;;;0983565055;1;R1;1;RENUNCIAS;Movil Pago: consumo masivo;TELEFONIA;;HFC;RENUNCIAS HOGAR;KAGREDAG;R1 ZONA 3
julio de 2026;202608;1/7/2026;1;CAC PASEO RIOBAMBA;CICLO FMC DIA 26-25;RIOBAMBA;984489090;Atendido;;;0984489090;1;R1;1;SERVICIO AL CLIENTE;Hogar:Renuncia HFC GPON  varios conceptos;INTERNET;;HFC;OTROS CIERRES;VROBALIB;R1 ZONA 2
julio de 2026;202608;16/7/2026;1;CAC COCA;CICLO FMC DIA 26-25;COCA;991061785;Atendido;;991061785;0991061785;1;R1;1;SERVICIO AL CLIENTE;Hogar:Renuncia HFC GPON  varios conceptos;INTERNET;;HFC;OTROS CIERRES;JSANTILA;R1 ZONA 3
julio de 2026;202608;3/7/2026;1;CAC RIOCENTRO CEIBOS;CICLO FMC DIA 26-25;GUAYAQUIL;921788055;Atendido;25/10/2024;921788055;0921788055;1;R2;1;RENUNCIAS;Venta Isla;Television;1000869739;GPON;RENUNCIAS HOGAR;JFALCONT;R2 ZONA 1
agosto de 2026;202609;9/8/2026;1;CAC PASEO RIOBAMBA;CICLO FMC DIA 26-25;RIOBAMBA;983176825;Atendido;;;0983176825;1;R1;1;RENUNCIAS;Movil Reposición de sim;TELEVISION;;GPON;RENUNCIAS HOGAR;MOROZCOM;R1 ZONA 2
septiembre de 2026;202610;11/9/2026;1;CAC MULTIPLAZA PORTOVIEJO;CICLO FMC DIA 26-25;PORTOVIEJO;1206594879;Atendido;30/3/2022;1206594879;1206594879;1;R2;1;RENUNCIAS;Hogar:Cambio de equipo y/o control remoto;Internet;2218150049;GPON;RENUNCIAS HOGAR;MNARANJZ;R2 ZONA 3
julio de 2026;202608;20/7/2026;1;CAC PASEO RIOBAMBA;CICLO FMC DIA 24-23;RIOBAMBA;986023235;Atendido;21/7/2025;986023235;0601822059;1;R1;1;RENUNCIAS;Hogar:Mala venta DAS FVD SAC;Telefonia;35025204;GPON;RENUNCIAS HOGAR;DTREVINA;R1 ZONA 2
septiembre de 2026;202610;10/9/2026;1;CAC PASEO RIOBAMBA;CICLO FMC DIA 2-1;RIOBAMBA;989806857;Atendido;1/5/2025;989806857;0603117870;1;R1;1;SERVICIO AL CLIENTE;Hogar:Renuncia HFC GPON  varios conceptos;Telefonia;35024136;GPON;OTROS CIERRES;DTREVINA;R1 ZONA 2
septiembre de 2026;202610;3/9/2026;1;CAC EL BOSQUE;CICLO FMC DIA 26-25;QUITO;995289630;Atendido;;995289630;0995289630;1;R1;1;RENUNCIAS;Movil: Renuncia servicio celular;TELEFONIA;;HFC;RENUNCIAS HOGAR;DOCHOAR;R1 ZONA 2
julio de 2026;202608;20/7/2026;1;CAC MALL DEL RIO;CICLO FMC DIA 13-12;CUENCA;980162660;Atendido;6/7/2026;980162660;0105901797;1;R2;1;SERVICIO AL CLIENTE;Movil Reposición de sim;Telefonia;75014213;GPON;FMC;ATORRESC;R2 ZONA 4
septiembre de 2026;202609;4/9/2026;1;CAC EL PORTAL;CICLO FMC DIA 11-10;QUITO;985569327;Atendido;;985569327;0985569327;1;R1;1;SERVICIO AL CLIENTE;Hogar:Renuncia HFC GPON  varios conceptos;INTERNET;;GPON;OTROS CIERRES;DPROANOP;R1 ZONA 1
julio de 2026;202608;2/7/2026;1;CAC COCA;CICLO FMC DIA 26-25;COCA;992375988;Atendido;;992375988;0992375988;1;R1;1;RENUNCIAS;Hogar:Renuncia HFC GPON  varios conceptos;INTERNET;;HFC;OTROS CIERRES;JSANTILA;R1 ZONA 3
septiembre de 2026;202609;4/9/2026;1;CAC LAGO AGRIO;CICLO FMC DIA 11-10;LAGO AGRIO;964018303;Atendido;;;0964018303;1;R1;1;RENUNCIAS;Hogar:Renuncia HFC GPON  varios conceptos;INTERNET;;HFC;RENUNCIAS HOGAR;JURJILER;R1 ZONA 3
julio de 2026;202607;1/7/2026;1;CAC PASEO VIA DAULE;CICLO FMC DIA 15-14;GUAYAQUIL;918340258;Atendido;12/7/2023;918340258;0918340258;1;R2;1;RENUNCIAS; Información de productos;Internet;1000348353;GPON;RENUNCIAS HOGAR;mzavalac;R2 ZONA 3
agosto de 2026;202608;3/8/2026;1;CAC COCA;CICLO FMC DIA 11-10;COCA;988036718;Atendido;;988036718;0988036718;1;R1;1;RENUNCIAS;Hogar:Renuncia HFC GPON  varios conceptos;TELEFONIA;;GPON;OTROS CIERRES;VZAMBRAM;R1 ZONA 3
septiembre de 2026;202610;14/9/2026;1;CAC CONDADO;CICLO FMC DIA 26-25;QUITO;983125148;Atendido;;;0983125148;1;R1;1;SERVICIO AL CLIENTE;Hogar:Renuncia HFC GPON  varios conceptos;INTERNET;;GPON;OTROS CIERRES;ACABEZAV;R1 ZONA 1
julio de 2026;202608;13/7/2026;1;CAC MULTIPLAZA PORTOVIEJO;CICLO FMC DIA 28-27;PORTOVIEJO;1310338262;Atendido;4/10/2025;1310338262;1310338262;1;R2;1;RENUNCIAS;Hogar:Renuncia HFC GPON  varios conceptos;Internet;1001378541;GPON;RENUNCIAS HOGAR;GFLORESA;R2 ZONA 3
agosto de 2026;202609;23/8/2026;1;CAC EL BOSQUE;CICLO FMC DIA 11-10;QUITO;983129212;Atendido;;983129212;0983129212;1;R1;1;RENUNCIAS;Movil: Renuncia servicio celular;TELEFONIA;;GPON;RENUNCIAS HOGAR;CHERRERC;R1 ZONA 2
septiembre de 2026;202610;11/9/2026;1;CAC CONDADO;CICLO FMC DIA 11-10;QUITO;984809477;Atendido;;;0984809477;1;R1;1;SERVICIO AL CLIENTE;Hogar:Renuncia HFC GPON  varios conceptos;INTERNET;;GPON;OTROS CIERRES;PCABEZAN;R1 ZONA 1
julio de 2026;202608;20/7/2026;1;CAC MACAS;CICLO FMC DIA 11-10;MACAS;987587361;Atendido;;;0987587361;1;R1;1;RENUNCIAS;Movil/Hogar: Consulta Saldos;TELEFONIA;;HFC;RENUNCIAS HOGAR;MMEDINAY;R1 ZONA 1
julio de 2026;202608;13/7/2026;1;CAC COCA;CICLO FMC DIA 26-25;COCA;993315182;Atendido;;993315182;0993315182;1;R1;1;SERVICIO AL CLIENTE;Hogar:Renuncia HFC GPON  varios conceptos;TELEVISION;;HFC;OTROS CIERRES;ARUIZI;R1 ZONA 3
julio de 2026;202608;11/7/2026;1;CAC DAULE;CICLO FMC DIA 26-25;DAULE;981091436;Atendido;;981091436;0981091436;1;R2;1;RENUNCIAS;Movil: Renuncia servicio celular;INTERNET;;GPON;RENUNCIAS HOGAR;KFUENTEG;R2 ZONA 4
agosto de 2026;202609;2/8/2026;1;CAC EL DORADO;CICLO FMC DIA 2-1;GUAYAQUIL;999611679;Atendido;3/6/2024;999611679;0910786706;1;R2;1;SERVICIO AL CLIENTE;Hogar: Reclamo  Facturación.;Internet;1000679001;GPON;FMC;MRIVERAT;R2 ZONA 3
julio de 2026;202608;6/7/2026;1;CAC COCA;CICLO FMC DIA 26-25;COCA;959202660;Atendido;;959202660;0959202660;1;R1;1;RENUNCIAS;Hogar:Renuncia HFC GPON  varios conceptos;INTERNET;;GPON;OTROS CIERRES;VZAMBRAM;R1 ZONA 3
agosto de 2026;202609;27/8/2026;1;CAC PASEO VIA DAULE;CICLO FMC DIA 2-1;GUAYAQUIL;900367889;Atendido;30/7/2025;900367889;0900367889;1;R2;1;RENUNCIAS;Hogar:Renuncia HFC GPON  varios conceptos;Telefonia;45122712;GPON;RENUNCIAS HOGAR;JQUIMISB;R2 ZONA 3
agosto de 2026;202609;31/8/2026;1;CAC MALL DEL SUR;CICLO FMC DIA 8-7;GUAYAQUIL;900821943;Atendido;10/5/2024;;0900821943;1;R2;1;RENUNCIAS;Hogar:Renuncia HFC GPON  varios conceptos;Internet;1000655167;GPON;OTROS CIERRES;SNOBOAC;R2 ZONA 2
agosto de 2026;202609;13/8/2026;1;CAC PASEO RIOBAMBA;CICLO FMC DIA 11-10;RIOBAMBA;989235536;Atendido;;989235536;0989235536;1;R1;1;SERVICIO AL CLIENTE;Hogar:Renuncia HFC GPON  varios conceptos;TELEVISION;;HFC;OTROS CIERRES;FORTIZM;R1 ZONA 2
julio de 2026;202608;27/7/2026;1;CAC SCALA;CICLO FMC DIA 21-20;QUITO;984256039;Atendido;19/6/2025;901938282;0901938282;1;R1;1;SERVICIO AL CLIENTE;Hogar:Renuncia HFC GPON  varios conceptos;Telefonia;25230836;GPON;OTROS CIERRES;PPULUPA2;R1 ZONA 1
agosto de 2026;202609;17/8/2026;1;CAC EL RECREO;CICLO FMC DIA 11-10;QUITO;939820695;Atendido;;;0939820695;1;R1;1;RENUNCIAS;Movil: Renuncia servicio celular;INTERNET;;GPON;RENUNCIAS HOGAR;ECTFTERQ;R1 ZONA 2
agosto de 2026;202610;21/8/2026;1;CAC COCA;CICLO FMC DIA 26-25;COCA;986277254;Atendido;;986277254;0986277254;1;R1;1;RENUNCIAS;Hogar:Renuncia HFC GPON  varios conceptos;INTERNET;;HFC;OTROS CIERRES;JSANTILA;R1 ZONA 3
septiembre de 2026;202610;12/9/2026;1;CAC EL RECREO 2;CICLO FMC DIA 11-10;QUITO;958985229;Atendido;;;0958985229;1;R1;1;RENUNCIAS;Movil: Renuncia servicio celular;TELEFONIA;;HFC;RENUNCIAS HOGAR;MSANCHE3;R1 ZONA 2
agosto de 2026;202608;3/8/2026;1;CAC URDESA;CICLO FMC DIA 11-10;GUAYAQUIL;904854445;Atendido;12/4/2025;904854445;0904854445;1;R2;1;SERVICIO AL CLIENTE;Hogar:Renuncia HFC GPON  varios conceptos;Television;1001107493;GPON;OTROS CIERRES;LACOSTAL;R2 ZONA 2
septiembre de 2026;202610;18/9/2026;1;CAC MALL DEL RIO;CICLO FMC DIA 26-25;CUENCA;989103483;Atendido;;989103483;0989103483;1;R2;1;RENUNCIAS;Movil: Renuncia servicio celular;INTERNET;;HFC;RENUNCIAS HOGAR;ATORRESC;R2 ZONA 4
agosto de 2026;202610;25/8/2026;1;CAC COCA;CICLO FMC DIA 26-25;COCA;994417520;Atendido;;994417520;0994417520;1;R1;1;RENUNCIAS;Hogar:Renuncia HFC GPON  varios conceptos;TELEFONIA;;HFC;OTROS CIERRES;JSANTILA;R1 ZONA 3
julio de 2026;202608;24/7/2026;1;CAC MALL DE LOS ANDES;CICLO FMC DIA 8-7;AMBATO;995490112;Atendido;7/2/2024;995490112;1801551878;1;R1;1;SERVICIO AL CLIENTE;Hogar:Renuncia HFC GPON  varios conceptos;Internet;1000556798;GPON;OTROS CIERRES;RPAREDER;R1 ZONA 2
agosto de 2026;202610;31/8/2026;1;CAC QUEVEDO CENTRO;CICLO FMC DIA 28-27;QUEVEDO;1207080563;Atendido;26/3/2026;1207080563;1207080563;1;R2;1;RENUNCIAS;Movil Pago: consumo masivo;Telefonia;25237344;GPON;RENUNCIAS HOGAR;CSANTILN;R2 ZONA 1
agosto de 2026;202609;27/8/2026;1;CAC EL PORTAL;CICLO FMC DIA 11-10;QUITO;962524894;Atendido;;;0962524894;1;R1;1;SERVICIO AL CLIENTE;Hogar:Renuncia HFC GPON  varios conceptos;INTERNET;;GPON;OTROS CIERRES;DPROANOP;R1 ZONA 1
agosto de 2026;202610;21/8/2026;1;CAC CCI;CICLO FMC DIA 26-25;QUITO;987904891;Atendido;23/8/2023;987904891;1600710386;1;R1;1;RENUNCIAS;Hogar:Renuncia HFC GPON  varios conceptos;Internet;1000392808;GPON;RENUNCIAS HOGAR;CCARCELR;R1 ZONA 3
septiembre de 2026;202610;20/9/2026;1;CAC SCALA;CICLO FMC DIA 15-14;QUITO;990822954;Atendido;2/12/2025;990822954;1704291168;1;R1;1;RENUNCIAS;Hogar:Renuncia HFC GPON  varios conceptos;Telefonia;25239752;GPON;RENUNCIAS HOGAR;PDELGADK;R1 ZONA 1
agosto de 2026;202609;10/8/2026;1;CAC MULTIPLAZA PORTOVIEJO;CICLO FMC DIA 2-1;PORTOVIEJO;1350333520;Atendido;25/1/2025;1350333520;1350333520;1;R2;1;RENUNCIAS;Movil Pago: consumo masivo;Internet;1000988536;GPON;RENUNCIAS HOGAR;LHELENZ;R2 ZONA 3
agosto de 2026;202609;4/8/2026;1;CAC QUICENTRO SUR;CICLO FMC DIA 26-25;QUITO;998174265;Atendido;;;0998174265;1;R1;1;RENUNCIAS;Hogar:Renuncia derivada del Kiosko;INTERNET;;HFC;RENUNCIAS HOGAR;LLUCEROG;R1 ZONA 2
julio de 2026;202608;17/7/2026;1;CAC LOJA;CICLO FMC DIA 26-25;LOJA;1105102576;Atendido;;1105102576;1105102576;1;R2;1;RENUNCIAS;Movil Pago: consumo masivo;INTERNET;;HFC;RENUNCIAS HOGAR;AGONZAGL;R2 ZONA 1
septiembre de 2026;202610;16/9/2026;1;CAC TERMINAL TERRESTRE;CICLO FMC DIA 11-10;GUAYAQUIL;900153446;Atendido;1/7/2025;900153446;0900153446;1;R2;1;SERVICIO AL CLIENTE; Información de productos;Internet;1001239246;GPON;FMC;CHUERTAG;R2 ZONA 1
julio de 2026;202608;13/7/2026;1;CAC PASEO RIOBAMBA;CICLO FMC DIA 26-25;RIOBAMBA;987092232;Atendido;24/3/2023;987092232;0603321043;1;R1;1;RENUNCIAS;Hogar:Renuncia HFC GPON  varios conceptos;Internet;1000245578;GPON;RENUNCIAS HOGAR;PMONCAYB;R1 ZONA 2
agosto de 2026;202609;29/8/2026;1;CAC EL JARDIN;CICLO FMC DIA 11-10;QUITO;983304667;Atendido;;;0983304667;1;R1;1;RENUNCIAS;Renuncia servicio corporativo;INTERNET;;HFC;RENUNCIAS HOGAR;LEGASP;R1 ZONA 3
julio de 2026;202608;8/7/2026;1;CAC PASEO RIOBAMBA;CICLO FMC DIA 11-10;RIOBAMBA;993790485;Atendido;;;0993790485;1;R1;1;SERVICIO AL CLIENTE;Hogar:Renuncia HFC GPON  varios conceptos;INTERNET;;HFC;OTROS CIERRES;PMONCAYB;R1 ZONA 2
