Año de FECHA_IMPACTO;Año de FECHA_CREACION;Mes de FECHA_CREACION;Día de FECHA_CREACION;ID_ORDEN_TRABAJO;INTENCIONES;CATEGORIA_RESOLUCION_NIVEL_1;CATEGORIA_RESOLUCION_NIVEL_2;CATEGORIA_RESOLUCION_NIVEL_2F;CATEGORIA_RESOLUCION_NIVEL_3;CATEGORIZACION_OPERACIONAL_N1;CATEGORIZACION_OPERACIONAL_N2;CATEGORIZACION_OPERACIONAL_N3;CICLO_FINAL;CODIGO_ESTADO;DESCRIPCION_PLAN_SERV;FAMILIA_FINAL;FECHA_ALTA;FECHA_CREACION;FECHA_IMPACTO;FECHA_ULTIMA_MODIFICACION;GRUPO_CREADOR;GRUPO_SOPORTE_ASIGNADO;HERRAMIENTA_RETENCION;ID_IDENTIFICACION;ID_SERVICIO;IDENTIFICACION;MAC;MARCA;MODELO;MOTIVO_RECHAZO;NODO_FINAL;NOMBRE_ASESOR_ASIGNADO;NOMBRE_CLIENTE;NOMBRE_COMPLETO_ASESOR_CREA_ORDEN;REGION;RESOLUCION;RESUMEN;SERIE;STATUS_ORDEN;SUCURSAL;TECNOLOGIA_FINAL;TELEFONO_CASA_CLI;UBICACIONES_ATENCION;USUARIO_CREADOR
2026;2026;julio;31;WO0000001891783;1;Gestión de Retención;NO RETENIDO;NO RETENIDO;PROBLEMAS ECONÓMICOS;Gestión Retención;Intención de renuncia - Instant Call;No dar motivos;CICLO FMC DIA 11-10;8;2PLAY - 850 Megas GPON JUN26 4.4;Internet;10/5/2023;31/7/2026 17:04:02;18/8/2026;3/8/2026 19:51:28;Origen_Asesores_CAC;Destino_RetInstantCall_RET;;CEDULA;1000294161;0906268776;;HUAWEI;HG8245W5;Problemas Económicos;G3C050;IVAN EDUARDO GUEVARA ORTEGA;JARAMILLO COBOS AURA JULIETA;FRANK TONY LOPEZ CRISTOBAL;R2;Ntggcase 0981572140 / Id 1001945474/No Acepta Beneficios, No Desea Tener El Servicio Activo. No Es Posible Ofrecer Descuentos, Ya Que Tiene Uno De Adulto Mayor.;INSTANT CALL;48575443D31248A8;Closed;0019322946;GPON;0981572140;E017-CAC 9 DE OCTUBRE 1;flopezc
2026;2026;julio;28;WO0000001883691;1;Gestión de Retención;RECHAZO;RECHAZADO;SOLO SOLICITA INFORMACIÓN;Gestión Retención;Intención de renuncia - Instant Call;Inconformidad con el servicio;CICLO FMC DIA 8-7;8;Internet 550 Mbps + MAX JUN26;Internet;7/2/2024;28/7/2026 16:12:51;15/8/2026;3/8/2026 19:47:05;Origen_Asesores_CAC;Destino_RetInstantCall_RET;;CEDULA;1000557546;0502262652;;HUAWEI;HG8245W5-6T;Solo solicita Información;U5C088;MARIELA CAROLINA OLIVO OROZCO;CRUZ TIGSE DARWIN GEOVANNY;LISSETH CAROLINA LUCERO GALINDO;R1;Ntgmolir 0997590337 / Id 1001436932 Cliente Tiene Orden Pendiente 20004396554955 Se Le Indica Que Solicite La Cancelacion De Esa Orden Para Ingreso De Proceso;INSTCALL;48575443071EE8AC;Closed;0019829812;GPON;0997590337;E070-CAC QUICENTRO SUR;llucerog
2026;2026;agosto;13;WO0000001921659;1;Gestión de Retención;No contactado;NO CONTACTADO;NO CONTACTADO;Gestión Retención;Intención de renuncia - Instant Call;Problemas económicos;CICLO FMC DIA 8-7;8;Internet 750 Mbps MAR26;Internet;6/11/2024;13/8/2026 19:09:19;15/9/2026;27/8/2026 2:45:11;Origen_Asesores_CAC;Destino_RetInstantCall_RET;;CEDULA;1000883802;0502875818;;ZTE;F6600P;No contactado;U4C048;IVAN EDUARDO GUEVARA ORTEGA;VIRACOCHA IZA GINO ALEXANDER;GRACE ALICIA GUERRERO HERRERA;R1;Ntgmolir 0963533287 / Id 3001784888 Cliente No Contesta Se Deja Mensjae De Voz;CLIENTE DESEA CANCELAR EL SERVICIO. CONTACTO: 0961035675;ZTEGD712B3D7;Closed;0020415251;GPON;0963533287;E079-CAC MALL JARDIN;gguerreh
2026;2026;agosto;20;WO0000001941423;1;Gestión de Retención;No contactado;NO CONTACTADO;NO CONTACTADO;Gestión Retención;Intención de renuncia - Instant Call;Problemas económicos;CICLO FMC DIA 26-25;8;1P - INTERNET 400 Mbps;Internet;15/7/2022;20/8/2026 10:22:46;2/9/2026;29/8/2026 2:45:33;Origen_Asesores_CAC;Destino_RetInstantCall_RET;;CEDULA;2218763984;1751269760;;ZTE;F6505N;No contactado;U02035;IVAN EDUARDO GUEVARA ORTEGA;DUEÑAS CORTEZ ISMAEL KARIM;DHONY OSWALDO OCHOA RAGUA;R1;Ntgmolir 0983142552 / Cliente Ya Esta Ingresada La Baja De Servicio;Cliente desea hacer el cierre del servicio de  Internet;ZTEGD829F9CA;Closed;0018725828;GPON;0983142552;E066-CAC EL BOSQUE;dochoar
2026;2026;septiembre;7;WO0000001997157;1;;;NO CONTACTADO;;Gestión Retención;Intención de renuncia - Instant Call;Problemas económicos;CICLO FMC DIA 4-3;0;Internet 550 Mbps  JUN26 1.0;Internet;3/5/2024;7/9/2026 11:13:33;11/10/2026;7/9/2026 11:13:35;Origen_Asesores_CAC;Destino_RetInstantCall_RET;;CEDULA;1000647092;1756598528;;HUAWEI;HG8145X6-13;-;U01068;;LOPEZ CLAVEL ANICETO;MARTIN NICOLAS LIMA DAVILA;R1;;CLIENTE DESEA CANCELAR EL SERVICIO. CONTACTO: 0967398582;48575443D78150B1;Assigned;0020828053;GPON;0987099495;E079-CAC MALL JARDIN;mlimaa
2026;2026;julio;8;WO0000001837765;1;Gestión de Retención;RETENIDO;RETENIDO;25% DE DESCUENTO POR 12 MESES;Gestión Retención;Intención de renuncia - Instant Call;Problemas económicos;CICLO FMC DIA 11-10;8;Internet 800 Mbps MAR26;Internet;4/2/2023;8/7/2026 11:15:15;18/8/2026;3/8/2026 19:21:31;Origen_Asesores_CAC;Destino_RetInstantCall_RET;25% de descuento por 12 meses;CEDULA;1000203525;1715201230;;ZTE;F680V6;;U1C115;MARIELA CAROLINA OLIVO OROZCO;CARRASCO PUEBLA JUAN FERNANDO;CHRISTOPHER SANTIAGO HERRERA CORREA;R1;Ntgmolir 0996700080 / Id 1001419927/1001420318 Cliente Va A Mantener El Servicio Activo Con Un Descuento Del 25% Por 12 Meses Y Un Mantenimiento En El Servicio De Tv;Cliente solicita cancelación de servicio de internet;ZTEGD1C2C805;Closed;0019215145;GPON;0996700080;E066-CAC EL BOSQUE;cherrerc
2026;2026;julio;1;WO0000001823879;1;Gestión de Retención;RETENIDO;RETENIDO;TRASLADO;Gestión Retención;Intención de renuncia - Instant Call;Traslado fuera de cobertura;CICLO FMC DIA 26-25;8;Internet 850 Mbps  JUN26;Internet;1/2/2026;1/7/2026 17:56:53;2/8/2026;3/8/2026 19:13:30;Origen_Asesores_CAC;Destino_RetInstantCall_RET;Traslado;CEDULA;1001513019;1706362884;;ZTE;F6505N;;U4C091;IVAN EDUARDO GUEVARA ORTEGA;EGAS GRANJA CARLOS HERNAN;GRACE ALICIA GUERRERO HERRERA;R1;Ntggcase 0984609709 / Id 3001122087/Cliente Retenido Con Tralado Sin Costo Y 1tb Por Un Mes Al 100%;Instant Call;ZTEGDA1C859E;Closed;0021234273;GPON;0984609709;E079-CAC MALL JARDIN;gguerreh
2026;2026;julio;24;WO0000001876079;1;Gestión de Retención;RETENIDO;RETENIDO;CON EL MISMO SERVICIO;Gestión Retención;Intención de renuncia - Instant Call;Problemas personales;CICLO FMC DIA 19-18;8;Internet 400 Mbps + ECDF JUN26;Internet;11/6/2025;24/7/2026 17:53:49;26/8/2026;3/8/2026 19:43:05;Origen_Asesores_CAC;Destino_RetInstantCall_RET;Con el mismo servicio;CEDULA;1001207306;1726898289;;ZTE;F680V6;;U3C015;IVAN EDUARDO GUEVARA ORTEGA;PILCO HUARACA VERONICA ALEXANDRA;MARIA DE LOS ANGELES BAQUERIZO ORTIZ;R1;Ntggcase 0982559087/0982559087 / Id 3001726191/Retenido Con El Mismo Servicio, Queda En Buscar Una Persona Para Realizar El Cambio De Propietario. Se Le Indica Que El Servicio Queda Activo. No Es Posible Aplicar Descuentos, Tiene Promo Madre 10% Desc .;instancall;ZTEGD1C2CC65;Closed;0020825396;GPON;0997292395;E070-CAC QUICENTRO SUR;mbaquero
2026;2026;agosto;6;WO0000001903602;1;Gestión de Retención;NO RETENIDO;NO RETENIDO;CAMBIO DE PROVEEDOR;Gestión Retención;Intención de renuncia - Instant Call;Falta de uso;CICLO FMC DIA 8-7;8;Internet 850 Mbps JUN26;Internet;7/7/2025;6/8/2026 9:48:55;15/9/2026;16/8/2026 2:45:11;Origen_Asesores_CAC;Destino_RetInstantCall_RET;;CEDULA;1001247220;1202123434;;HUAWEI;HG8145X6-13;Cambio de Proveedor;Q1C012;IVAN EDUARDO GUEVARA ORTEGA;ROSADO TOVAR WALTER EPIFANIO;REINA MADELAINE VELIZ SIERRA;R2;Cliente Desiste De Sus Servicios Porque Al Lugar Donde Se Traslado Ya Contrató Otro Servicio, No Accede A Herramientas De Retencion Y Cancelara En Agencia Dentro De 48 H  El Valor De Permin //  Id 1001631571 - M.D;INSTANT CALL;48575443D71660B1;Closed;0020868795;GPON;0980180953;E051-CAC QUEVEDO;rvelizs
2026;2026;julio;9;WO0000001841058;1;Gestión de Retención;RECHAZO;RECHAZADO;ORDEN DUPLICADA;Gestión Retención;Intención de renuncia - Instant Call;Otra Persona usa el servicio;CICLO FMC DIA 24-23;8;2P TELEFONIA SIN LIMITES  GPON ABR25 73;Telefonia;11/6/2025;9/7/2026 14:29:49;31/7/2026;3/8/2026 19:23:30;Origen_Asesores_CAC;Destino_RetInstantCall_RET;;CEDULA;25221409;1716142094;;HUAWEI;HG8145X6-13;Orden duplicada;U05147;IVAN EDUARDO GUEVARA ORTEGA;CAICEDO VALDEZ MARLENE DEL ROCIO;JOSE LUIS TROYA AYALA;R1;Orden Duplicada;INSTANT CALL;485754433E3C35B2;Closed;0020833615;GPON;0991143315;E058-CAC PUYO;jtroyaa
2026;2026;julio;9;WO0000001840096;1;Gestión de Retención;No contactado;NO CONTACTADO;NO CONTACTADO;Gestión Retención;Intención de renuncia - Instant Call;Falla en el servicio - Imputables a claro;CICLO FMC DIA 26-25;8;Internet 400 Mbps;Internet;7/9/2013;9/7/2026 10:19:17;2/8/2026;3/8/2026 19:22:55;Origen_Asesores_CAC;Destino_RetInstantCall_RET;;CEDULA;2201159199;0908233968;B4E2651EE17C;EMTA SMDC OG3000 TECHNOLOGY;OG3000 SMDC;No contactado;G06014;MARIELA CAROLINA OLIVO OROZCO;STARKERT GUNTER HERMANN;JONATHAN EDDIE ESPINOZA LEON;R2;Ntgmolir 0991586739 / Id 1001660694 Cliente No Contesta Deja En Voz Alta;INSTANT CALL;300122140001946856;Closed;0017448394;HFC;0999689372;E034-CAC RIOCENTRO ENTRE RIOS;jespinol
2026;2026;agosto;11;WO0000001913742;1;Gestión de Retención;No contactado;NO CONTACTADO;NO CONTACTADO;Gestión Retención;Intención de renuncia - Instant Call;Problemas económicos;CICLO FMC DIA 26-25;8;1P - INTERNET 400 Mbps;Internet;21/10/2021;11/8/2026 12:11:16;2/9/2026;24/8/2026 2:45:16;Origen_Asesores_CAC;Destino_RetInstantCall_RET;;CEDULA;2217724345;0602934556;;HUAWEI;HG8145X6-10;No contactado;U05077;IVAN EDUARDO GUEVARA ORTEGA;FLOR ROMERO PAUL JAVIER;MARIA DE LOS ANGELES BAQUERIZO ORTIZ;R1;Ntgmolir 987885966 / Id 3001278126 Cliente No Contesta Se Deja Mensaje De Voz;instancall;48575443EBE0C9AF;Closed;0017924329;GPON;987885966;E070-CAC QUICENTRO SUR;mbaquero
2026;2026;septiembre;18;WO0000002034223;1;;;NO CONTACTADO;;Gestión Retención;Intención de renuncia - Instant Call;Problemas económicos;CICLO FMC DIA 8-7;0;3P TODO CLARO EPICO PRO 300 MBPS HFC JUL24 2;Internet;;18/9/2026 16:08:14;15/10/2026;18/9/2026 16:08:15;Origen_Asesores_CAC;Destino_RetInstantCall_RET;;;1000792351;1705954624001;;;;-;;DIANA CAROLINA QUERO PONCE;RENE SANTIAGO CASTILLO PIÑEIROS;LUIS ALBERTO PESANTEZ CARLOSAMA;R1;;estimados favro su ayuda con cierre de servicio;;Assigned;0020322307;HFC;0986033701;E069-CAC QUICENTRO NORTE;lpesantc
2026;2026;julio;20;WO0000001864926;1;Gestión de Retención;No contactado;NO CONTACTADO;NO CONTACTADO;Gestión Retención;Intención de renuncia - Instant Call;Cambio de proveedor;CICLO FMC DIA 11-10;8;1P TODO CLARO Esencial 400 Mbps GPON;Internet;7/2/2024;20/7/2026 13:28:35;18/8/2026;3/8/2026 19:37:04;Origen_Asesores_CAC;Destino_RetInstantCall_RET;;CEDULA;1000557404;1710563048;;ZTE;F6505N;No contactado;U01131;MARIELA CAROLINA OLIVO OROZCO;GUALSAQUI  CARMELA;CRISTIAN ALEXIS GARCIA PAZOS;R1;Ntgmolir 0984963782 / Id 3001847418 Cliente No Contesta Se Deja Mensaje De Voz;su ayuda con eliminacion;ZTEGD82A207A;Closed;0019852658;GPON;0984963782;E066-CAC EL BOSQUE;cgarciap
2026;2026;julio;22;WO0000001870675;1;Gestión de Retención;RETENIDO;RETENIDO;TRASLADO;Gestión Retención;Intención de renuncia - Instant Call;Problemas económicos;CICLO FMC DIA 2-1;8;2P INTERNET 550 MBPS + MAX GPON ABR25 61;Internet;31/7/2025;22/7/2026 14:05:06;9/8/2026;3/8/2026 19:40:11;Origen_Asesores_CAC;Destino_RetInstantCall_RET;Traslado;CEDULA;1001279212;1803367166;;HUAWEI;HG8145X6-13;;U5C391;IVAN EDUARDO GUEVARA ORTEGA;NAZARENO PINTO PIEDAD DEL CONSUELO;GRACE ALICIA GUERRERO HERRERA;R1;"""Ntggcase 0982524827 / Id 1001620143/ Retenido Con El Traslado Del Servicio Sin Costo. Traslado Sin Costo Por Retención
Provincia	Pichincha
Ciudad	Quito
Parroquia	Turubamba
Sector	Turubamba Bajo	
Calle Principal	Calle Ayapamba
Calle Secundaria	Calle Oe1k		
Edificio	Casa De 3 Pisos
Referencia	Frente A La Iglesia De Los Mormones
Coordenadas	Coord -0.2755502324205167, -78.53524471964131
Contacto	982524827""";Instant Call;4857544398FBA6B6;Closed;0020899952;GPON;0982524827;E079-CAC MALL JARDIN;gguerreh
2026;2026;julio;11;WO0000001845379;1;Gestión de Retención;RECHAZO;RECHAZADO;SOLO SOLICITA INFORMACIÓN;Gestión Retención;Intención de renuncia - Instant Call;Problemas económicos;CICLO FMC DIA 11-10;8;3P TODO CLARO OTT GPON SUPER FEB26 168;Television;6/4/2026;11/7/2026 13:41:59;18/8/2026;3/8/2026 19:26:00;Origen_Asesores_CAC;Destino_RetInstantCall_RET;;CEDULA;1001590590;0903140184;;DECODIFICADOR IPTV SEI ROBOTICS;SEI800AMX;Solo solicita Información;G6C053;IVAN EDUARDO GUEVARA ORTEGA;MARTINEZ MALDONADO PABLO FRANCISCO;ALLISON ASTRID AGUILERA SALGUERO;R2;Ntggcase 0939707547 / Id 2001353017/Cliente No Esta De Acuerdo Con Los Valores De Permin, No Permite Continuar Y Menciona Que Va A Solicitar Una Aclaración Sobre La Venta Que Le Realizaron. Menciona Además Que El No Solicitó El Servicio 3p, Solo Queria Internet Para Su Domicilio.;INSTANT CALL;GZ25030231715948;Closed;0021355196;GPON;0986054951;E034-CAC RIOCENTRO ENTRE RIOS;aaguiles
2026;2026;septiembre;28;WO0000002072007;1;;;NO CONTACTADO;;Gestión Retención;Intención de renuncia - Instant Call;Problemas personales;CICLO FMC DIA 11-10;0;Internet 850 Mbps  JUN26;Internet;1/4/2021;28/9/2026 14:11:56;18/10/2026;28/9/2026 14:11:56;Origen_Asesores_CAC;Destino_RetInstantCall_RET;;CEDULA;2216744374;1712047974;;HUAWEI;HG8245W5;-;U5C071;;ARIAS CARVAJAL MILTON GERMANICO;MARCO ARMANDO GONZALEZ CASTRO;R1;;instant call;48575443189BB2A1;Assigned;0017195361;GPON;0987751806;E079-CAC MALL JARDIN;mgonzalc
2026;2026;julio;21;WO0000001867972;1;Gestión de Retención;RECHAZO;RECHAZADO;TRASLADO FUERA DE COBERTURA;Gestión Retención;Intención de renuncia - Instant Call;Cambio de proveedor;CICLO FMC DIA 26-25;8;Plan Hogar Ilimitado Plus GPON MAY24 1,48;Telefonia;16/10/2021;21/7/2026 14:08:47;2/9/2026;3/8/2026 19:38:43;Origen_Asesores_CAC;Destino_RetInstantCall_RET;;CEDULA;25147395;1727553826;;ZTE;F680V6;Traslado fuera de Cobertura;U03048;MARIELA CAROLINA OLIVO OROZCO;SIMBA CASTILLO MORELIA SILVANA;CRISTIAN ALEXIS GARCIA PAZOS;R1;Ntgmolir 0989489050 / Id 1001145116/1001146013 Cliente Solicita La Baja De Los Servicios Por Traslado Fuera De Cobertura No Desea Acceder A Las Herramientas De Retencion Se Le Indica La Fecha De Eliminacion Y La Factura Que Sale En Julio Yu En Agosto La De Telefonia;su ayuda con renuncia del servicio;ZTEGD4B51917;Closed;0017221660;GPON;0989489050;E066-CAC EL BOSQUE;cgarciap
2026;2026;septiembre;9;WO0000002006266;1;;;NO CONTACTADO;;Gestión Retención;Intención de renuncia - Instant Call;Viaje;CICLO FMC DIA 8-7;0;Internet 550 Mbps GPON JUN26 2.9;Internet;4/12/2023;9/9/2026 16:38:13;15/10/2026;9/9/2026 16:38:14;Origen_Asesores_CAC;Destino_RetInstantCall_RET;;CEDULA;1000495224;0907864797;;HUAWEI;HG8245W5-6T;-;D1C021;;MENENDEZ REINA RITA DEL CARMEN;MICHELLE ANGGYE MINCHALA FUENTES;R2;;renuncia;48575443197A11AA;Assigned;0019712310;GPON;0985134079;E032-CAC POLICENTRO;mminchaf
2026;2026;julio;2;WO0000001825126;1;Gestión de Retención;RECHAZO;RECHAZADO;TRASLADO FUERA DE COBERTURA;Gestión Retención;Intención de renuncia - Instant Call;Inconformidad con el servicio;CICLO FMC DIA 6-5;8;2P INTERNET 550MBPS + ECDF GPON JUN26;Internet;5/7/2025;2/7/2026 12:20:54;13/8/2026;3/8/2026 19:14:19;Origen_Asesores_CAC;Destino_RetInstantCall_RET;;CEDULA;1001244963;0927685875;;HUAWEI;HG8145X6-13;Traslado fuera de Cobertura;G2C002;IVAN EDUARDO GUEVARA ORTEGA;OTERO OTERO JUAN CARLOS;JENNIFER YULEIXY RAMIREZ HAVE;R2;Ntggcase 0999413508 / Id 3001247846/Rechazado Por Traslado Fuera De Cobertura - No Desea Beneficios - Se Le Informa Del Proceso De Renuncia Y Valores De Facturacion;instantcall;4857544340EBE0B2;Closed;0020868414;GPON;999413508;E024-CAC MALL DEL SOL;jramireh
2026;2026;agosto;18;WO0000001933777;1;;;NO CONTACTADO;;Gestión Retención;Intención de renuncia - Instant Call;Falla en el servicio - Imputables a claro;CICLO FMC DIA 26-25;0;3P TODO CLARO Super Conectado Pro TV Super GPON IPTV.1;Television;20/8/2022;18/8/2026 19:23:27;2/9/2026;18/8/2026 19:23:27;Origen_Asesores_CAC;Destino_RetInstantCall_RET;;CEDULA;2218829696;0926274028;;DECODIFICADOR IPTV;STB B866V2;-;G4C059;;ABRIL QUIMIS JOHANNA MARLENE;EVELIN NARCISA SUAREZ VELIZ;R2;;INSTANT CALL;ZTEATV41200765389;Assigned;0018827093;GPON;0961530266;E035-CAC RIOCENTRO NORTE;esuarezv
2026;2026;julio;26;WO0000001878496;1;Gestión de Retención;RETENIDO;RETENIDO;50% DE DESCUENTO POR 6 MESES;Gestión Retención;Intención de renuncia - Instant Call;Inconformidad de facturación;CICLO FMC DIA 11-10;8;BLINDAJE 3P TELEFONIA SIN LIMITES GPON ENE24 1.14;Telefonia;29/8/2022;26/7/2026 12:45:31;18/8/2026;3/8/2026 19:44:14;Origen_Asesores_CAC;Destino_RetInstantCall_RET;50% de descuento por 6 meses;CEDULA;45119576;0916166788;;ZTE;F6505N;;G4C037;MARIELA CAROLINA OLIVO OROZCO;REYES IZQUIERDO GISELLA SUGEY;PATRICIO DAVID POZO PARRA;R2;Ntgmolir 0997735536 / Id 1001042439  Cliente Accede A Mantener El Servicio Con Un Descuento Del 50% Por 6 Meses;Intención Renuncia;ZTEGD82A0DBA;Closed;0018866858;GPON;0997735536;E035-CAC RIOCENTRO NORTE;ppozor
2026;2026;agosto;13;WO0000001920793;1;Gestión de Retención;RETENIDO;RETENIDO;25% DE DESCUENTO POR 12 MESES;Gestión Retención;Intención de renuncia - Instant Call;Problemas económicos;CICLO FMC DIA 24-23;8;3P TODO CLARO Hiperconectado TV Maximo GPON IPTV.1;Television;14/7/2024;13/8/2026 15:33:39;31/8/2026;16/8/2026 2:47:21;Destino_RetInstantCall_RET;Destino_RetInstantCall_RET;25% de descuento por 12 meses;CEDULA;1000726419;0920251501;;DECODIFICADOR IPTV;STB B866V2;;G4C130;IVAN EDUARDO GUEVARA ORTEGA;CARDENAS SUAREZ CECILIA DE LOS ANGELES;IVAN EDUARDO GUEVARA ORTEGA;R2;Cliente Retenido Con El 25%De Descuento Por 12 Meses / 1001578839 - M,D;INSTANTCALL;ZTEATV41200792970;Closed;0020212387;GPON;0993104954;CANTEC UIO;ntgigueo
2026;2026;agosto;3;WO0000001895928;1;Gestión de Retención;RECHAZO;RECHAZADO;YA TIENE ORDEN DE BAJA INGRESADA;Gestión Retención;Intención de renuncia - Instant Call;Cierre de negocio;CICLO FMC DIA 11-10;8;3P NUEVA TV SUPER GPON ABR25 8;Television;29/12/2021;3/8/2026 12:37:54;18/8/2026;6/8/2026 2:46:18;Origen_Asesores_CAC;Destino_RetInstantCall_RET;;CEDULA;2217988764;1720296159;;DECODIFICADOR IPTV;STB B866V2;Ya tiene orden de baja ingresada;U5C053;IVAN EDUARDO GUEVARA ORTEGA;GUALPA CANDO VICTOR ALFONSO;LUIS EDUARDO GAIBOR ALBAN;R1;Ntgmdomc / Contacto: 0992771395 /   Id De Llamada: 3001462027 - 3001507098 / Cliente Con Renuncia Ingresada, Se Brinda Informacion Del Proceso Que Le Generaron Y Se Acerara A Agencia A Cancelar Valor De Permin En 48 H, Se Menciona Sobre Ultima Factura Por Mora Y Reactivacion, Acepta Todo El Proceso;instant call;ZTEATV41200100409;Closed;0018715546;GPON;0988868957;E163-CAC EL PORTAL;lgaibora
2026;2026;septiembre;18;WO0000002035396;1;;;NO CONTACTADO;;Gestión Retención;Intención de renuncia - Instant Call;Problemas económicos;CICLO FMC DIA 26-25;0;3P TELEFONIA SIN LIMITES  GPON ABR25 8;Telefonia;13/9/2020;18/9/2026 19:34:15;3/10/2026;18/9/2026 19:34:15;Origen_Asesores_CAC;Destino_RetInstantCall_RET;;CEDULA;25127610;1710418482;;ZTE;F6505N;-;U02017;;LLERENA VEINTIMILLA SONIA MALENA;MARCO ARMANDO GONZALEZ CASTRO;R1;;instant call;ZTEGD829DC9B;Assigned;0017175425;GPON;0994572773;E079-CAC MALL JARDIN;mgonzalc
2026;2026;julio;13;WO0000001849482;1;Gestión de Retención;RECHAZO;RECHAZADO;CLIENTE INGRESARÁ RECLAMO;Gestión Retención;Intención de renuncia - Instant Call;Información incorrecta en el proceso de ventas;CICLO FMC DIA 21-20;8;2P CONVERGENTE GPON INT 300 MBPS + ECDF NOV25 70;Internet;19/5/2026;13/7/2026 16:42:04;28/7/2026;3/8/2026 19:28:25;Origen_Asesores_CAC;Destino_RetInstantCall_RET;;CEDULA;1001650613;0912770070;;HUAWEI;HG8145X6-13;Cliente ingresará reclamo;G4C109;IVAN EDUARDO GUEVARA ORTEGA;GARCIA ROSADO ERNESTO CESARIO;MARIA JOSE VERDUGA VIERA;R2;Ntgmdomc / Contacto: 0967709635 /   Id De Llamada: 2001511029 / Cliente No Desea Que Se Ingrese La Renuncia Porque  Solicitara Una Sda En Agencia Por Mala Informacion En El Proceso De Ventas, No Accede A Cambiar Su Plan Ya Que Le Ofrecieron Uno Mas Economico Que El Que Mantiene;INSTANT CALL;48575443CD54CDB1;Closed;0021438837;GPON;0994916536;E017-CAC 9 DE OCTUBRE 1;mverdugv
2026;2026;julio;22;WO0000001871475;1;Gestión de Retención;No contactado;NO CONTACTADO;NO CONTACTADO;Gestión Retención;Intención de renuncia - Instant Call;Viaje;CICLO FMC DIA 17-16;8;1P TODO CLARO HIPERCONECTADO 400 MBPS + ECDF JUN26;Internet;9/5/2024;22/7/2026 18:21:47;24/8/2026;3/8/2026 19:40:43;Origen_Asesores_CAC;Destino_RetInstantCall_RET;;CEDULA;1000653705;0951915115;;HUAWEI;HG8245W5;No contactado;G2C030;IVAN EDUARDO GUEVARA ORTEGA;TRIVIÑO GONZALEZ MARIA SOLEDAD;JONATHAN EDDIE ESPINOZA LEON;R2;Ntggcase 0987981171/0999395716/0985789249 / Id 2001066812-2001069031-2001071502/Primer Numero No Contesta, Se Deja Mensaje De Voz. Segundo Y Tercer Numero Va Directo A Buzon, Se Deja Mensaje De Voz.;ANULACION SERVICIO DE INTERNET CONTACTO 0987981171;48575443C97BBAA6;Closed;0020080919;GPON;0985789249;E034-CAC RIOCENTRO ENTRE RIOS;jespinol
2026;2026;julio;6;WO0000001833932;1;Gestión de Retención;RECHAZO;RECHAZADO;ATIENDE TERCERA PERSONA;Gestión Retención;Intención de renuncia - Instant Call;Problemas económicos;CICLO FMC DIA 28-27;8;1P ADULTO MAYOR GPON INTERNET 550 MBPS AGO25 10;Internet;26/10/2025;6/7/2026 16:58:26;4/8/2026;3/8/2026 19:19:32;Origen_Asesores_CAC;Destino_RetInstantCall_RET;;CEDULA;1001410025;1703642288;;ZTE;F6505N;Atiende Tercera Persona;U2C187;IVAN EDUARDO GUEVARA ORTEGA;TAIPE VILLEGAS CARMEN AMELIA;SHEYLA BRIGITTE ANDRADE FONTE;R1;Ntggcase 0999886939 / Id 1001088494/Atiende Tercera Persona, Titular No Puede Validar Datos;INSTANT CALL;ZTEGD82A213C;Closed;0021058040;GPON;0999886939;E066-CAC EL BOSQUE;sandradf
2026;2026;julio;20;WO0000001865013;1;Gestión de Retención;NO RETENIDO;NO RETENIDO;PROBLEMAS ECONÓMICOS;Gestión Retención;Intención de renuncia - Instant Call;Problemas económicos;CICLO FMC DIA 11-10;8;3P TODO CLARO Esencial Pro TV Extra GPON IPTV.1;Television;28/12/2023;20/7/2026 13:49:02;18/8/2026;3/8/2026 19:37:07;Origen_Asesores_CAC;Destino_RetInstantCall_RET;;CEDULA;1000508693;0202010047;;DECODIFICADOR IPTV;STB B866V2;Problemas Económicos;U1C115;IVAN EDUARDO GUEVARA ORTEGA;MORENO VACA FRANCISCO ALEJANDRO;DHONY OSWALDO OCHOA RAGUA;R1;Ntggcase 0995253888 / Id 3001835268/Cliente Se Mudo A Un Lugar Donde Ya Tiene Servicio De Internet, Se Aplica Herramientas De Retencion Pero Cliente No Acepta. Se Ingresa La Orden De Renuncia Y Se Indica Los Valores A Pagar.;Cliente desea hacer el cierre del servicio de la television;ZTEATV41200770434;Closed;0019733914;GPON;0995253888;E066-CAC EL BOSQUE;dochoar
2026;2026;julio;6;WO0000001832180;1;Gestión de Retención;RETENIDO;RETENIDO;25% DE DESCUENTO POR 12 MESES;Gestión Retención;Intención de renuncia - Instant Call;Problemas económicos;CICLO FMC DIA 24-23;8;3P CONVERGENTE GPON TELF SIN LIMITES NOV25 72;Telefonia;16/12/2025;6/7/2026 10:25:23;31/7/2026;3/8/2026 19:18:33;Destino_RetInstantCall_RET;Destino_RetInstantCall_RET;25% de descuento por 12 meses;CEDULA;25005466;1719206771;;HUAWEI;HG8145X6-13;;U5C145;MARIELA CAROLINA OLIVO OROZCO;BARRERA FIGUEROA JOSE DAVID;MARIELA CAROLINA OLIVO OROZCO;R1;Ntgmolir 0983320813 / Id 3001905143 Cliente Va A Mantener Los Servicios Activos Con Un Descuento Del 25% Por 12 Meses;INSTANTCALL;48575443489BA8B4;Closed;0021167653;GPON;0983320813;CANTEC UIO;ntgmolir
2026;2026;septiembre;16;WO0000002026352;1;;;NO CONTACTADO;;Gestión Retención;Intención de renuncia - Instant Call;Traslado fuera de cobertura;CICLO FMC DIA 26-25;0;Plan Hogar Ilimitado Plus GPON MAY24 1,48;Telefonia;12/1/2022;16/9/2026 14:27:36;3/10/2026;16/9/2026 14:27:37;Origen_Asesores_CAC;Destino_RetInstantCall_RET;;CEDULA;25124227;1717933228;;HUAWEI;HG8145X6-10;-;U04110;;PACHACAMA PAREDES ALEJANDRA ARACELY;LAURA MARCELA EGAS POSLIGUA;R1;;instacall;48575443503C9CB0;Assigned;0017591911;GPON;0998701393;E079-CAC MALL JARDIN;legasp
2026;2026;julio;2;WO0000001825366;1;Gestión de Retención;RECHAZO;RECHAZADO;TRASLADO FUERA DE COBERTURA;Gestión Retención;Intención de renuncia - Instant Call;Cierre de negocio;CICLO FMC DIA 2-1;8;Internet 550 Mbps  JUN26;Internet;9/4/2025;2/7/2026 13:25:40;9/8/2026;3/8/2026 19:14:26;Origen_Asesores_CAC;Destino_RetInstantCall_RET;;CEDULA;1001108786;1317045944;;HUAWEI;HG8145X6-13;Traslado fuera de Cobertura;U1C247;IVAN EDUARDO GUEVARA ORTEGA;ALAVA PIN IVER STEVEN;PAUL ALFREDO PINO LAGUATASIG;R1;Ntgmdomc / Contacto: 0939919030 /   Id De Llamada: 3001272864 / Rechazado Por Traslado Fuera De Cobertura, Cliente No Desea Retencion Y Cancelara Valores De Vigecia Y Financiamiento Por Agencia;renuncia - Instant Call;48575443CD4B08B1;Closed;0021159981;GPON;0939919030;E066-CAC EL BOSQUE;ppinol
2026;2026;julio;5;WO0000001831165;1;Gestión de Retención;RETENIDO;RETENIDO;50% DE DESCUENTO POR 6 MESES;Gestión Retención;Intención de renuncia - Instant Call;Inconformidad con el servicio;CICLO FMC DIA 26-25;8;Internet 850 Mbps + ECDF JUN26;Internet;20/9/2022;5/7/2026 12:57:06;2/8/2026;3/8/2026 19:17:48;Origen_Asesores_CAC;Destino_RetInstantCall_RET;50% de descuento por 6 meses;CEDULA;2218920591;1206524256;;HUAWEI;HG8145X6-13;;VN1C004;MARIELA CAROLINA OLIVO OROZCO;LOOR GARCIA FERNANDO PATRICIO;DIEGO ABEL HERRERIA JACOME;R2;Ntgmolir 0982841693 / Id 3001935409 Cliente Accede A Mantener El Servicio Activo Con Un Mantenimiento De Servicios Y Un Descuento Del 50% Por 6 Meses;INSTALL CALL;485754434F3B13B4;Closed;0019090251;GPON;0982841693;E049-CAC PASEO BABAHOYO;dherrerj
2026;2026;julio;15;WO0000001853306;1;Gestión de Retención;RECHAZO;RECHAZADO;TRASLADO FUERA DE COBERTURA;Gestión Retención;Intención de renuncia - Instant Call;Traslado fuera de cobertura;CICLO FMC DIA 26-25;8;BLINDAJE 3P TELEFONIA SIN LIMITES GPON ENE24 1.4;Telefonia;7/4/2025;15/7/2026 11:02:41;2/8/2026;3/8/2026 19:30:39;Origen_Asesores_CAC;Destino_RetInstantCall_RET;;CEDULA;45176649;1200124830;;HUAWEI;HG8145X6-13;Traslado fuera de Cobertura;G01025;IVAN EDUARDO GUEVARA ORTEGA;RIQUERO CASTRO PEDRO RAUL;ALBA VIVIANA LEON ZAMBRANO;R2;Ntggcase 0995572052 / Id 2001857152//Cliente Indica Que En Tres Visitas De Los Técnicos No Se Pudo Realizar El Traslado De Su Servicio, Intentaron En Varios Puntos De La Casa, Pero No Llega La Cobertura. No Acepta Beneficios Por Lo Que Se Ingresa Renuncia Y Se Indica Los Valores A Pagar.;INSTAN CALL;48575443BFDD10B1;Closed;0017410134;GPON;0995572052;E024-CAC MALL DEL SOL;aleonunz
2026;2026;julio;14;WO0000001851210;1;Gestión de Retención;NO RETENIDO;NO RETENIDO;PROBLEMAS ECONÓMICOS;Gestión Retención;Intención de renuncia - Instant Call;Problemas personales;CICLO FMC DIA 6-5;8;1P TODO CLARO HIPERCONECTADO 400 MBPS + ECDF JUN26;Internet;4/7/2024;14/7/2026 12:44:43;13/8/2026;3/8/2026 19:29:26;Origen_Asesores_CAC;Destino_RetInstantCall_RET;;CEDULA;1000713355;1801671387;;HUAWEI;HG8145X6-10;Problemas Económicos;U4C009;IVAN EDUARDO GUEVARA ORTEGA;IBARRA RAMIREZ WALTER WILFRIDO;CARLOS ALEXANDER FERNANDEZ REDIN;R1;Ntggcase 0998524067 / Id 2001658582/Cliente Molesto, Ya No Desea Continuar Con El Servicio, Ha Tenido Varios Problemas Con Claro, Desde Que Le Instalaron Dos Servicios Que No Requeria Y No Poder Hacer El Traslado Por Falta De Cobertura. Se Le Indica El Proceso De Renuncia Y El Valor A Pagar;CLIENTE SOLCITA BAJA DE SERVICIOS FIJOS / CONTACTO 0998524067;4857544343B8C4B0;Closed;0020992533;GPON;0998524067;CACS R1;cfernanr
2026;2026;julio;23;WO0000001872300;1;Gestión de Retención;RECHAZO;RECHAZADO;YA TIENE ORDEN DE BAJA INGRESADA;Gestión Retención;Intención de renuncia - Instant Call;Falta de uso;CICLO FMC DIA 26-25;8;2P - TELEF VOZ BASICA GPON MAR24;Telefonia;16/8/2022;23/7/2026 10:14:05;2/9/2026;3/8/2026 19:41:03;Origen_Asesores_CAC;Destino_RetInstantCall_RET;;CEDULA;25190129;1758559627;;HUAWEI;HG8145X6-13;Ya tiene orden de baja ingresada;U01056;IVAN EDUARDO GUEVARA ORTEGA;MARQUEZ ARENAS JOSE DANIEL;KATHERINE JOHANA MERCADO OLIVARES;R1;Ntgmdomc / Contacto: 0979670498 /  Se Rechaza Ya Que Cliente Ya Cuenta Con Ordenes De Renuncia, Ya Fue Atendido Wo0000001863024;cliente solicita la renuncia del servicio de telefonia;485754436647B1B3;Closed;0018347030;GPON;0979670498;E066-CAC EL BOSQUE;kmercado
2026;2026;julio;15;WO0000001853329;1;Gestión de Retención;RECHAZO;RECHAZADO;SOLO SOLICITA INFORMACIÓN;Gestión Retención;Intención de renuncia - Instant Call;Falla en el servicio - Imputables a claro;CICLO FMC DIA 2-1;8;Internet 1000 Mbps + MAX JUN26;Internet;10/1/2026;15/7/2026 11:08:26;9/8/2026;3/8/2026 19:30:40;Origen_Asesores_CAC;Destino_RetInstantCall_RET;;CEDULA;1001476377;1712869872;;HUAWEI;HG8145X6-13;Solo solicita Información;U4C009;MARIELA CAROLINA OLIVO OROZCO;SALVADOR SALVADOR ESTUARDO;MARCO ARMANDO GONZALEZ CASTRO;R1;Ntgmolir 0991961525 / Id 2001867322 Cliente Indica Que No Puede Cumplir Con Los Tiempos Del Proceso De Eliminacion De Servicios Indica Que Se Va A Cercar El Dia Lunes A La Agencia Para Que Se Le Realice El Proceso Nuevamente Se Le Ofrece Herramientas De Retencion Las Cuales No Accede Se Le Idnica Que No Se Ingresa Proceso De Eliminacion Esta De Acuerdo;instant call;485754436E09A8B4;Closed;0021177838;GPON;0991961525;E079-CAC MALL JARDIN;mgonzalc
2026;2026;agosto;11;WO0000001914028;1;Gestión de Retención;RETENIDO;RETENIDO;25% DE DESCUENTO POR 12 MESES;Gestión Retención;Intención de renuncia - Instant Call;Falta de uso;CICLO FMC DIA 11-10;8;BLINDAJE 2P TV SUPER HFC 1.21;Television;21/9/2022;11/8/2026 13:19:02;18/9/2026;24/8/2026 2:45:16;Origen_Asesores_CAC;Destino_RetInstantCall_RET;25% de descuento por 12 meses;CEDULA;1000092191;1719506485;;Motorola DCX525e Two Way;DCX525e-Two-Way;;U01023;IVAN EDUARDO GUEVARA ORTEGA;CARVAJAL GAIBOR JAHAIRA ESTEFANIA;KATHERINE JOHANA MERCADO OLIVARES;R1;Ntgmolir 0987221118 / Id 3001281781 Cliente Accede A Mantener El Servicio Con Un Descuento Del 205% Por 12 Meses Y Un Mantenimiento De Servicio De Tv Con Cambio De Control;cliente solicita la renuncia tota de la tv sin uso;M91828ERX753;Closed;0017866687;HFC;0987221118;E066-CAC EL BOSQUE;kmercado
2026;2026;julio;20;WO0000001864422;1;Gestión de Retención;RETENIDO;RETENIDO;CON EL MISMO SERVICIO;Gestión Retención;Intención de renuncia - Instant Call;Problemas económicos;CICLO FMC DIA 8-7;8;3P TODO CLARO Esencial Pro TV Extra GPON IPTV.1;Television;15/12/2024;20/7/2026 11:49:36;15/8/2026;3/8/2026 19:36:47;Destino_RetInstantCall_RET;Destino_RetInstantCall_RET;Con el mismo servicio;CEDULA;1000942502;0954313417;;DECODIFICADOR IPTV SEI ROBOTICS;SEI800AMX;;G05035;IVAN EDUARDO GUEVARA ORTEGA;PODESTA ALAVA JEREMY ANTHONY;IVAN EDUARDO GUEVARA ORTEGA;R2;Ntgmdomc / Contacto: 0963788997 /   Id De Llamada: 3001762052 / Cliente Desiste De Sus Servicios Por Motivo De Que Se Cambio De Domicilio, No Accede A Herramientas De Retencion Y Se Menciona De La Ultima Factura De Telefonia Postpagada;RETENCION;GZ24050532703665;Closed;0021005039;GPON;0985510485;;ntgigueo
2026;2026;julio;20;WO0000001865008;1;Gestión de Retención;NO RETENIDO;NO RETENIDO;PROBLEMAS ECONÓMICOS;Gestión Retención;Intención de renuncia - Instant Call;Problemas económicos;CICLO FMC DIA 11-10;8;3P TODO CLARO Esencial Pro 400 Mbps GPON;Internet;28/12/2023;20/7/2026 13:47:53;18/8/2026;3/8/2026 19:37:07;Origen_Asesores_CAC;Destino_RetInstantCall_RET;;CEDULA;1000509202;0202010047;;ZTE;F680V6;Problemas Económicos;U1C115;IVAN EDUARDO GUEVARA ORTEGA;MORENO VACA FRANCISCO ALEJANDRO;DHONY OSWALDO OCHOA RAGUA;R1;Ntggcase 0995253888 / Id 3001835268/Cliente Se Mudo A Un Lugar Donde Ya Tiene Servicio De Internet, Se Aplica Herramientas De Retencion Pero Cliente No Acepta. Se Ingresa La Orden De Renuncia Y Se Indica Los Valores A Pagar.;Cliente desea hacer el cierre del servicio de INTERNET;ZTEGD1C96724;Closed;0019733914;GPON;0995253888;E066-CAC EL BOSQUE;dochoar
2026;2026;agosto;4;WO0000001899870;1;Gestión de Retención;NO RETENIDO;NO RETENIDO;CAMBIO DE PROVEEDOR;Gestión Retención;Intención de renuncia - Instant Call;Problemas económicos;CICLO FMC DIA 26-25;8;Internet 100 Mbps MAR26;Internet;14/6/2019;4/8/2026 17:33:22;2/9/2026;16/8/2026 2:45:09;Origen_Asesores_CAC;Destino_RetInstantCall_RET;;CEDULA;2212707508;1718527730;;HUAWEI;HG8145X6-13;Cambio de Proveedor;U5C319;IVAN EDUARDO GUEVARA ORTEGA;COLLAGUAZO LLAMUCO DARWIN BENJAMIN;MARIA DE LOS ANGELES BAQUERIZO ORTIZ;R1;Id De Llamada: 1001571082 / Cliente Desiste De Sus Servicios Por Motivo De Que Se Cambio De Domicilio Donde Ya Tiene Otro Servicio A Nombre De Otra Persona // M.D;instancall;48575443709379B3;Closed;0017264450;GPON;0994826893;E070-CAC QUICENTRO SUR;mbaquero
2026;2026;agosto;11;WO0000001913379;1;Gestión de Retención;No contactado;NO CONTACTADO;NO CONTACTADO;Gestión Retención;Intención de renuncia - Instant Call;Cambio de proveedor;CICLO FMC DIA 11-10;8;1 PLAY - TODO CLARO Internet 400 Mbps GPON;Internet;7/3/2019;11/8/2026 11:04:12;18/9/2026;24/8/2026 2:45:15;Origen_Asesores_CAC;Destino_RetInstantCall_RET;;CEDULA;2211739923;0700877368;;HUAWEI;HG8145X6-13;No contactado;U01020;IVAN EDUARDO GUEVARA ORTEGA;NOVILLO VALAREZO MARIA DEL CARMEN;CRISTIAN ALEXIS GARCIA PAZOS;R1;Ntgmolir 0967355933 / Cliente Atendido En La Orden Wo0000001914286;su ayuda con rennucia del servicio;485754433E3D48B2;Closed;0017924814;GPON;0967355933;E066-CAC EL BOSQUE;cgarciap
2026;2026;julio;15;WO0000001853274;1;Gestión de Retención;RECHAZO;RECHAZADO;TRASLADO FUERA DE COBERTURA;Gestión Retención;Intención de renuncia - Instant Call;Problemas económicos;CICLO FMC DIA 26-25;8;Internet 1024 Mbps MAR26;Internet;7/4/2025;15/7/2026 10:59:44;2/8/2026;3/8/2026 19:30:39;Origen_Asesores_CAC;Destino_RetInstantCall_RET;;CEDULA;1001104895;1200124830;;HUAWEI;HG8145X6-13;Traslado fuera de Cobertura;G01025;IVAN EDUARDO GUEVARA ORTEGA;RIQUERO CASTRO PEDRO RAUL;ALBA VIVIANA LEON ZAMBRANO;R2;Ntggcase 0995572052 / Id 2001857152//Cliente Indica Que En Tres Visitas De Los Técnicos No Se Pudo Realizar El Traslado De Su Servicio, Intentaron En Varios Puntos De La Casa, Pero No Llega La Cobertura. No Acepta Beneficios Por Lo Que Se Ingresa Renuncia Y Se Indica Los Valores A Pagar.;INSTANT CALL;48575443BFDD10B1;Closed;0017410134;GPON;0995572052;E024-CAC MALL DEL SOL;aleonunz
2026;2026;agosto;3;WO0000001897277;1;Gestión de Retención;RETENIDO;RETENIDO;DOWNGRADE;Gestión Retención;Intención de renuncia - Instant Call;Inconformidad con el servicio;CICLO FMC DIA 11-10;8;Plan Hogar Ilimitado Plus GPON MAY24 1,48;Telefonia;30/4/2022;3/8/2026 18:04:05;18/8/2026;6/8/2026 2:47:53;Origen_Asesores_CAC;Destino_RetInstantCall_RET;Downgrade;CEDULA;45079207;0917478695;;HUAWEI;HG8145X6-10;;G01012;IVAN EDUARDO GUEVARA ORTEGA;PEÑAFIEL BURGOS DIGNA JACQUELINE;EVELIN NARCISA SUAREZ VELIZ;R2;Ntgmdomc / Contacto: 0994342012 /   Id De Llamada: 3001599103 - 3001608736 / Cliente Retenido Con Cambio De Plan Programado Al Corte 100163531 - 2p $20 Todo Claro Gpon- Int 850mbps+Ecdf+Telf Sin Limites Jun26, Se Menciona Sobre Factura De Telefonia Fija Postpagada;intencion de renuncia;48575443644C0AAF;Closed;0017726497;GPON;0994342012;E035-CAC RIOCENTRO NORTE;esuarezv
2026;2026;agosto;4;WO0000001898669;1;Gestión de Retención;No contactado;NO CONTACTADO;NO CONTACTADO;Gestión Retención;Intención de renuncia - Instant Call;Problemas económicos;CICLO FMC DIA 26-25;8;2P - TELEF HOGAR ILIMITADO GPON MAR24;Telefonia;2/7/2011;4/8/2026 12:34:25;2/9/2026;7/8/2026 2:46:30;Origen_Asesores_CAC;Destino_RetInstantCall_RET;;CEDULA;25101205;1714816608;;ZTE;F6505N;No contactado;U01116;IVAN EDUARDO GUEVARA ORTEGA;GALLEGOS RUEDA MARIA BELEN;MARCO ARMANDO GONZALEZ CASTRO;R1;Ntggcase 0969054326 / Id 3001736723/No Contesta - Se Realizan Varias Marcaciones Se Deja Buzon De Voz;instant call;ZTEGDA1C7C6C;Closed;0017335806;GPON;0969054326;E079-CAC MALL JARDIN;mgonzalc
2026;2026;agosto;24;WO0000001956529;1;;;NO CONTACTADO;;Gestión Retención;Intención de renuncia - Instant Call;Problemas económicos;CICLO FMC DIA 26-25;0;Internet 750 Mbps MAR26;Internet;24/5/2017;24/8/2026 11:33:21;3/10/2026;24/8/2026 11:33:22;Origen_Asesores_CAC;Destino_RetInstantCall_RET;;CEDULA;2208157727;1701789354;;ZTE;F680V6;-;U03049;;CERON HINOJOSA SEGUNDO LUIS;DANNY SANTIAGO PAZMIÑO PAREDES;R1;;Instant Call;ZTEGD4B5220C;Assigned;0017321588;GPON;0995003442;E079-CAC MALL JARDIN;dpazminp
2026;2026;agosto;24;WO0000001956126;1;;;NO CONTACTADO;;Gestión Retención;Intención de renuncia - Instant Call;Problemas económicos;CICLO FMC DIA 26-25;0;SUPER TV IPTV GPON;Television;18/12/2021;24/8/2026 10:25:39;3/10/2026;24/8/2026 10:25:40;Origen_Asesores_CAC;Destino_RetInstantCall_RET;;CEDULA;2217976568;0905300182;;DECODIFICADOR IPTV;STB B866V2;-;G4C009;;MINA QUINTERO CRISTOBAL IDALGO;KEYLI DOMENICA GUILLEN CASTRO;R2;;SOLICITA ANULACION DE SERVICIOS CONTACTO 981700257;ZTEATV41200094616;Assigned;0019003317;GPON;0981700257;CAC MALL DEL NORTE;kguillec
2026;2026;agosto;11;WO0000001913723;1;Gestión de Retención;No contactado;NO CONTACTADO;NO CONTACTADO;Gestión Retención;Intención de renuncia - Instant Call;Problemas económicos;CICLO FMC DIA 26-25;8;1P - INTERNET 400 Mbps;Internet;21/10/2021;11/8/2026 12:09:26;2/9/2026;24/8/2026 2:45:16;Origen_Asesores_CAC;Destino_RetInstantCall_RET;;CEDULA;2217724345;0602934556;;HUAWEI;HG8145X6-10;No contactado;U05077;IVAN EDUARDO GUEVARA ORTEGA;FLOR ROMERO PAUL JAVIER;MARIA DE LOS ANGELES BAQUERIZO ORTIZ;R1;Ntgmolir 987885966 / Id 3001278126 Cliente No Contesta Se Deja Mensaje De Voz;instancall;48575443EBE0C9AF;Closed;0017924329;GPON;987885966;E070-CAC QUICENTRO SUR;mbaquero
2026;2026;julio;2;WO0000001826529;1;Gestión de Retención;RETENIDO;RETENIDO;CON EL MISMO SERVICIO;Gestión Retención;Intención de renuncia - Instant Call;Problemas económicos;CICLO FMC DIA 2-1;8;3P TODO CLARO Super Conectado Pro Hogar Sin Limites GPON.1;Telefonia;6/12/2023;2/7/2026 18:49:02;9/8/2026;3/8/2026 19:15:05;Destino_RetInstantCall_RET;Destino_RetInstantCall_RET;Con el mismo servicio;CEDULA;25176957;1711598050;;HUAWEI;HG8145X6-13;;U1C023;IVAN EDUARDO GUEVARA ORTEGA;SEGURA GOYES IRENE MARIA;IVAN EDUARDO GUEVARA ORTEGA;R1;Ntggcase 0999618988 / Id 3001358858/No Se Ingresa La Baja, Los Servicios Quedan Como Se Encuentra;INSTANCALL;48575443665079B3;Closed;0020202569;GPON;0999618988;CANTEC UIO;ntgigueo
2026;2026;julio;5;WO0000001831666;1;Gestión de Retención;NO RETENIDO;NO RETENIDO;CAMBIO DE PROVEEDOR;Gestión Retención;Intención de renuncia - Instant Call;Problemas económicos;CICLO FMC DIA 26-25;8;Plan Voz 250 GPON MAY24 1.11;Telefonia;18/6/2017;5/7/2026 18:40:24;2/8/2026;3/8/2026 19:18:15;Origen_Asesores_CAC;Destino_RetInstantCall_RET;;CEDULA;25126094;1720279684;;HUAWEI;HG8145X6-10;Cambio de Proveedor;U1C020;IVAN EDUARDO GUEVARA ORTEGA;HIDALGO PIEDRA NANCY CRISTINA;JOSE DAVID TINAJERO BARAHONA;R1;Ntgmdomc / Contacto: 0963985548 /   Id De Llamada: 3001942091 / Cliente Desiste De Sus Servicios Por Motivo De Que Contrato Con Otro Proveedor, Asesores Le Ofrecieron Otro Servicio Y No Le Instalaron;INSTAN CALL;485754439752B6B0;Closed;0021313200;GPON;0994387327;E163-CAC EL PORTAL;jtinajea
2026;2026;julio;8;WO0000001838341;1;Gestión de Retención;RETENIDO;RETENIDO;CON EL MISMO SERVICIO;Gestión Retención;Intención de renuncia - Instant Call;Problemas económicos;CICLO FMC DIA 17-16;8;2P CONVERGENTE GPON INT 1024 MBPS + ECDF NOV25 94;Internet;15/4/2026;8/7/2026 13:33:12;24/7/2026;3/8/2026 19:21:52;Origen_Asesores_CAC;Destino_RetInstantCall_RET;Con el mismo servicio;CEDULA;1001607382;1711010353;;ZTE;F6505N;;U5C261;IVAN EDUARDO GUEVARA ORTEGA;RUIZ ZAMBRANO DORIS PAULINA;MARCO ARMANDO GONZALEZ CASTRO;R1;Ntgmdomc / Contacto: 0986817483 /   Id De Llamada: 1001476702 - 1001473492 / Cliente Se Mantiene Con  Sus Servicios, Se Brinda Informacion De Los Planes Que Mantenemos Y Que Se Le Puede Realizar El Cambio, Cliente Indica Que Validara Lo Que Mejor Le Conviene Y Se Volvera A Comunicar Ya Que Desea Un Paquete De Discapacidad De La Cual Indica Que Agencia No Le Puede Realizar;instant call;ZTEGDA1C5D81;Closed;0021382473;GPON;0986817483;E079-CAC MALL JARDIN;mgonzalc
2026;2026;julio;1;WO0000001824010;1;Gestión de Retención;RETENIDO;RETENIDO;TRASLADO;Gestión Retención;Intención de renuncia - Instant Call;Traslado fuera de cobertura;CICLO FMC DIA 26-25;8;3P NUEVA TV SUPER GPON OTT ABR259;Television;1/2/2026;1/7/2026 18:48:46;2/8/2026;3/8/2026 19:13:36;Destino_RetInstantCall_RET;Destino_RetInstantCall_RET;Traslado;CEDULA;1001513433;1706362884;;DECODIFICADOR IPTV SEI ROBOTICS;SEI800AMX;;U4C091;IVAN EDUARDO GUEVARA ORTEGA;EGAS GRANJA CARLOS HERNAN;IVAN EDUARDO GUEVARA ORTEGA;R1;Ntggcase 0984609709 / Id 3001122087/Cliente Retenido Con Tralado Sin Costo Y 1tb Por Un Mes Al 100%;INSTANCALL;GZ25030231724249;Closed;0021234273;GPON;0984609709;;ntgigueo
2026;2026;agosto;3;WO0000001895834;1;Gestión de Retención;RECHAZO;RECHAZADO;TRASLADO FUERA DE COBERTURA;Gestión Retención;Intención de renuncia - Instant Call;Traslado fuera de cobertura;CICLO FMC DIA 15-14;8;Internet 400 Mbps + ECDF JUN26;Internet;19/5/2025;3/8/2026 12:17:42;22/8/2026;6/8/2026 2:46:10;Origen_Asesores_CAC;Destino_RetInstantCall_RET;;CEDULA;1001169559;1719831065;;ZTE;F6505N;Traslado fuera de Cobertura;U3C006;IVAN EDUARDO GUEVARA ORTEGA;PACHECO TOAPANTA OSCAR XAVIER;DHONY OSWALDO OCHOA RAGUA;R1;Ntgmdomc / Contacto: 0990533941 /   Id De Llamada: 3001450056 / Cliente Desiste Por Cambio De Domicilio Donde No Tuvo Cobertura, No Accede A Herramientas De Retencion Y Se Menciona Valor De Permin El Cual Se Acercara A Agencia Para La Devolucion Del Valor Y Volver A Cancelar Con Eso Ya Que Anteriormente Ya Hizo La Renuncia Pero Le Indicaron Que Para Que Se Rebaje La Deuda Le Dan Suspension Temporal, Se Menciona Valores De Reactivacion Por La Suspension Temporal;Cliente desea hacer el cierre del servicio del  Internet;ZTEGD829DBE2;Closed;0021300602;GPON;0990533941;E066-CAC EL BOSQUE;dochoar
2026;2026;julio;28;WO0000001882249;1;Gestión de Retención;RECHAZO;RECHAZADO;ATIENDE TERCERA PERSONA;Gestión Retención;Intención de renuncia - Instant Call;Viaje;CICLO FMC DIA 11-10;8;Internet 800 Mbps MAR26;Internet;6/1/2023;28/7/2026 10:06:39;18/8/2026;3/8/2026 19:46:16;Origen_Asesores_CAC;Destino_RetInstantCall_RET;;CEDULA;1000178462;1700376385;;HUAWEI;HG8245W5-6T;Atiende Tercera Persona;U4C003;MARIELA CAROLINA OLIVO OROZCO;SALAS JARRIN EMERIDA HORTENSIA;CARLA ALEJANDRA VELA GARZON;R1;"Ntgmolir 0995888818 / Id 1001441553 Se Realiza Comunicación La Persona Titular Tiene 95 Años Indica El Hijo Que Tuvo Un Accidente Y No Se Puede Acercar A La Agencia No Logra Escuchar Por Medio De La Llamda Se Le Indica Que Debe Acercarse Con Una Autorizacion Para Poder Realizar El Proceso De Manera Presencial 

Ntgmolir 0995888818 / Id 1001289514 Contesta Tercera Persona Indica Que Se Le Llame En Una Hora";CIERRE ENTREGA NUMERO DEL HIJO PARA QUE SE COMUNIQUEN CON ELLA;485754436680E5A8;Closed;0019192951;GPON;0995803377;E157-CAC ETECO;cvelag
2026;2026;septiembre;21;WO0000002042095;1;;;NO CONTACTADO;;Gestión Retención;Intención de renuncia - Instant Call;Traslado fuera de cobertura;CICLO FMC DIA 11-10;0;2P - TODO CLARO Esencial Plus TELF SIN LIMITES GPON JUL23.1;Telefonia;22/2/2024;21/9/2026 11:46:12;18/10/2026;21/9/2026 11:46:13;Origen_Asesores_CAC;Destino_RetInstantCall_RET;;CEDULA;25179723;1700635004;;HUAWEI;HG8245W5-6T;-;U2C018;;CALDERON SAA ANA BEATRIZ;GRACE ALICIA GUERRERO HERRERA;R1;;Instant Call;48575443FDF325AB;Assigned;0019933117;GPON;0998917884;E079-CAC MALL JARDIN;gguerreh
2026;2026;julio;2;WO0000001825345;1;Gestión de Retención;RETENIDO;RETENIDO;1 TB POR 1 MES (MANUAL);Gestión Retención;Intención de renuncia - Instant Call;Problemas económicos;CICLO FMC DIA 28-27;8;3P INTERNET 300 MBPS + ECDF GPON ABR25 2;Internet;26/3/2026;2/7/2026 13:16:30;4/8/2026;3/8/2026 19:14:26;Origen_Asesores_CAC;Destino_RetInstantCall_RET;1 TB POR 1 MES (Manual);CEDULA;1001582106;1711320174;;HUAWEI;HG8145X6-13;;U5C058;MARIELA CAROLINA OLIVO OROZCO;ZANDRA SUSANA CHAMORRO RAMIREZ;MARIA DE LOS ANGELES BAQUERIZO ORTIZ;R1;"Ntgmolir 0962887043 / Id 3001272671  Cliente Accede A Un Descuento De Tb Por 1 Mes 


Ntgmolir 0962887043 / Id 3001272671  Cliente Solicita Llamada Mañana";instancall;485754430CE5E7B4;Closed;0021339058;GPON;0962887043;E070-CAC QUICENTRO SUR;mbaquero
2026;2026;agosto;1;WO0000001893717;1;Gestión de Retención;No contactado;NO CONTACTADO;NO CONTACTADO;Gestión Retención;Intención de renuncia - Instant Call;Problemas económicos;CICLO FMC DIA 8-7;8;3P TODO CLARO NUEVA TV MAXIMO GPON JUL24 8.2;Television;7/12/2024;1/8/2026 17:51:56;15/8/2026;6/8/2026 2:45:13;Origen_Asesores_CAC;Destino_RetInstantCall_RET;;CEDULA;1000928966;0703451880;;DECODIFICADOR IPTV SEI ROBOTICS;SEI800AMX;No contactado;G4C040;IVAN EDUARDO GUEVARA ORTEGA;BENAVIDES ALCIVAR YESENIA ELIZABETH;MICHELLE FERNANDA VALLEJO CACERES;R2;Ntggcase 0939750685 / Id 3001394223/ Se Realiza Varios Intentos Y No Hay Respuesta, Se Deja Un Mensaje De Voz;tv no la usa por dano;GZ24050532701685;Closed;0020475639;GPON;0939750685;E035-CAC RIOCENTRO NORTE;mvalleja
2026;2026;septiembre;7;WO0000001997140;1;;;NO CONTACTADO;;Gestión Retención;Intención de renuncia - Instant Call;Problemas económicos;CICLO FMC DIA 15-14;0;Internet 550 Mbps  JUN26 1.0;Internet;11/2/2024;7/9/2026 11:12:29;22/9/2026;7/9/2026 11:12:30;Origen_Asesores_CAC;Destino_RetInstantCall_RET;;CEDULA;1000561706;1756598528;;HUAWEI;HG8145X6-13;-;U01149;;LOPEZ CLAVEL ANICETO;MARTIN NICOLAS LIMA DAVILA;R1;;CLIENTE DESEA CANCELAR EL SERVICIO. CONTACTO: 0967398582;4857544330457DB2;Assigned;0019863304;GPON;0987099495;E079-CAC MALL JARDIN;mlimaa
2026;2026;julio;25;WO0000001877621;1;Gestión de Retención;RETENIDO;RETENIDO;CON EL MISMO SERVICIO;Gestión Retención;Intención de renuncia - Instant Call;Problemas económicos;CICLO FMC DIA 24-23;8;1P  TODO CLARO Hiperconectado 400 Mbps + HBO MAX  GPON;Internet;21/7/2023;25/7/2026 15:31:42;31/8/2026;3/8/2026 19:43:48;Origen_Asesores_CAC;Destino_RetInstantCall_RET;Con el mismo servicio;CEDULA;1000360246;1717222002;;HUAWEI;HG8245W5-6T;;U5C089;MARIELA CAROLINA OLIVO OROZCO;BARAHONA PAREDES ELIZABETH DE LOS ANGELES;MARIA DE LOS ANGELES BAQUERIZO ORTIZ;R1;Ntgmolir 0996424540 / Id 1001026386 Cliente Accede A Mantener El Servicio Activo Tal Como Esta Con Un  Cambio De Nombre De Red;instancall;485754430A5CB3AA;Closed;0020257274;GPON;996424540;E070-CAC QUICENTRO SUR;mbaquero
2026;2026;julio;14;WO0000001851058;1;Gestión de Retención;RECHAZO;RECHAZADO;YA TIENE ORDEN DE BAJA INGRESADA;Gestión Retención;Intención de renuncia - Instant Call;Cierre de negocio;CICLO FMC DIA 26-25;8;SUPER PLAY NUEVA TV GPON;Television;27/2/2023;14/7/2026 11:53:42;2/8/2026;3/8/2026 19:29:20;Origen_Asesores_CAC;Destino_RetInstantCall_RET;;CEDULA;1000223697;0912081072;;DECODIFICADOR IPTV;STB B866V2;Ya tiene orden de baja ingresada;G4C009;MARIELA CAROLINA OLIVO OROZCO;VILLACIS PEÑAHERRERA LOLA KARINA;MICHELLE ANGGYE MINCHALA FUENTES;R2;Ntgmolir 0991123051 / Cliente Ya Fue Atendido En Kiosko Y Esta Ingresada La Baja De Todos Sus Servicios Fijos 3 Play;renuncia iptv;ZTEATV41201708636;Closed;0017842969;GPON;0991123051;E032-CAC POLICENTRO;mminchaf
2026;2026;julio;7;WO0000001836316;1;Gestión de Retención;NO RETENIDO;NO RETENIDO;VIAJE;Gestión Retención;Intención de renuncia - Instant Call;Viaje;CICLO FMC DIA 11-10;8;1PLAY - 550 Megas GPON JUN26 4.6;Internet;9/4/2024;7/7/2026 16:09:28;18/8/2026;3/8/2026 19:20:46;Origen_Asesores_CAC;Destino_RetInstantCall_RET;;CEDULA;1000621196;1700478355;;HUAWEI;HG8145X6-13;Viaje;U05148;MARIELA CAROLINA OLIVO OROZCO;MALDONADO PROAÑO MARTHA ELVIRA;LISSETH CAROLINA LUCERO GALINDO;R1;Ntgmolir 0987693477 / Id 1001302467  Cliente No Accede A Herramientas;INSTCALL;485754433E3EDEB2;Closed;0020048370;GPON;0987693477;E070-CAC QUICENTRO SUR;llucerog
2026;2026;agosto;24;WO0000001957880;1;;;NO CONTACTADO;;Gestión Retención;Intención de renuncia - Instant Call;Problemas económicos;CICLO FMC DIA 8-7;0;2P - Todo Claro Hiperconectado Nueva TV SUPER GPON NOV 23 1.3;Television;5/3/2024;24/8/2026 15:40:37;15/9/2026;24/8/2026 15:40:38;Origen_Asesores_CAC;Destino_RetInstantCall_RET;;CEDULA;1000584404;0913376463;;DECODIFICADOR IPTV;STB B866V2;-;G4C018;;SALAZAR AGUILERA JOSE RICARDO;MARIA MATILDE CHICAIZA HASING;R2;;no desea serivicio de tv desea anularlo;ZTEATV41200774005;Assigned;0019963560;GPON;0991135426;CAC MALL DEL NORTE;mchicaiza
2026;2026;agosto;11;WO0000001913632;1;Gestión de Retención;No contactado;NO CONTACTADO;NO CONTACTADO;Gestión Retención;Intención de renuncia - Instant Call;Problemas económicos;CICLO FMC DIA 11-10;8;BLINDAJE 3P TELEFONIA SIN LIMITES GPON ENE24 1.4;Telefonia;12/7/2022;11/8/2026 11:54:37;18/9/2026;24/8/2026 2:45:15;Origen_Asesores_CAC;Destino_RetInstantCall_RET;;CEDULA;25158564;1707997381;;HUAWEI;HG8145X6-13;No contactado;U01163;IVAN EDUARDO GUEVARA ORTEGA;ACERO ACHINA JOSE LUIS;DAYANA PAOLA PROAÑO PROAÑO;R1;Ntgmolir 0939061583 / Id 3001274923 Cliente No Contesta Se Deja Mensaje De Voz;INSTANT CALL;48575443BFEA1BB1;Closed;0017212593;GPON;0939061583;E163-CAC EL PORTAL;dproanop
2026;2026;julio;2;WO0000001824539;1;Gestión de Retención;RECHAZO;RECHAZADO;YA TIENE ORDEN DE BAJA INGRESADA;Gestión Retención;Intención de renuncia - Instant Call;Cierre de negocio;CICLO FMC DIA 26-25;8;Internet 850 Mbps  JUN26;Internet;21/4/2023;2/7/2026 9:52:43;2/8/2026;3/8/2026 19:13:57;Origen_Asesores_CAC;Destino_RetInstantCall_RET;;CEDULA;1000275925;1721434197;;HUAWEI;HG8245W5-6T;Ya tiene orden de baja ingresada;U1C013;IVAN EDUARDO GUEVARA ORTEGA;SANANGO GAONA JUAN GERARDO;ANDREA CAROLINA ECHEVERRIA MOSQUERA;R1;Ntgmdomc / Cliente Ya Fue Atendido Por Kiosko Wo0000001824585, Ya Mantiene La Renuncia Ingresada, Se Cierra Ticket;RENUNCIA;48575443BE25AEA8;Closed;0019283958;GPON;042263515;E069-CAC QUICENTRO NORTE;aechevem
2026;2026;julio;24;WO0000001876134;1;Gestión de Retención;RETENIDO;RETENIDO;CON EL MISMO SERVICIO;Gestión Retención;Intención de renuncia - Instant Call;Problemas personales;CICLO FMC DIA 19-18;8;2P TELEFONIA SIN LIMITES  GPON ABR25 65;Telefonia;11/6/2025;24/7/2026 18:31:46;26/8/2026;3/8/2026 19:43:07;Destino_RetInstantCall_RET;Destino_RetInstantCall_RET;Con el mismo servicio;CEDULA;25223596;1726898289;;ZTE;F680V6;;U3C015;IVAN EDUARDO GUEVARA ORTEGA;PILCO HUARACA VERONICA ALEXANDRA;IVAN EDUARDO GUEVARA ORTEGA;R1;Ntggcase 0982559087/0982559087 / Id 3001726191/Retenido Con El Mismo Servicio, Queda En Buscar Una Persona Para Realizar El Cambio De Propietario. Se Le Indica Que El Servicio Queda Activo. No Es Posible Aplicar Descuentos, Tiene Promo Madre 10% Desc .;INSTANCALL;ZTEGD1C2CC65;Closed;0020825396;GPON;0997292395;CANTEC UIO;ntgigueo
2026;2026;septiembre;22;WO0000002047048;1;;;NO CONTACTADO;;Gestión Retención;Intención de renuncia - Instant Call;Inconformidad con el servicio;CICLO FMC DIA 11-10;0;2P TODO CLARO Hiperconectado Plus 400 Mbps + HBO MAX  GPON;Internet;6/4/2023;22/9/2026 11:43:40;18/10/2026;22/9/2026 11:43:40;Origen_Asesores_CAC;Destino_RetInstantCall_RET;;CEDULA;1000258550;1715645246;;ZTE;F6505N;-;U1C115;;CUSHICAGUA SIMBAÑA NELSON PAUL;GRACE ALICIA GUERRERO HERRERA;R1;;Instant Call;ZTEGDA1C652F;Assigned;0019272953;GPON;0984675528;E079-CAC MALL JARDIN;gguerreh
2026;2026;agosto;25;WO0000001960973;1;;;NO CONTACTADO;;Gestión Retención;Intención de renuncia - Instant Call;Viaje;CICLO FMC DIA 11-10;0;Internet 750 Mbps MAR26;Internet;16/9/2010;25/8/2026 13:49:18;18/9/2026;25/8/2026 13:49:18;Origen_Asesores_CAC;Destino_RetInstantCall_RET;;CEDULA;2200276604;1802376572;;HUAWEI;HG8145X6-13;-;U03052;;MONTESDEOCA AYALA BLANCA SUSANA;MARTIN NICOLAS LIMA DAVILA;R1;;CLIENTE YA NO DESEA EL SERVICIO. CONTACTO: 0984218964;485754437BB75BB3;Assigned;0017538642;GPON;0984218964;E079-CAC MALL JARDIN;mlimaa
2026;2026;julio;20;WO0000001864598;1;Gestión de Retención;RECHAZO;RECHAZADO;ORDEN DUPLICADA;Gestión Retención;Intención de renuncia - Instant Call;Inconformidad con el servicio;CICLO FMC DIA 26-25;8;2 PLAY INTERNET GPON 400 MEGAS  FEB25 1.2;Internet;10/9/2015;20/7/2026 12:23:56;2/8/2026;3/8/2026 19:36:52;Origen_Asesores_CAC;Destino_RetInstantCall_RET;;CEDULA;2202853363;1711403020;;;;Orden duplicada;U02053;IVAN EDUARDO GUEVARA ORTEGA;FLORES TAMAYO JORGE FERNANDO;SHEYLA BRIGITTE ANDRADE FONTE;R1;Duplicado;INSTANT CALL;;Closed;0017447902;GPON;0999630508;E066-CAC EL BOSQUE;sandradf
2026;2026;agosto;17;WO0000001930825;1;Gestión de Retención;No contactado;NO CONTACTADO;NO CONTACTADO;Gestión Retención;Intención de renuncia - Instant Call;Fallas en el servicio imputables al cliente;CICLO FMC DIA 26-25;8;Internet 400 Mbps + ECDF JUN26 2.0;Internet;20/2/2024;17/8/2026 20:00:09;2/9/2026;28/8/2026 2:45:14;Origen_Asesores_CAC;Destino_RetInstantCall_RET;;CEDULA;1000564566;0927577775;;ZTE;F680V6;No contactado;G4C137;IVAN EDUARDO GUEVARA ORTEGA;COBEÑA CEDEÑO JOSSELYN ANGELINE;EVELIN NARCISA SUAREZ VELIZ;R2;Ntgmolir 0939134565 / Id 3001981749  Cliente No Contesta Se Deja Mensaje De Voz;INSTANT CALL;ZTEGD1D7C2CC;Closed;0020907330;GPON;0939134565;E035-CAC RIOCENTRO NORTE;esuarezv
2026;2026;agosto;11;WO0000001914742;1;Gestión de Retención;No contactado;NO CONTACTADO;NO CONTACTADO;Gestión Retención;Intención de renuncia - Instant Call;Problemas económicos;CICLO FMC DIA 8-7;8;3P TODO CLARO NUEVA TV SUPER GPON JUL24 2.2;Television;4/8/2023;11/8/2026 16:07:37;15/9/2026;30/8/2026 2:45:10;Origen_Asesores_CAC;Destino_RetInstantCall_RET;;CEDULA;1000372510;1702762095;;DECODIFICADOR IPTV;STB B866V2;No contactado;U1C115;IVAN EDUARDO GUEVARA ORTEGA;VIZCAINO ESPARZA JOSE ELIAS;SHEYLA BRIGITTE ANDRADE FONTE;R1;Ntgmolir 0997598377 / Id3001304687 Cliente No Contesta Se Deja Mensaje De Voz;INSTANT CALL;ZTEATV41201710016;Closed;0019396029;GPON;0997598377;E066-CAC EL BOSQUE;sandradf
2026;2026;julio;8;WO0000001837814;1;Gestión de Retención;NO RETENIDO;NO RETENIDO;VIAJE;Gestión Retención;Intención de renuncia - Instant Call;Problemas económicos;CICLO FMC DIA 11-10;8;2P INTERNET 550 MBPS + MAX GPON ABR25 68;Internet;9/9/2025;8/7/2026 11:26:30;18/8/2026;3/8/2026 19:21:33;Origen_Asesores_CAC;Destino_RetInstantCall_RET;;CEDULA;1001344613;1900953561;;HUAWEI;HG8145X6-13;Viaje;U5C326;IVAN EDUARDO GUEVARA ORTEGA;ZHINGRE MOROCHO ANGEL BENITO;MARIA DE LOS ANGELES BAQUERIZO ORTIZ;R1;Ntgmdomc / Contacto: 0991178281 /   Id De Llamada: 1001432091 / Cliente Renuncia A Sus Servicios Por Motivo De Que Sale Del Pais, No Accede A Herramientas De Retencion Y Cliente Cancelara En Agencia Valor De Permin En 48 H;instancall;48575443304ED6B2;Closed;0020973352;GPON;991178281;E070-CAC QUICENTRO SUR;mbaquero
2026;2026;agosto;4;WO0000001899952;1;Gestión de Retención;RECHAZO;RECHAZADO;SOLO SOLICITA INFORMACIÓN;Gestión Retención;Intención de renuncia - Instant Call;Problemas personales;CICLO FMC DIA 24-23;8;2P TODO CLARO Esencial Plus 300 Mbps GPON;Internet;17/5/2024;4/8/2026 17:54:09;31/8/2026;16/8/2026 2:45:10;Origen_Asesores_CAC;Destino_RetInstantCall_RET;;CEDULA;1000663080;0920251501;;HUAWEI;HG8245W5;Solo solicita Información;G4C003;IVAN EDUARDO GUEVARA ORTEGA;CARDENAS SUAREZ CECILIA DE LOS ANGELES;BOLIVAR GEOVANNY DEL HIERRO IZAGUIRRE;R2;Cliente No Desea Realizar Ningun Proceso Con El Servicio / 1001578839 / M.D;INSTANT CALL;48575443189C54A1;Closed;0020095454;GPON;0993104954;E022-CAC TERMINAL TERRESTRE;bdelhiei
2026;2026;agosto;3;WO0000001896398;1;Gestión de Retención;NO RETENIDO;NO RETENIDO;FALLAS EN EL SERVICIO IMPUTABLES AL CLIENTE;Gestión Retención;Intención de renuncia - Instant Call;Cambio de proveedor;CICLO FMC DIA 2-1;8;2P TODO CLARO Esencial Plus 300 Mbps GPON;Internet;1/12/2023;3/8/2026 14:54:23;9/9/2026;6/8/2026 2:46:54;Origen_Asesores_CAC;Destino_RetInstantCall_RET;;CEDULA;1000493720;1204502718;;HUAWEI;HG8245W5-6T;Fallas en el servicio imputables al cliente;Q1C009;IVAN EDUARDO GUEVARA ORTEGA;CORTEZ PLUAS JONATHAN GEOVANNY;REINA MADELAINE VELIZ SIERRA;R2;Ntgmdomc / Contacto: 0982091922 /   Id De Llamada: 3001520830 -  / Cliente Desiste Por Problemas Personales, No Accede A Herramientas De Retencion Y Cancelara En Agencia El Valor De Permin, Se Menciona Sobre Factura A Generar Este Mes;instant call;48575443195220AA;Closed;0021057657;GPON;0982091922;E051-CAC QUEVEDO;rvelizs
2026;2026;agosto;11;WO0000001915027;1;Gestión de Retención;No contactado;NO CONTACTADO;NO CONTACTADO;Gestión Retención;Intención de renuncia - Instant Call;Problemas personales;CICLO FMC DIA 11-10;8;3P TODO CLARO Hiperconectado TV Maximo GPON IPTV.1;Television;5/4/2024;11/8/2026 17:02:12;18/9/2026;24/8/2026 2:45:17;Origen_Asesores_CAC;Destino_RetInstantCall_RET;;CEDULA;1000615143;0905188983;;DECODIFICADOR IPTV;STB B866V2;No contactado;G4C153;IVAN EDUARDO GUEVARA ORTEGA;DAVILA BAJAÑA JUAN DOMINGO;LUIS ALFREDO BASCUÑÁN SANTOS;R2;Ntgmolir 0998647271 / Id 3001319178 Cliente No Contesta Se Deja Mensaje De Voz;INSTANT CALL;ZTEATV41202845110;Closed;0020542703;GPON;998647271;E024-CAC MALL DEL SOL;lbascuns
2026;2026;agosto;11;WO0000001913603;1;Gestión de Retención;No contactado;NO CONTACTADO;NO CONTACTADO;Gestión Retención;Intención de renuncia - Instant Call;Problemas económicos;CICLO FMC DIA 11-10;8;Internet 1024 Mbps MAR26;Internet;4/7/2019;11/8/2026 11:52:06;18/9/2026;24/8/2026 2:45:15;Origen_Asesores_CAC;Destino_RetInstantCall_RET;;CEDULA;2213427714;1707997381;;HUAWEI;HG8145X6-13;No contactado;U01163;IVAN EDUARDO GUEVARA ORTEGA;ACERO ACHINA JOSE LUIS;DAYANA PAOLA PROAÑO PROAÑO;R1;Ntgmolir 0939061583 / Id 3001274923 Cliente No Contesta Se Deja Mensaje De Voz;INSTANT CALL;48575443BFEA1BB1;Closed;0017212593;GPON;0939061583;E163-CAC EL PORTAL;dproanop
2026;2026;julio;2;WO0000001826388;1;Gestión de Retención;RETENIDO;RETENIDO;CON EL MISMO SERVICIO;Gestión Retención;Intención de renuncia - Instant Call;Problemas económicos;CICLO FMC DIA 2-1;8;3P TODO CLARO Super Conectado Pro TV Super GPON IPTV.1;Television;6/12/2023;2/7/2026 17:38:12;9/8/2026;3/8/2026 19:15:00;Origen_Asesores_CAC;Destino_RetInstantCall_RET;Con el mismo servicio;CEDULA;1000495949;1711598050;;DECODIFICADOR IPTV;STB B866V2;;U1C023;IVAN EDUARDO GUEVARA ORTEGA;SEGURA GOYES IRENE MARIA;JORGE FABRICIO CAMPOVERDE CORDOVA;R1;Ntggcase 0999618988 / Id 3001358858/No Se Ingresa La Baja, Los Servicios Quedan Como Se Encuentra;INSTANT CALL;ZTEATV41200769274;Closed;0020202569;GPON;0999618988;E163-CAC EL PORTAL;jcampovo
2026;2026;agosto;24;WO0000001956113;1;;;NO CONTACTADO;;Gestión Retención;Intención de renuncia - Instant Call;Problemas económicos;CICLO FMC DIA 26-25;0;Internet 900 Mbps MAR26;Internet;18/12/2021;24/8/2026 10:22:43;3/10/2026;24/8/2026 10:22:43;Origen_Asesores_CAC;Destino_RetInstantCall_RET;;CEDULA;2217971529;0905300182;;HUAWEI;HG8145X6-13;-;G4C009;;MINA QUINTERO CRISTOBAL IDALGO;KEYLI DOMENICA GUILLEN CASTRO;R2;;SOLICITA ANULACION DE SERVICIOS CONTACTO 981700257;485754436DEE29B4;Assigned;0019003317;GPON;0981700257;CAC MALL DEL NORTE;kguillec
2026;2026;agosto;11;WO0000001915022;1;Gestión de Retención;No contactado;NO CONTACTADO;NO CONTACTADO;Gestión Retención;Intención de renuncia - Instant Call;Problemas personales;CICLO FMC DIA 11-10;8;3P TODO CLARO Hiperconectado Pro Hogar Sin Limites GPON.3;Telefonia;5/4/2024;11/8/2026 17:00:04;18/9/2026;24/8/2026 2:45:17;Origen_Asesores_CAC;Destino_RetInstantCall_RET;;CEDULA;45158894;0905188983;;ZTE;F6600P;No contactado;G4C153;IVAN EDUARDO GUEVARA ORTEGA;DAVILA BAJAÑA JUAN DOMINGO;LUIS ALFREDO BASCUÑÁN SANTOS;R2;Ntgmolir 0998647271 / Id 3001319178 Cliente No Contesta Se Deja Mensaje De Voz;INSTANT CALL;ZTEGD712A466;Closed;0020542703;GPON;998647271;E024-CAC MALL DEL SOL;lbascuns
2026;2026;julio;28;WO0000001882608;1;Gestión de Retención;No contactado;NO CONTACTADO;CIERRA LLAMADA;Gestión Retención;Intención de renuncia - Instant Call;Fallas en el servicio imputables al cliente;CICLO FMC DIA 15-14;8;2P TELEFONIA SIN LIMITES  GPON ABR25 67;Telefonia;13/7/2025;28/7/2026 11:28:42;22/8/2026;3/8/2026 19:46:28;Origen_Asesores_CAC;Destino_RetInstantCall_RET;;CEDULA;25234773;1717250672;;ZTE;F6505N;Cierra Llamada;U5C269;IVAN EDUARDO GUEVARA ORTEGA;UCHUPANTA ORTEGA CARLOS CESAR;LISSETH CAROLINA LUCERO GALINDO;R1;Ntgmdomc / Contacto: 0988230137 /   Id De Llamada: 1001339565  - 1001342206 - 1001342812 / Cliente Cierra Llamada, No Permite Indicar El Proceso De Renuncia Ni Herramientas De Retencion, Nos Volvemos A Comunicar Pero Cliente Se Encuentra Molesto Y Nos Vuelve A Colgar, Nos Volvemos A Comunicar Y Ya No Hay Respuesta, Se Deja Mensaje De Voz;INSCTALL;ZTEGDA1C3E62;Closed;0020880515;GPON;0988230137;E070-CAC QUICENTRO SUR;llucerog
2026;2026;agosto;12;WO0000001916398;1;Gestión de Retención;No contactado;NO CONTACTADO;NO CONTACTADO;Gestión Retención;Intención de renuncia - Instant Call;Problemas económicos;CICLO FMC DIA 26-25;8;Internet 850 Mbps  JUN26;Internet;12/5/2023;12/8/2026 11:17:11;2/9/2026;29/8/2026 2:45:28;Origen_Asesores_CAC;Destino_RetInstantCall_RET;;CEDULA;1000294437;1721291498;;HUAWEI;HG8245W5;No contactado;U1C059;IVAN EDUARDO GUEVARA ORTEGA;SANCHEZ REAL JUAN ANDRES;DHONY OSWALDO OCHOA RAGUA;R1;Ntgmolir 0992367088 / Cliente Ya Fue Atendido En La Orden Wo0000001916495;Cliente desea hacer el cierre del servicio de Internet;48575443D2FF87A8;Closed;0019323178;GPON;0992367088;E066-CAC EL BOSQUE;dochoar
2026;2026;julio;22;WO0000001870118;1;Gestión de Retención;NO RETENIDO;NO RETENIDO;PROBLEMAS ECONÓMICOS;Gestión Retención;Intención de renuncia - Instant Call;Problemas económicos;CICLO FMC DIA 11-10;8;BLINDAJE 3P NUEVA TV SUPER GPON ENE24 1.2;Television;5/4/2019;22/7/2026 11:50:04;18/8/2026;3/8/2026 19:39:54;Origen_Asesores_CAC;Destino_RetInstantCall_RET;;CEDULA;2211842328;0909051096;;DECODIFICADOR IPTV SEI ROBOTICS;SEI800AMX;Problemas Económicos;G06036;IVAN EDUARDO GUEVARA ORTEGA;MUÑOZ ARIAS MARIO GERMAN;ALLISON ASTRID AGUILERA SALGUERO;R2;Ntggcase 0999123066 / Id 1001390087cliente Accede A Quedar Con Internet Y Telefonia, Se Procede Con La Baja Solo Del Servicio De Tv.;INSTANT CALL;GZ25030231709156;Closed;0017777932;GPON;0999123066;E034-CAC RIOCENTRO ENTRE RIOS;aaguiles
2026;2026;septiembre;7;WO0000001997763;1;;;NO CONTACTADO;;Gestión Retención;Intención de renuncia - Instant Call;Problemas económicos;CICLO FMC DIA 26-25;0;3P TODO CLARO Esencial Pro TV Extra GPON IPTV.1;Television;14/6/2024;7/9/2026 12:53:23;3/10/2026;7/9/2026 12:53:23;Origen_Asesores_CAC;Destino_RetInstantCall_RET;;CEDULA;1000693176;1701460766;;DECODIFICADOR IPTV;STB B866V2;-;U03030;;PAZ GARRIDO CARLOS BOLIVAR;MARTIN NICOLAS LIMA DAVILA;R1;;CLIENTE YA NO DESEA EL SERVICIO. CONTACTO: 0968197682;ZTEATV41201716786;Assigned;0017231923;GPON;0968197682;E079-CAC MALL JARDIN;mlimaa
2026;2026;septiembre;21;WO0000002044798;1;;;NO CONTACTADO;;Gestión Retención;Intención de renuncia - Instant Call;Problemas económicos;CICLO FMC DIA 8-7;0;ADULTO MAYOR -2P Esencial Plus Telefonia Sin Limites GPON JUL23.1;Telefonia;4/12/2023;21/9/2026 17:18:56;15/10/2026;21/9/2026 17:18:56;Origen_Asesores_CAC;Destino_RetInstantCall_RET;;CEDULA;45142649;0907864797;;HUAWEI;HG8245W5-6T;-;D1C021;;MENENDEZ REINA RITA DEL CARMEN;MICHELLE ANGGYE MINCHALA FUENTES;R2;;renuncia;48575443197A11AA;Assigned;0019712310;GPON;0985134079;E032-CAC POLICENTRO;mminchaf
2026;2026;julio;6;WO0000001834207;1;Gestión de Retención;NO RETENIDO;NO RETENIDO;VIAJE;Gestión Retención;Intención de renuncia - Instant Call;Viaje;CICLO FMC DIA 11-10;8;Internet 750 Mbps MAR26;Internet;19/7/2024;6/7/2026 18:18:13;18/8/2026;3/8/2026 19:19:39;Origen_Asesores_CAC;Destino_RetInstantCall_RET;;CEDULA;1000732252;0901787457;;HUAWEI;HG8145X6-10;Viaje;G01047;IVAN EDUARDO GUEVARA ORTEGA;RUIZ DELGADO OLGA MERCEDES;DIANA VIRGINIA SEGOVIA LIZANO;R2;Ntggcase 0999869704 / Id 1001093535/Cliente Indica Que Sale De Viaje Sin Fecha De Retorno. No Acepta Beneficios, Se Ingresa Renuncia.;insta call;4857544344251FAF;Closed;0017929003;GPON;045053986;E032-CAC POLICENTRO;dsegovii
2026;2026;julio;27;WO0000001879770;1;Gestión de Retención;RETENIDO;RETENIDO;25% DE DESCUENTO POR 12 MESES;Gestión Retención;Intención de renuncia - Instant Call;Problemas económicos;CICLO FMC DIA 17-16;8;3P NUEVA TV SUPER GPON ENE25 1.0;Television;16/4/2025;27/7/2026 11:28:01;24/8/2026;3/8/2026 19:44:55;Origen_Asesores_CAC;Destino_RetInstantCall_RET;25% de descuento por 12 meses;CEDULA;1001120763;0400232682;;DECODIFICADOR IPTV SEI ROBOTICS;SEI800AMX;;U3C010;IVAN EDUARDO GUEVARA ORTEGA;HERRERA FRIAS NEPTALI ABELINO;GRACE ALICIA GUERRERO HERRERA;R1;Ntgmdomc / Contacto: 0980534323 /   Id De Llamada: 1001068480 / Cliente Retenido Con El 25% De Descuento Por 12 Meses;Instant Call;GZ24080123801557;Closed;0020733682;GPON;0984316617;E079-CAC MALL JARDIN;gguerreh
2026;2026;julio;9;WO0000001841957;1;Gestión de Retención;RETENIDO;RETENIDO;25% DE DESCUENTO POR 12 MESES;Gestión Retención;Intención de renuncia - Instant Call;Problemas económicos;CICLO FMC DIA 2-1;8;Internet 850 Mbps JUN26 2.0;Internet;23/10/2024;9/7/2026 19:00:17;9/8/2026;3/8/2026 19:24:01;Origen_Asesores_CAC;Destino_RetInstantCall_RET;25% de descuento por 12 meses;CEDULA;1000866644;1729056968;;HUAWEI;HG8145X6-10;;Q1C010;IVAN EDUARDO GUEVARA ORTEGA;GUERRA CRIOLLO MARIA AUGUSTA;KENNY BLADIMIR VILLAVICENCIO PLUAS;R2;Ntgmdomc / Contacto: 0988889018 /   Id De Llamada: 1001897460 / Cliente Retenido Con 25% De Descuento Por 12 Meses Y Reubicacion Gratuita;INSTANT CALL;48575443644A34AF;Closed;0020402895;GPON;0988889018;E050-CAC PASEO QUEVEDO;kvillavu
2026;2026;julio;3;WO0000001827110;1;Gestión de Retención;RECHAZO;RECHAZADO;TRASLADO FUERA DE COBERTURA;Gestión Retención;Intención de renuncia - Instant Call;Inconformidad con el servicio;CICLO FMC DIA 11-10;8;Internet 550 Mbps  JUN26 1.0;Internet;30/6/2023;3/7/2026 10:35:37;18/7/2026;3/8/2026 19:15:25;Origen_Asesores_CAC;Destino_RetInstantCall_RET;;CEDULA;1000338522;1721618419;;HUAWEI;HG8245W5-6T;Traslado fuera de Cobertura;U5C159;IVAN EDUARDO GUEVARA ORTEGA;ALVAREZ PASPUEL SARA CAROLINA;ANDREA CAROLINA ECHEVERRIA MOSQUERA;R1;Ntgmdomc / Contacto: 0989248570 /   Id De Llamada: 3001452788 / Cliente Comenta Que Se Cambia De Domicilio Donde No Tiene Cobertura Y Adicional Ya El Tio Le Va A Dejar El Servicio Que Tiene Con Netlife;CIERRE;485754430CE9B2A9;Closed;0019373027;GPON;0989248570;E069-CAC QUICENTRO NORTE;aechevem
2026;2026;julio;15;WO0000001854803;1;Gestión de Retención;RETENIDO;RETENIDO;50% DE DESCUENTO POR 6 MESES;Gestión Retención;Intención de renuncia - Instant Call;Problemas económicos;CICLO FMC DIA 11-10;8;2P - Internet 400 Mbps DIC24;Internet;3/12/2024;15/7/2026 17:33:11;18/8/2026;3/8/2026 19:31:33;Origen_Asesores_CAC;Destino_RetInstantCall_RET;50% de descuento por 6 meses;CEDULA;1000922693;0915113955;;HUAWEI;HG8145X6-10;;G05050;IVAN EDUARDO GUEVARA ORTEGA;VELIZ SIERRA JIMMY VICENTE;WILLIAM HERNAN LOPEZ BRAVO;R2;Ntggcase 0994641226 / Id 2001991479/Retenido Con El 50% De Descuento Por 6 Meses;INSTALL CALL;4857544343CD89B0;Closed;0020968842;GPON;0994641226;E017-CAC 9 DE OCTUBRE 1;wlopezb
2026;2026;agosto;17;WO0000001929306;1;Gestión de Retención;RECHAZO;RECHAZADO;SOLO SOLICITA INFORMACIÓN;Gestión Retención;Intención de renuncia - Instant Call;Problemas económicos;CICLO FMC DIA 4-3;8;2P INTERNET 400 MBPS + ECDF  JUN26;Internet;2/6/2025;17/8/2026 13:43:52;11/9/2026;28/8/2026 2:45:14;Origen_Asesores_CAC;Destino_RetInstantCall_RET;;CEDULA;1001195986;1724576051;;HUAWEI;HG8145X6-13;Solo solicita Información;U5C321;IVAN EDUARDO GUEVARA ORTEGA;PARRA GAVILANEZ ANDREA STEFANIA;MARIA DE LOS ANGELES BAQUERIZO ORTIZ;R1;Ntgmolir 0986695974 / Id 3001919155 Cliente Indica Que Le Mencionaron Que Estaba Suspensión Temporal Pero Tiene Valores Pendientes De Pago Y Bloqueado Por Cobranzas Indica Que No Tiene Para Pagar Las Facturas Y Se Le Indica Que No Se Ingreso Ningun Proseso De Eliminacion De Servicio;instancall;485754436E0D7CB4;Closed;0021354772;GPON;0986695974;E070-CAC QUICENTRO SUR;mbaquero
2026;2026;julio;18;WO0000001862095;1;Gestión de Retención;RETENIDO;RETENIDO;CON EL MISMO SERVICIO;Gestión Retención;Intención de renuncia - Instant Call;Falla en el servicio - Imputables a claro;CICLO FMC DIA 8-7;8;3P TODO CLARO Esencial Pro 400 Mbps GPON;Internet;15/12/2024;18/7/2026 16:57:48;15/8/2026;3/8/2026 19:35:34;Origen_Asesores_CAC;Destino_RetInstantCall_RET;Con el mismo servicio;CEDULA;1000942561;0954313417;;HUAWEI;HG8145X6-10;;G05035;IVAN EDUARDO GUEVARA ORTEGA;PODESTA ALAVA JEREMY ANTHONY;STEFFI NICOLE AVILES REYES;R2;Ntgmdomc / Contacto: 0985510485 /   Id De Llamada: 3001746968 / Cliente Se Mantiene Con Sus Servicios, Indica Que Validara Con La Esposa Si Mantiene Sus Servicios Con El Beneficio Del 50% Por 3 O 6 Meses;INSTANT CALL;48575443504221B0;Closed;0021005039;GPON;0985510485;E025-CAC MALL DEL SUR;savilesr
2026;2026;septiembre;23;WO0000002051695;1;;;NO CONTACTADO;;Gestión Retención;Intención de renuncia - Instant Call;Problemas económicos;CICLO FMC DIA 26-25;0;1P - INTERNET 400 Mbps;Internet;25/1/2018;23/9/2026 12:07:11;2/11/2026;23/9/2026 12:07:11;Origen_Asesores_CAC;Destino_RetInstantCall_RET;;CEDULA;2209857031;1703284321;;ZTE;F6600P;-;U03047;;MASSON ALBUJA EDGAR FREDDY;MARCO ARMANDO GONZALEZ CASTRO;R1;;instant call;ZTEGD7186DA7;Assigned;0019032323;GPON;0999445160;E079-CAC MALL JARDIN;mgonzalc
2026;2026;julio;31;WO0000001891646;1;Gestión de Retención;RECHAZO;RECHAZADO;YA TIENE ORDEN DE BAJA INGRESADA;Gestión Retención;Intención de renuncia - Instant Call;Inconformidad con el servicio;CICLO FMC DIA 26-25;8;Hogar Sin Limites $8,40 HFC FEB22;Telefonia;11/4/2021;31/7/2026 16:27:40;2/9/2026;3/8/2026 19:51:23;Origen_Asesores_CAC;Destino_RetInstantCall_RET;;CEDULA;45038860;0930166806;F0AF85392448;EMTA WIFI ARRIS - TG2482A-85;TG2482A ARRI;Ya tiene orden de baja ingresada;G06003;IVAN EDUARDO GUEVARA ORTEGA;ZERNA MERCHAN MELANIE NICOLLE;JONATHAN EDDIE ESPINOZA LEON;R2;Ntgmdomc / Contacto: 0982736422 /  Se Rechaza, Cliente Ya Mantiene La Renuncia Ingresada En El Unico Servicio Fijo Que Tiene;INSTANT CALL;A9U4D9686411849;Closed;0017883797;HFC;0969871392;E034-CAC RIOCENTRO ENTRE RIOS;jespinol
2026;2026;julio;8;WO0000001839438;1;Gestión de Retención;NO RETENIDO;NO RETENIDO;PROBLEMAS ECONÓMICOS;Gestión Retención;Intención de renuncia - Instant Call;Problemas económicos;CICLO FMC DIA 11-10;8;1 PLAY - Super Conectado 100 Mbps GPON JUN26 4.1;Internet;27/6/2020;8/7/2026 18:35:27;18/8/2026;3/8/2026 19:22:32;Origen_Asesores_CAC;Destino_RetInstantCall_RET;;CEDULA;2215553531;0913928172;;HUAWEI;HG8145X6-10;Problemas Económicos;G03035;IVAN EDUARDO GUEVARA ORTEGA;DEL ROSARIO AYALA FATIMA DEL ROCIO;BOLIVAR GEOVANNY DEL HIERRO IZAGUIRRE;R2;Ntggcase 0985927825 / Id 1001586674/Cliente Indica Que Se Quedo Sin Trabajo, No Acepta Beneficios Se Ingresa Renuncia.;INSTANT CALL;48575443442573AF;Closed;0017139802;GPON;0985927825;E022-CAC TERMINAL TERRESTRE;bdelhiei
2026;2026;julio;9;WO0000001840374;1;Gestión de Retención;NO RETENIDO;NO RETENIDO;FALLAS EN EL SERVICIO IMPUTABLES AL CLIENTE;Gestión Retención;Intención de renuncia - Instant Call;Problemas personales;CICLO FMC DIA 21-20;8;1PLAY - 550 Megas GPON JUN26 4.6;Internet;19/11/2024;9/7/2026 11:43:57;28/7/2026;3/8/2026 19:23:06;Origen_Asesores_CAC;Destino_RetInstantCall_RET;;CEDULA;1000901323;0903741767;;HUAWEI;HG8145X6-10;Fallas en el servicio imputables al cliente;G2C073;IVAN EDUARDO GUEVARA ORTEGA;IDROVO PORTUGAL INES AURORA;JENNIFER LINNER VILLAVICENCIO BRAVO;R2;Ntgmdomc / Contacto: 0993641730 /   Id De Llamada: 1001704005 / Cliente Desiste De Su Servicio Porque No Lo Necesita, No Brinda Mucha Informacion, Se Menciona Valor De Permin Y Cancelara En Agencia Dentro De 48h;anulacion;48575443EBE0B1AF;Closed;0020448881;GPON;993641730;CAC MALL DEL NORTE;jvillavb
2026;2026;septiembre;4;WO0000001992114;1;;;NO CONTACTADO;;Gestión Retención;Intención de renuncia - Instant Call;Falta de uso;CICLO FMC DIA 28-27;0;3P TELEFONIA SIN LIMITES  GPON ABR25 8;Telefonia;21/1/2025;4/9/2026 14:10:18;5/10/2026;4/9/2026 14:10:19;Origen_Asesores_CAC;Destino_RetInstantCall_RET;;CEDULA;45071105;0900491739;;HUAWEI;HG8145X6-10;-;G05005;;RENDON ALVARADO TITO ARMANDO;DIEGO ABEL HERRERIA JACOME;R2;;INSTALL CALL;4857544343D429B0;Assigned;0017301400;GPON;045071105;E049-CAC PASEO BABAHOYO;dherrerj
2026;2026;julio;10;WO0000001844268;1;Gestión de Retención;RETENIDO;RETENIDO;CON EL MISMO SERVICIO;Gestión Retención;Intención de renuncia - Instant Call;Viaje;CICLO FMC DIA 21-20;8;2P TODO CLARO ELITE PLUS 350 MBPS+MAX GPON JUL24;Internet;14/10/2024;10/7/2026 18:26:15;28/7/2026;3/8/2026 19:25:22;Origen_Asesores_CAC;Destino_RetInstantCall_RET;Con el mismo servicio;CEDULA;1000854617;1717356297;;HUAWEI;HG8145X6-10;;U5C053;MARIELA CAROLINA OLIVO OROZCO;SOPA LAICA ROBERTO CARLOS;LISSETH CAROLINA LUCERO GALINDO;R1;Ntgmolir 0987960150 / Id 2001073151 Cliente Va A Conversar Con La Mamá Para Hacer Cambio De Titular Y Se Volveria A Comunicar Al 611;ISNCTALL;48575443EBDE81AF;Closed;0021098376;GPON;0987960150;E070-CAC QUICENTRO SUR;llucerog
2026;2026;agosto;18;WO0000001933452;1;Gestión de Retención;RECHAZO;RECHAZADO;SOLO SOLICITA INFORMACIÓN;Gestión Retención;Intención de renuncia - Instant Call;Problemas económicos;CICLO FMC DIA 11-10;8;3P TODO CLARO NUEVA TV SUPER GPON JUL24 2.2;Television;27/11/2024;18/8/2026 17:43:23;18/9/2026;29/8/2026 2:45:30;Origen_Asesores_CAC;Destino_RetInstantCall_RET;;CEDULA;1000915149;1003553425;;DECODIFICADOR IPTV SEI ROBOTICS;SEI800AMX;Solo solicita Información;U4C007;IVAN EDUARDO GUEVARA ORTEGA;ARIAS MEZA CARLOS EDUARDO;CRISTIAN ALEXIS GARCIA PAZOS;R1;Ntgmolir 0987404213 / Id 1001792744 Cliente Indica Quee No Va Hacer La Eliminacion De Este Servicio Se Va A Comunicar Al 611;solicita renuncia del servicio;GZ24050532702369;Closed;0019060411;GPON;0987404213;E066-CAC EL BOSQUE;cgarciap
2026;2026;septiembre;16;WO0000002026341;1;;;NO CONTACTADO;;Gestión Retención;Intención de renuncia - Instant Call;Problemas personales;CICLO FMC DIA 26-25;0;Blindaje -Internet GPON 400 Mbps DIC24 1.120;Internet;12/1/2022;16/9/2026 14:25:53;3/10/2026;16/9/2026 14:25:53;Origen_Asesores_CAC;Destino_RetInstantCall_RET;;CEDULA;2218097041;1717933228;;HUAWEI;HG8145X6-10;-;U04110;;PACHACAMA PAREDES ALEJANDRA ARACELY;LAURA MARCELA EGAS POSLIGUA;R1;;INSTANCAAL;48575443503C9CB0;Assigned;0017591911;GPON;0998701393;E079-CAC MALL JARDIN;legasp
2026;2026;agosto;17;WO0000001929029;1;Gestión de Retención;RETENIDO;RETENIDO;CON EL MISMO SERVICIO;Gestión Retención;Intención de renuncia - Instant Call;Problemas económicos;CICLO FMC DIA 11-10;8;1P TODO CLARO HIPERCONECTADO 400 MBPS + ECDF JUN26;Internet;10/9/2024;17/8/2026 12:51:41;18/9/2026;27/8/2026 2:45:15;Origen_Asesores_CAC;Destino_RetInstantCall_RET;Con el mismo servicio;CEDULA;1000803076;0950517789;;HUAWEI;HG8145X6-10;;G4C099;IVAN EDUARDO GUEVARA ORTEGA;MOROCHO RIOS CARLOS ENRIQUE;MICHELLE FERNANDA VALLEJO CACERES;R2;Ntgmolir 0982398883/0984365317 / Id 3001902818 Cliente Indica Que No Dispone Del Dinero Para Pago De Costos De Instalacion Y Que Va A Considerar Hacer Cambio De Titular;anulaintenet;48575443645B5BAF;Closed;0020329930;GPON;0982398883;E035-CAC RIOCENTRO NORTE;mvalleja
2026;2026;julio;9;WO0000001842014;1;Gestión de Retención;RETENIDO;RETENIDO;CON EL MISMO SERVICIO;Gestión Retención;Intención de renuncia - Instant Call;Traslado fuera de cobertura;CICLO FMC DIA 4-3;8;2P INTERNET 550MBPS + ECDF GPON JUN26;Internet;2/7/2025;9/7/2026 19:31:39;11/8/2026;3/8/2026 19:24:02;Origen_Asesores_CAC;Destino_RetInstantCall_RET;Con el mismo servicio;CEDULA;1001237675;1206832683;;HUAWEI;HG8145X6-13;;MG1C021;IVAN EDUARDO GUEVARA ORTEGA;SANTILLAN VALENCIA LISSETTE ESTEFANIA;DIEGO ABEL HERRERIA JACOME;R2;Ntgmdomc / Contacto: 0990011318 /   Id De Llamada: 1001905285 / Cliente Se Mantiene Con Sus Servicios Con La Tb Que Se Le Ofrecio Antes, Indica Que Validara A Otra Persona Para Realizar Cambio De Titular, Se Le Indica Los Requisitos;INSTALL CALL;48575443D7282EB1;Closed;0020863123;GPON;0990011318;E049-CAC PASEO BABAHOYO;dherrerj
2026;2026;agosto;20;WO0000001941549;1;Gestión de Retención;RECHAZO;RECHAZADO;SOLO SOLICITA INFORMACIÓN;Gestión Retención;Intención de renuncia - Instant Call;Fallas en el servicio imputables al cliente;CICLO FMC DIA 11-10;8;PLAN SUPER HD_1;Television;26/7/2019;20/8/2026 10:38:13;18/9/2026;29/8/2026 2:45:33;Origen_Asesores_CAC;Destino_RetInstantCall_RET;;CEDULA;2213619910;0904926599;;EQUIPO SETTOPBOX - DCX525;DCX525e-Two-Way;Solo solicita Información;G04108;IVAN EDUARDO GUEVARA ORTEGA;LLANOS ALVARADO MARIA LETICIA;INGRID DIANA LOPEZ MUÑOZ;R2;Ntgmolir 0985177024 / Id 2001070207 Cliente Va A Comunicarse Al 611 Para Que Se Ingrese Un Reclamo Ya Que Ella Pidio La Suspensión Permanente No La Suspensión Temporal Del Servicio Y En Agencia No Le Quisieron Recibir Un Documento Redactando El Porque De La Eliminacion Y Le Pusieron Esta Suspencion Temporal;INSTANT CALL;M91820ERW695;Closed;0017325839;HFC;0985177024;E035-CAC RIOCENTRO NORTE;ilopezm
2026;2026;agosto;7;WO0000001907644;1;Gestión de Retención;RETENIDO;RETENIDO;SUSPENSIÓN TEMPORAL;Gestión Retención;Intención de renuncia - Instant Call;Viaje;CICLO FMC DIA 24-23;8;2P TODO CLARO EPICO PLUS 550 MBPS+ECDF GPON JUN26 5.2;Internet;23/2/2025;7/8/2026 16:01:21;31/8/2026;24/8/2026 2:45:13;Origen_Asesores_CAC;Destino_RetInstantCall_RET;Suspensión Temporal;CEDULA;1001035766;0803138601;;HUAWEI;HG8145X6-10;;S1C014;IVAN EDUARDO GUEVARA ORTEGA;RECALDE MONTENEGRO ANDREA SOFIA;JEFFERSON GEOVANNY SANTILLAN SANCHEZ;R1;Ntgmolir 0993454748 / Id 3001111936  Cliente Va A  Mantener Su Servicio Activo Con Una Suspension Temporal Se Le Indica Proceso Y Facturacion A La Activacion De Servicio;INSTANT CALL;48575443A731B0B0;Closed;0020639604;GPON;0990622754;E085-CAC COCA;jsantila
2026;2026;julio;22;WO0000001870697;1;Gestión de Retención;RETENIDO;RETENIDO;TRASLADO;Gestión Retención;Intención de renuncia - Instant Call;Problemas económicos;CICLO FMC DIA 2-1;8;2P TELEFONIA SIN LIMITES  GPON ABR25 61;Telefonia;31/7/2025;22/7/2026 14:07:06;9/8/2026;3/8/2026 19:40:12;Origen_Asesores_CAC;Destino_RetInstantCall_RET;Traslado;CEDULA;25228466;1803367166;;HUAWEI;HG8145X6-13;;U5C391;IVAN EDUARDO GUEVARA ORTEGA;NAZARENO PINTO PIEDAD DEL CONSUELO;GRACE ALICIA GUERRERO HERRERA;R1;"""Ntggcase 0982524827 / Id 1001620143/ Retenido Con El Traslado Del Servicio Sin Costo. Traslado Sin Costo Por Retención
Provincia	Pichincha
Ciudad	Quito
Parroquia	Turubamba
Sector	Turubamba Bajo	
Calle Principal	Calle Ayapamba
Calle Secundaria	Calle Oe1k		
Edificio	Casa De 3 Pisos
Referencia	Frente A La Iglesia De Los Mormones
Coordenadas	Coord -0.2755502324205167, -78.53524471964131
Contacto	982524827""";Instant Call;4857544398FBA6B6;Closed;0020899952;GPON;0982524827;E079-CAC MALL JARDIN;gguerreh
2026;2026;agosto;14;WO0000001923333;1;Gestión de Retención;RECHAZO;RECHAZADO;SOLO SOLICITA INFORMACIÓN;Gestión Retención;Intención de renuncia - Instant Call;Viaje;CICLO FMC DIA 26-25;8;2P TARJETA CREDITO TELEFONIA SIN LIMITES GPON;Telefonia;15/9/2024;14/8/2026 13:55:51;2/9/2026;27/8/2026 2:45:13;Origen_Asesores_CAC;Destino_RetInstantCall_RET;;CEDULA;25029915;1719658922;;HUAWEI;HG8145X6-10;Solo solicita Información;U5C313;IVAN EDUARDO GUEVARA ORTEGA;RIOFRIO ROBLES DAVID ARMANDO;KATHERINE JOHANA MERCADO OLIVARES;R1;Ntgmolir 0987742443 / Cliente Ya Fue Atendido En La Orden Wo0000001929092;cliente solicita la renuncia por viaje;48575443644AB2AF;Closed;0020343586;GPON;0987742443;E066-CAC EL BOSQUE;kmercado
2026;2026;julio;13;WO0000001848600;1;Gestión de Retención;RECHAZO;RECHAZADO;TRASLADO FUERA DE COBERTURA;Gestión Retención;Intención de renuncia - Instant Call;Problemas económicos;CICLO FMC DIA 11-10;8;2P - INTERNET 400 Mbps GPON MAR24 1.1;Internet;7/2/2022;13/7/2026 13:05:20;18/8/2026;3/8/2026 19:27:51;Origen_Asesores_CAC;Destino_RetInstantCall_RET;;CEDULA;2218264577;1004449110;;ZTE;F6505N;Traslado fuera de Cobertura;U02072;IVAN EDUARDO GUEVARA ORTEGA;QUIRANZA LIQUINCHANA SISA BELEN;DHONY OSWALDO OCHOA RAGUA;R1;Ntgmdomc / Contacto: 0995584788 /   Id De Llamada: 2001425623 / Cliente Desiste De Sus Servicios Por Motivo De Que Sale De La Ciudad Donde No Hay Cobertura, No Desea Beneficios, Se Menciona Sobre Sus 2 Facturas;Cliente desea hacer el cierre del servicio de Internet;ZTEGD829C8F2;Closed;0020405064;GPON;0995584788;E066-CAC EL BOSQUE;dochoar
2026;2026;julio;24;WO0000001875714;1;Gestión de Retención;RECHAZO;RECHAZADO;YA TIENE ORDEN DE BAJA INGRESADA;Gestión Retención;Intención de renuncia - Instant Call;Problemas económicos;CICLO FMC DIA 26-25;8;BLINDAJE 3P TV SUPER HFC ENE24 1.5;Television;18/7/2020;24/7/2026 15:46:09;2/9/2026;3/8/2026 19:42:54;Origen_Asesores_CAC;Destino_RetInstantCall_RET;;CEDULA;2215650128;1715480842;;EQUIPO SETTOPBOX - DCX525;DCX525e-Two-Way;Ya tiene orden de baja ingresada;U02060;IVAN EDUARDO GUEVARA ORTEGA;ORDOÑEZ OLIVO MARIA MAGDALENA;KATHERINE JOHANA MERCADO OLIVARES;R1;Ntgmdomc / Contacto: 0994971273 /   Id De Llamada: 3001700713 / Cliente Ya Mantiene La Renuncia Ingresada Se Brinda Informacion;cliente solicita la renuncia del servicio de tv hogar llamar a los 3 numeros de contactos por favor;M92004ERC548;Closed;0017565866;HFC;025126274;E066-CAC EL BOSQUE;kmercado
2026;2026;julio;14;WO0000001851102;1;Gestión de Retención;RECHAZO;RECHAZADO;YA TIENE ORDEN DE BAJA INGRESADA;Gestión Retención;Intención de renuncia - Instant Call;Viaje;CICLO FMC DIA 8-7;8;1P TODO CLARO HIPERCONECTADO 400 MBPS + ECDF JUN26;Internet;7/5/2024;14/7/2026 12:11:13;15/8/2026;3/8/2026 19:29:22;Origen_Asesores_CAC;Destino_RetInstantCall_RET;;CEDULA;1000650892;1201914403;;HUAWEI;HG8245W5-6T;Ya tiene orden de baja ingresada;Q1C005;IVAN EDUARDO GUEVARA ORTEGA;FERNANDEZ CALDERON HECTOR SEGUNDO;KENNY BLADIMIR VILLAVICENCIO PLUAS;R2;Ntgmdomc / Cliente Ya Fue Atendido Con Wo0000001845071, Mantiene La Renuncia;INSTAANT CALL;485754439F9661AC;Closed;0020097450;GPON;0992316425;E050-CAC PASEO QUEVEDO;kvillavu
2026;2026;julio;1;WO0000001823916;1;Gestión de Retención;RECHAZO;RECHAZADO;TRASLADO FUERA DE COBERTURA;Gestión Retención;Intención de renuncia - Instant Call;Problemas económicos;CICLO FMC DIA 24-23;8;2P TODO CLARO - ELITE PLUS 850 MBPS+MAX JUN26;Internet;25/6/2025;1/7/2026 18:11:33;31/7/2026;3/8/2026 19:13:31;Origen_Asesores_CAC;Destino_RetInstantCall_RET;;CEDULA;1001228833;1758760514;;HUAWEI;HG8145X6-13;Traslado fuera de Cobertura;U1C034;MARIELA CAROLINA OLIVO OROZCO;RUSSIAN GUERRA MIGUEL SALVADOR DE JESUS;GRACE ALICIA GUERRERO HERRERA;R1;Ntgmolir 0963060729 / Id 3001126021 Cliente No Desea Mantener El Servicio Activo Se Le Indica Valor Y Fecha De Eliminacion Y Retiro De Equipos;Instant Call;48575443D765FCB1;Closed;0020821780;GPON;0963060729;E079-CAC MALL JARDIN;gguerreh
2026;2026;agosto;4;WO0000001898365;1;Gestión de Retención;No contactado;NO CONTACTADO;CIERRA LLAMADA;Gestión Retención;Intención de renuncia - Instant Call;Inconformidad de facturación;CICLO FMC DIA 11-10;8;Internet 850 Mbps JUN26 3.0;Internet;22/1/2026;4/8/2026 11:31:06;18/8/2026;7/8/2026 2:46:08;Origen_Asesores_CAC;Destino_RetInstantCall_RET;;CEDULA;1001506366;0906312376;;HUAWEI;HG8145X6-13;Cierra Llamada;G1C004;IVAN EDUARDO GUEVARA ORTEGA;AMORES YANEZ ESTHER JUDITH;MICHELLE ANGGYE MINCHALA FUENTES;R2;Ntgmdomc / Contacto: 0981206148 /   Id De Llamada: 3001703604 / Tercera Persona Cierra La Llamada, Cliente Desea La Reposicion Del Equipo Pero Ya No Se Encuentra En El Domicilio, Desea En Otro Lugar Y Se Indica Que No Se Puede Realizar Reposicion Alla Si No Que Debe De Comprar El Equipo En Agencia, Traslado No Se Puede Realizar Ya Que Cliente No Tiene Los Equipos, Servicios Quedan Activos;bloqueo de router;48575443517905B4;Closed;0021224610;GPON;0981206148;E032-CAC POLICENTRO;mminchaf
2026;2026;julio;10;WO0000001844323;1;Gestión de Retención;RETENIDO;RETENIDO;UPGRADE;Gestión Retención;Intención de renuncia - Instant Call;Problemas económicos;CICLO FMC DIA 26-25;8;2P - TODO CLARO Hiperconectado Plus HD SUPER NUEVA TV GPON;Television;14/3/2024;10/7/2026 18:49:23;2/8/2026;3/8/2026 19:25:24;Origen_Asesores_CAC;Destino_RetInstantCall_RET;Upgrade;CEDULA;1000595011;0915924070;;DECODIFICADOR IPTV;STB B866V2;;G04003;MARIELA CAROLINA OLIVO OROZCO;BAJAÑA MARQUEZ VERONICA DEL ROCIO;MICHELLE FERNANDA VALLEJO CACERES;R2;Ntgmolir 0939985549 / Id 2001075874 Cliente Tiene Problemas Con La Cobertura Del Servicio De Internet Accede A Una Cambio De Plan De 3p Id 100164285 De 32,60 De Manera Programada;anula tv;ZTEATV41200781405;Closed;0017442605;GPON;0939985549;E035-CAC RIOCENTRO NORTE;mvalleja
2026;2026;agosto;12;WO0000001916899;1;Gestión de Retención;NO RETENIDO;NO RETENIDO;PROBLEMAS ECONÓMICOS;Gestión Retención;Intención de renuncia - Instant Call;Problemas económicos;CICLO FMC DIA 8-7;8;2P TODO CLARO TELEFONIA SIN LIMITES GPON;Telefonia;25/12/2024;12/8/2026 12:43:41;15/9/2026;24/8/2026 2:45:18;Origen_Asesores_CAC;Destino_RetInstantCall_RET;;CEDULA;25121990;1707338065;;HUAWEI;HG8145X6-10;Problemas Económicos;U2C019;IVAN EDUARDO GUEVARA ORTEGA;VASQUEZ CORTES GYOVANNA ELIZABETH;DHONY OSWALDO OCHOA RAGUA;R1;Ntgmolir 0986108812 / Id 3001354678  Cliente Indica Que No Desea Mantener El Servicio Activo Se Le Indica El Valor A Pagar El Tiempo Y Directamente En La Agencia Caso Contrario La Orden De Eliminacion Se Anula Y El Servicio Se Mantiene3 Activo Esta De Acuerdo Y Lo Va A Realizar;Cliente desea hacer el cierre del servicio de TELEFONIA;4857544350357CB0;Closed;0020528524;GPON;0986108812;E066-CAC EL BOSQUE;dochoar
2026;2026;agosto;12;WO0000001917888;1;Gestión de Retención;No contactado;NO CONTACTADO;NO CONTACTADO;Gestión Retención;Intención de renuncia - Instant Call;Traslado fuera de cobertura;CICLO FMC DIA 11-10;8;1P ADULTO MAYOR GPON INTERNET 300 MBPS AGO25 6;Internet;10/12/2025;12/8/2026 16:24:31;18/9/2026;24/8/2026 2:45:19;Origen_Asesores_CAC;Destino_RetInstantCall_RET;;CEDULA;1001460804;0906339023;;HUAWEI;HG8145X6-13;No contactado;G4C019;IVAN EDUARDO GUEVARA ORTEGA;HERRERA MINDIOLAZA VICENTE TOMAS;EVELIN NARCISA SUAREZ VELIZ;R2;Ntgmolir 0991875202 / Id 3001427912 Cliente No Contesta Se Deja Mensaje De Voz;INSTANT CALL;485754435163EBB4;Closed;0021152228;GPON;0991875202;E035-CAC RIOCENTRO NORTE;esuarezv
2026;2026;julio;22;WO0000001870366;1;Gestión de Retención;RECHAZO;RECHAZADO;YA TIENE ORDEN DE BAJA INGRESADA;Gestión Retención;Intención de renuncia - Instant Call;Problemas económicos;CICLO FMC DIA 26-25;8;3P TODO CLARO NUEVA TV SUPER GPON JUL24 5.2;Television;26/11/2024;22/7/2026 12:42:06;2/9/2026;3/8/2026 19:40:01;Origen_Asesores_CAC;Destino_RetInstantCall_RET;;CEDULA;1000908714;0602932089;;DECODIFICADOR IPTV SEI ROBOTICS;SEI800AMX;Ya tiene orden de baja ingresada;U02043;MARIELA CAROLINA OLIVO OROZCO;BUSTOS ROMERO STEFAN JAVIER;DHONY OSWALDO OCHOA RAGUA;R1;Ntgmolir 0999818650 / Cliente Ya Tiene Ingresada La Baja De Servicios;Cliente desea hacer el cierre del servicio de TELEVISION;GZ24050532718530;Closed;0017900780;GPON;0999818650;E066-CAC EL BOSQUE;dochoar
2026;2026;julio;13;WO0000001849498;1;Gestión de Retención;RECHAZO;RECHAZADO;CLIENTE INGRESARÁ RECLAMO;Gestión Retención;Intención de renuncia - Instant Call;Información incorrecta en el proceso de ventas;CICLO FMC DIA 21-20;8;2P CONVERGENTE GPON TELF SIN LIMITES NOV25 70;Telefonia;19/5/2026;13/7/2026 16:44:24;28/7/2026;3/8/2026 19:28:25;Origen_Asesores_CAC;Destino_RetInstantCall_RET;;CEDULA;45191801;0912770070;;;;Cliente ingresará reclamo;G4C109;IVAN EDUARDO GUEVARA ORTEGA;GARCIA ROSADO ERNESTO CESARIO;MARIA JOSE VERDUGA VIERA;R2;Ntgmdomc / Contacto: 0967709635 /   Id De Llamada: 2001511029 / Cliente No Desea Que Se Ingrese La Renuncia Porque  Solicitara Una Sda En Agencia Por Mala Informacion En El Proceso De Ventas, No Accede A Cambiar Su Plan Ya Que Le Ofrecieron Uno Mas Economico Que El Que Mantiene;INSTANT CALL;;Closed;0021438837;GPON;0994916536;E017-CAC 9 DE OCTUBRE 1;mverdugv
2026;2026;julio;22;WO0000001870356;1;Gestión de Retención;RETENIDO;RETENIDO;CON EL MISMO SERVICIO;Gestión Retención;Intención de renuncia - Instant Call;Problemas económicos;CICLO FMC DIA 11-10;8;Internet 1024 Mbps MAR26;Internet;17/1/2013;22/7/2026 12:43:51;18/8/2026;3/8/2026 19:40:01;Destino_RetInstantCall_RET;Destino_RetInstantCall_RET;Con el mismo servicio;CEDULA;2200980144;0909051096;;ZTE;F6600P;;G06036;IVAN EDUARDO GUEVARA ORTEGA;MUÑOZ ARIAS MARIO GERMAN;IVAN EDUARDO GUEVARA ORTEGA;R2;Ntggcase 0999123066 / Id 1001390087cliente Accede A Quedar Con Internet Y Telefonia, Se Procede Con La Baja Solo Del Servicio De Tv.;INSTANCALL;ZTEGD81457CF;Closed;0017777932;GPON;0999123066;CANTEC UIO;ntgigueo
2026;2026;julio;22;WO0000001871743;1;Gestión de Retención;No contactado;NO CONTACTADO;NO CONTACTADO;Gestión Retención;Intención de renuncia - Instant Call;Inconformidad con el servicio;CICLO FMC DIA 17-16;8;1P TODO CLARO HIPERCONECTADO 400 MBPS + ECDF JUN26;Internet;9/5/2024;22/7/2026 19:09:43;24/8/2026;3/8/2026 19:40:47;Origen_Asesores_CAC;Destino_RetInstantCall_RET;;CEDULA;1000653705;0951915115;;HUAWEI;HG8245W5;No contactado;G2C030;MARIELA CAROLINA OLIVO OROZCO;TRIVIÑO GONZALEZ MARIA SOLEDAD;JONATHAN EDDIE ESPINOZA LEON;R2;Ntgmolir 0987981171 / Cliente No Contesta Comunicación Se Realiza Marcacion En Varias Ocaciones;INSTANT CALL;48575443C97BBAA6;Closed;0020080919;GPON;0985789249;E034-CAC RIOCENTRO ENTRE RIOS;jespinol
2026;2026;julio;1;WO0000001823911;1;Gestión de Retención;RECHAZO;RECHAZADO;TRASLADO FUERA DE COBERTURA;Gestión Retención;Intención de renuncia - Instant Call;Problemas económicos;CICLO FMC DIA 24-23;8;2P TELEFONIA SIN LIMITES GPON ABR25 3.7;Telefonia;25/6/2025;1/7/2026 18:08:52;31/7/2026;3/8/2026 19:13:31;Origen_Asesores_CAC;Destino_RetInstantCall_RET;;CEDULA;25236137;1758760514;;HUAWEI;HG8145X6-13;Traslado fuera de Cobertura;U1C034;MARIELA CAROLINA OLIVO OROZCO;RUSSIAN GUERRA MIGUEL SALVADOR DE JESUS;GRACE ALICIA GUERRERO HERRERA;R1;Ntgmolir 0963060729 / Id 3001126021 Cliente No Desea Mantener El Servicio Activo Se Le Indica Valor Y Fecha De Eliminacion Y Retiro De Equipos;Instant Call;48575443D765FCB1;Closed;0020821780;GPON;0963060729;E079-CAC MALL JARDIN;gguerreh
2026;2026;agosto;19;WO0000001939549;1;Gestión de Retención;RECHAZO;RECHAZADO;ASIGNACIÓN INCORRECTA DE GRUPO;Gestión Retención;Intención de renuncia - Instant Call;Falla en el servicio - Imputables a claro;CICLO FMC DIA 2-1;8;2P CONVERGENTE INTERNET 1024 MBPS + HBO MAX GPON JUL26 7.0;Internet;;19/8/2026 19:22:56;9/9/2026;29/8/2026 2:45:33;Origen_Asesores_CAC;Destino_RetInstantCall_RET;;;1001762790;0952835999001;;;;Asignación incorrecta de grupo;;IVAN EDUARDO GUEVARA ORTEGA;MERINO SAN LUCAS JUAN SEBASTAIN;EVELIN NARCISA SUAREZ VELIZ;R2;Ntgmolir 0968559985 /  Tramite Rechazado Instant Call No Tramita Cliente Con Ruc;INSTANT CALL;;Closed;0021809780;GPON;0968559985;E035-CAC RIOCENTRO NORTE;esuarezv
2026;2026;agosto;21;WO0000001949984;1;Gestión de Retención;No contactado;NO CONTACTADO;NO CONTACTADO;Gestión Retención;Intención de renuncia - Instant Call;Otra Persona usa el servicio;CICLO FMC DIA 26-25;8;Internet 400 Mbps + MAX JUN26 2.0;Internet;17/11/2023;21/8/2026 16:14:49;3/10/2026;30/8/2026 2:45:16;Origen_Asesores_CAC;Destino_RetInstantCall_RET;;CEDULA;1000474913;0908792666;3C82C0825D6C;EMTA TECHNICOLOR 32X8 CGA4233CLE2 DOCSIS 3.1;TECHNICOLOR CGA4233CLE2;No contactado;G02010;IVAN EDUARDO GUEVARA ORTEGA;BELLOLIO JALIL PEDRO LUIS;ALEXIS MICHELLE GOMEZ MIRANDA;R2;Ntgmolir 0967941133 / Id 2001331075 Clienteno Contesta Se Deja Mensaje De Voz;Instant Call;CP2211SU0JL;Closed;0019517840;HFC;0967941133;E037-CAC SAN MARINO;agomezm
2026;2026;julio;7;WO0000001834831;1;Gestión de Retención;No contactado;NO CONTACTADO;NO CONTACTADO;Gestión Retención;Intención de renuncia - Instant Call;Inconformidad con el servicio;CICLO FMC DIA 26-25;8;Internet 850 Mbps JUN26;Internet;24/7/2025;7/7/2026 10:06:39;2/8/2026;3/8/2026 19:19:59;Origen_Asesores_CAC;Destino_RetInstantCall_RET;;CEDULA;1001273743;0908993777;;HUAWEI;HG8145X6-13;No contactado;G3C123;MARIELA CAROLINA OLIVO OROZCO;CARDENAS LOPEZ GLENDA LIZ;MARIA JOSE VERDUGA VIERA;R2;Ntgmolir 0986579212 / Id 1001169785 Cliente No Contesta Se Deja Mensaje De Voz;instantcall;4857544340E6AFB2;Closed;0020902525;GPON;0986579212;E017-CAC 9 DE OCTUBRE 1;mverdugv
2026;2026;septiembre;17;WO0000002028786;1;;;NO CONTACTADO;;Gestión Retención;Intención de renuncia - Instant Call;Problemas personales;CICLO FMC DIA 26-25;0;3P - Sin Limites GPON MAR24 V1;Telefonia;9/12/2024;17/9/2026 11:24:36;3/10/2026;17/9/2026 11:24:36;Origen_Asesores_CAC;Destino_RetInstantCall_RET;;CEDULA;45059352;0908684152;;HUAWEI;HG8145X6-10;-;G01053;;COLOBON CANCHINGRE JUAN EDUARDO;MICHELLE ANGGYE MINCHALA FUENTES;R2;;renuncia;4857544319A294B0;Assigned;0017841491;GPON;0994610836;E032-CAC POLICENTRO;mminchaf
2026;2026;agosto;7;WO0000001906327;1;Gestión de Retención;No contactado;NO CONTACTADO;NO CONTACTADO;Gestión Retención;Intención de renuncia - Instant Call;Inconformidad de facturación;CICLO FMC DIA 15-14;8;3P TODO CLARO EPICO PRO 300 MBPS GPON JUL24 2.0;Internet;7/2/2025;7/8/2026 10:14:00;22/8/2026;17/8/2026 2:45:11;Origen_Asesores_CAC;Destino_RetInstantCall_RET;;CEDULA;1001010893;0954879276;;HUAWEI;HG8145X6-10;No contactado;G1C009;IVAN EDUARDO GUEVARA ORTEGA;NAVARRO ABUNDIS JAIME ALEJANDRO;JONATHAN EDDIE ESPINOZA LEON;R2;Ntgmdomc / Contacto: 0988886146 /   Id De Llamada: 1001893814 / Cliente No Contesta, Nos Comunicamos Varias Veces, Se Deja Mensaje De Voz;INSTANT CALL;485754439CDE9EB0;Closed;0020598512;GPON;0988886146;E034-CAC RIOCENTRO ENTRE RIOS;jespinol
2026;2026;julio;9;WO0000001841868;1;Gestión de Retención;RETENIDO;RETENIDO;TRASLADO;Gestión Retención;Intención de renuncia - Instant Call;Traslado no atendido o fuera de tiempo;CICLO FMC DIA 15-14;8;Internet 550 Mbps + MAX JUN26;Internet;13/7/2023;9/7/2026 18:23:02;22/7/2026;3/8/2026 19:23:58;Origen_Asesores_CAC;Destino_RetInstantCall_RET;Traslado;CEDULA;1000348557;1350794101;;HUAWEI;HG8145X6-10;;G01054;IVAN EDUARDO GUEVARA ORTEGA;CEDEÑO SANTOS IVANA LILIBETH;EMILIO ANDRES GILER FLORES;R2;Ntgmdomc / Contacto: 0980196449 /   Id De Llamada: 1001839600 - 1001840006 - 1001841413 / Cliente Retenido Con Traslado Sin Costo;INTENCIÓN RENUNCIA POR MALA ATENCIÓN;485754434A3BFEAF;Closed;0019376313;GPON;0980196449;CAC MALL DEL NORTE;egilerf
2026;2026;septiembre;17;WO0000002028765;1;;;NO CONTACTADO;;Gestión Retención;Intención de renuncia - Instant Call;Problemas económicos;CICLO FMC DIA 26-25;0;Internet 900 Mbps MAR26;Internet;9/12/2024;17/9/2026 11:21:59;3/10/2026;17/9/2026 11:21:59;Origen_Asesores_CAC;Destino_RetInstantCall_RET;;CEDULA;1000932186;0908684152;;HUAWEI;HG8145X6-10;-;G01053;;COLOBON CANCHINGRE JUAN EDUARDO;MICHELLE ANGGYE MINCHALA FUENTES;R2;;renuncia internet;4857544319A294B0;Assigned;0017841491;GPON;0994610836;E032-CAC POLICENTRO;mminchaf
2026;2026;julio;6;WO0000001833670;1;Gestión de Retención;RECHAZO;RECHAZADO;ASIGNACIÓN INCORRECTA DE GRUPO;Gestión Retención;Intención de renuncia - Instant Call;Traslado fuera de cobertura;CICLO FMC DIA 26-25;8;2P INTERNET 400 MBPS + ECDF  JUN26;Internet;;6/7/2026 16:00:12;2/8/2026;3/8/2026 19:19:23;Origen_Asesores_CAC;Destino_RetInstantCall_RET;;;1001218586;1712755691001;;;;Asignación incorrecta de grupo;;IVAN EDUARDO GUEVARA ORTEGA;CUMBA AYALA FRANCISCO JAVIER;KATHERINE JOHANA MERCADO OLIVARES;R1;Ntgmdomc / Se Rechaza Por Mala Derivacion, No Se Atienden Clientes Con Ruc;cliente solicita el cierre del servicio hogar por cambio de direccion internet y telefonia;;Closed;0020842915;GPON;0999558333;E066-CAC EL BOSQUE;kmercado
2026;2026;julio;10;WO0000001843355;1;Gestión de Retención;NO RETENIDO;NO RETENIDO;VIAJE;Gestión Retención;Intención de renuncia - Instant Call;Cambio de proveedor;CICLO FMC DIA 11-10;8;Internet 400 Mbps;Internet;29/4/2015;10/7/2026 13:51:59;18/8/2026;3/8/2026 19:24:49;Origen_Asesores_CAC;Destino_RetInstantCall_RET;;CEDULA;2202293368;1707274278;94E8C54ABE62;EMTA WIFI ARRIS-TG862A;TG862 ARRI;Viaje;U04073;IVAN EDUARDO GUEVARA ORTEGA;MARTINEZ LARREA IVAN FRANCISCO;CRISTIAN ALEXIS GARCIA PAZOS;R1;Ntgmdomc / Contacto: 0978759239 /   Id De Llamada: 1001984271 / Cliente Desiste De Sus Servicios Porque Sale Del Pais, Se Va A Vivir A España, No Accede A Herramientas De Rtencion Y Se Menciona Sobre Facturas A Generar Este Mes Mas Mora Y Reactivacion, Acepta Todo;su ayuda con renuncia del servicio;87F2STLBJ103461;Closed;0017715179;HFC;0978759239;E066-CAC EL BOSQUE;cgarciap
2026;2026;septiembre;22;WO0000002047090;1;;;NO CONTACTADO;;Gestión Retención;Intención de renuncia - Instant Call;Inconformidad con el servicio;CICLO FMC DIA 11-10;0;2P TELEFONIA SIN LIMITES GPON ABR24;Telefonia;6/4/2023;22/9/2026 11:45:49;18/10/2026;22/9/2026 11:45:49;Origen_Asesores_CAC;Destino_RetInstantCall_RET;;CEDULA;25182761;1715645246;;ZTE;F6505N;-;U1C115;;CUSHICAGUA SIMBAÑA NELSON PAUL;GRACE ALICIA GUERRERO HERRERA;R1;;Instant Call;ZTEGDA1C652F;Assigned;0019272953;GPON;0984675528;E079-CAC MALL JARDIN;gguerreh
2026;2026;agosto;14;WO0000001923110;1;Gestión de Retención;NO RETENIDO;NO RETENIDO;FALLAS EN EL SERVICIO - IMPUTABLES A CLARO;Gestión Retención;Intención de renuncia - Instant Call;Fallas en el servicio imputables al cliente;CICLO FMC DIA 11-10;8;2P TODO CLARO EPICO PLUS 550 MBPS+ECDF GPON JUN26 5.2;Internet;30/1/2021;14/8/2026 13:03:27;18/9/2026;27/8/2026 2:45:12;Origen_Asesores_CAC;Destino_RetInstantCall_RET;;CEDULA;2216360863;0925474553;;HUAWEI;HG8145X6-13;Fallas en el Servicio - Imputables a Claro;G06036;IVAN EDUARDO GUEVARA ORTEGA;RODRIGUEZ VELASQUEZ TANIA ISABEL;KEYLA BETZABE HIDALGO MATEO;R2;Ntgmolir 0958628646 / Id 3001792675 Cliente No Accede A Herramientas De Retencion Se Le Indica Fecha De Eliminacion Y De Retiro De Equipos;CLIENTE SOLICITA ANULACION DE SERVICIOS;48575443D70C09B1;Closed;0017537274;GPON;0958628646;E034-CAC RIOCENTRO ENTRE RIOS;khidalgm
2026;2026;julio;31;WO0000001890541;1;Gestión de Retención;RECHAZO;RECHAZADO;YA TIENE ORDEN DE BAJA INGRESADA;Gestión Retención;Intención de renuncia - Instant Call;Cierre de negocio;CICLO FMC DIA 26-25;8;3P TODO CLARO NUEVA TV SUPER GPON JUL24 5.2;Television;26/11/2024;31/7/2026 11:43:15;2/9/2026;3/8/2026 19:50:45;Origen_Asesores_CAC;Destino_RetInstantCall_RET;;CEDULA;1000908714;0602932089;;DECODIFICADOR IPTV SEI ROBOTICS;SEI800AMX;Ya tiene orden de baja ingresada;U02043;MARIELA CAROLINA OLIVO OROZCO;BUSTOS ROMERO STEFAN JAVIER;PAUL ALFREDO PINO LAGUATASIG;R1;Ntgmolir 0999818650 / Cliente Ya Tiene Ingresada Labaja;renuncia - Instant Call;GZ24050532718530;Closed;0017900780;GPON;0999818650;E066-CAC EL BOSQUE;ppinol
2026;2026;julio;10;WO0000001843370;1;Gestión de Retención;NO RETENIDO;NO RETENIDO;VIAJE;Gestión Retención;Intención de renuncia - Instant Call;Cambio de proveedor;CICLO FMC DIA 26-25;8;Internet 400 Mbps;Internet;19/8/2022;10/7/2026 13:57:09;2/8/2026;3/8/2026 19:24:50;Origen_Asesores_CAC;Destino_RetInstantCall_RET;;CEDULA;1000079294;1707274278;087E644BE6F4;EMTA TECHNICOLOR CGA0112 DUAL BAND 8X4;TECHNICOLOR CGA0112;Viaje;U04073;IVAN EDUARDO GUEVARA ORTEGA;MARTINEZ LARREA IVAN FRANCISCO;CRISTIAN ALEXIS GARCIA PAZOS;R1;Ntgmdomc / Contacto: 0978759239 /   Id De Llamada: 1001984271 / Cliente Desiste De Sus Servicios Porque Sale Del Pais, Se Va A Vivir A España, No Accede A Herramientas De Rtencion Y Se Menciona Sobre Facturas A Generar Este Mes Mas Mora Y Reactivacion, Acepta Todo;su ayuda con renuncia;L30203927416266;Closed;0018364280;HFC;0978759239;E066-CAC EL BOSQUE;cgarciap
2026;2026;julio;6;WO0000001834195;1;Gestión de Retención;NO RETENIDO;NO RETENIDO;CAMBIO DE PROVEEDOR;Gestión Retención;Intención de renuncia - Instant Call;Problemas económicos;CICLO FMC DIA 11-10;8;Internet 900 Mbps MAR26;Internet;30/12/2020;6/7/2026 18:11:30;18/8/2026;3/8/2026 19:19:39;Origen_Asesores_CAC;Destino_RetInstantCall_RET;;CEDULA;2216245515;1200958336;;HUAWEI;HG8245W5;Cambio de Proveedor;Q1C005;IVAN EDUARDO GUEVARA ORTEGA;BURGOS RODRIGUEZ RUTH NOEMI;JEAN CARLO PLUAS AGUIRRE;R2;Ntgmdomc / Contacto: 0990980144 /   Id De Llamada: 1001091249 / Cliente Desiste De Sus Servicios Porque Indica Que No Le Ayudaron Con El Problema Que Mantenia Ya Que Estuve Un Mes Sin Servicio, No Accede A Herramientas De Retencion Y Se Menciona Sobre Las 2 Ultimas Facturas;INSTANT CALL;485754431898C6A1;Closed;0017425265;GPON;0999395237;E051-CAC QUEVEDO;jpluasa
2026;2026;julio;14;WO0000001850878;1;Gestión de Retención;NO RETENIDO;NO RETENIDO;MANTENIMIENTO NO ATENDIDO O FUERA DE TIEMPO;Gestión Retención;Intención de renuncia - Instant Call;Mantenimiento no atendido o fuera de tiempo;CICLO FMC DIA 26-25;8;Internet 400 Mbps;Internet;16/3/2015;14/7/2026 11:17:31;2/8/2026;3/8/2026 19:29:14;Origen_Asesores_CAC;Destino_RetInstantCall_RET;;CEDULA;2202106947;0904090156;ECA81F661034;EMTA TECHNICOLOR CGA2121 DUAL BAND 8X4;TECHNICOLOR CGA2121;Mantenimiento no atendido o fuera de tiempo;G03061;IVAN EDUARDO GUEVARA ORTEGA;CRUZ MOREIRA SILVIA TERESITA;CARLOS FRANCISCO PONCE CAMPODONICO;R2;Ntggcase 0998921337 / Id 2001632296/Cliente Molesta, Lleva Varias Ocasiones Solicitando El Cambio A Fibra Optica Y No Lo Hacen, A Tenido Varios Problemas Con El Servicio. No Acepta Beneficios. Se Ingresa El Proceso De Renuncia, Se Indica El Proceso Al Cliente.;INTENTO DE RENUNCIA POR FALLAS NO ATENDIDAS;358912021506105758;Closed;0017428982;HFC;0998921337;E017-CAC 9 DE OCTUBRE 1;cponcep
2026;2026;julio;30;WO0000001887816;1;Gestión de Retención;NO RETENIDO;NO RETENIDO;FALLAS EN EL SERVICIO - IMPUTABLES A CLARO;Gestión Retención;Intención de renuncia - Instant Call;Problemas económicos;CICLO FMC DIA 24-23;8;1P  TODO CLARO Hiperconectado 400 Mbps + HBO MAX  GPON;Internet;15/11/2023;30/7/2026 11:23:27;31/8/2026;3/8/2026 19:49:17;Origen_Asesores_CAC;Destino_RetInstantCall_RET;;CEDULA;1000474646;1722430004;;ZTE;F680V6;Fallas en el Servicio - Imputables a Claro;U01125;MARIELA CAROLINA OLIVO OROZCO;MENDOZA COQUE MARITZA DEL CARMEN;ANTONIO CESAR RINCONES DIAZ;R1;Ntgmolir 0967647431 / Id 3001560081 Cliente No Accede A Proceso De Retencion Se Indica Valor A Pagr El Tiempo De Pago Y El Medio De Pago Retiro De Equipos Y Eliminacion De Servicio;INSTANCALL;ZTEGD1DBF3B5;Closed;0019663002;GPON;0967647431;E067-EDIF ETECO;arincond
2026;2026;agosto;14;WO0000001922282;1;Gestión de Retención;RECHAZO;RECHAZADO;ORDEN DUPLICADA;Gestión Retención;Intención de renuncia - Instant Call;Falla en el servicio - Imputables a claro;CICLO FMC DIA 26-25;8;Internet 400 Mbps;Internet;13/10/2020;14/8/2026 10:16:35;2/9/2026;27/8/2026 2:45:11;Origen_Asesores_CAC;Destino_RetInstantCall_RET;;CEDULA;2215920239;0943760165;;HUAWEI;HG8145X6-10;Orden duplicada;G04009;IVAN EDUARDO GUEVARA ORTEGA;BARDI VERA GENESIS ARIANNA;PATRICIO DAVID POZO PARRA;R2;Duplicada;Intención renuncia;485754434A0CCFAF;Closed;0020587316;GPON;0939883597;E035-CAC RIOCENTRO NORTE;ppozor
2026;2026;agosto;25;WO0000001960990;1;;;NO CONTACTADO;;Gestión Retención;Intención de renuncia - Instant Call;Viaje;CICLO FMC DIA 11-10;0;2 PLAY - Nueva TV Super GPON MAR24 1.1;Television;21/7/2016;25/8/2026 13:50:18;18/9/2026;25/8/2026 13:50:18;Origen_Asesores_CAC;Destino_RetInstantCall_RET;;CEDULA;2205524317;1802376572;;DECODIFICADOR IPTV SEI ROBOTICS;SEI800AMX;-;U03052;;MONTESDEOCA AYALA BLANCA SUSANA;MARTIN NICOLAS LIMA DAVILA;R1;;CLIENTE YA NO DESEA EL SERVICIO. CONTACTO: 0984218964;GZ25030231703633;Assigned;0017538642;GPON;0984218964;E079-CAC MALL JARDIN;mlimaa
2026;2026;agosto;12;WO0000001916914;1;Gestión de Retención;RECHAZO;RECHAZADO;SOLO SOLICITA INFORMACIÓN;Gestión Retención;Intención de renuncia - Instant Call;Cambio de tecnología;CICLO FMC DIA 2-1;8;Internet 1000 Mbps JUN26;Internet;16/5/2024;12/8/2026 12:49:46;9/9/2026;24/8/2026 2:45:18;Origen_Asesores_CAC;Destino_RetInstantCall_RET;;CEDULA;1000660532;0702121484;;HUAWEI;HG8245W5-6T;Solo solicita Información;U5C006;IVAN EDUARDO GUEVARA ORTEGA;MARTINEZ DELGADO ALBERTO KENIDE;GIANELLA GRIMANEZA AMBULUDI ROLDAN;R1;Ntgmolir 986283654 / Id 3001410734  Cliente Indica Que Se Va Acercar A La Agencia Para Realizar Eliminacion Ya Que No Esta Deacuerdo Con El Costo De Instalacion Y Porque En La Agencia Le Idnicaron Otro Valor Y  Se Le Idnica Que El Servicio Se Sigue Manteniendo Activo Y Facturando;INSTAN CALL;48575443A0C93EAC;Closed;0020054840;GPON;986283654;E070-CAC QUICENTRO SUR;gambulur
2026;2026;agosto;18;WO0000001933459;1;Gestión de Retención;RECHAZO;RECHAZADO;SOLO SOLICITA INFORMACIÓN;Gestión Retención;Intención de renuncia - Instant Call;Cambio de proveedor;CICLO FMC DIA 11-10;8;3P TODO CLARO TELEFONIA SIN LIMITES GPON JUL24 2.1;Telefonia;3/10/2022;18/8/2026 17:44:33;18/9/2026;29/8/2026 2:45:31;Origen_Asesores_CAC;Destino_RetInstantCall_RET;;CEDULA;25194229;1003553425;;HUAWEI;HG8245W5;Solo solicita Información;U4C007;IVAN EDUARDO GUEVARA ORTEGA;ARIAS MEZA CARLOS EDUARDO;CRISTIAN ALEXIS GARCIA PAZOS;R1;Ntgmolir 0987404213 / Id 1001792744 Cliente Indica Quee No Va Hacer La Eliminacion De Este Servicio Se Va A Comunicar Al 611;su ayuda con renuncia del servicio;48575443F1CBFEA6;Closed;0019060411;GPON;0987404213;E066-CAC EL BOSQUE;cgarciap
2026;2026;septiembre;3;WO0000001989699;1;;;NO CONTACTADO;;Gestión Retención;Intención de renuncia - Instant Call;Problemas económicos;CICLO FMC DIA 26-25;0;3P NUEVA TV SUPER GPON ABR25;Television;16/5/2025;3/9/2026 16:29:35;3/10/2026;3/9/2026 16:29:36;Origen_Asesores_CAC;Destino_RetInstantCall_RET;;CEDULA;1001162528;1712324381;;DECODIFICADOR IPTV SEI ROBOTICS;SEI800AMX;-;U03046;;BEDON PILLAPA SEGUNDO XAVIER;GRACE ALICIA GUERRERO HERRERA;R1;;Instant Call;GZ24050532707619;Assigned;0019837471;GPON;0992316189;E079-CAC MALL JARDIN;gguerreh
2026;2026;julio;8;WO0000001838352;1;Gestión de Retención;RETENIDO;RETENIDO;CON EL MISMO SERVICIO;Gestión Retención;Intención de renuncia - Instant Call;Problemas económicos;CICLO FMC DIA 17-16;8;2P CONVERGENTE GPON TELF SIN LIMITES NOV25 94;Telefonia;15/4/2026;8/7/2026 13:34:41;24/7/2026;3/8/2026 19:21:52;Origen_Asesores_CAC;Destino_RetInstantCall_RET;Con el mismo servicio;CEDULA;25106401;1711010353;;ZTE;F6505N;;U5C261;IVAN EDUARDO GUEVARA ORTEGA;RUIZ ZAMBRANO DORIS PAULINA;MARCO ARMANDO GONZALEZ CASTRO;R1;Ntgmdomc / Contacto: 0986817483 /   Id De Llamada: 1001476702 - 1001473492 / Cliente Se Mantiene Con  Sus Servicios, Se Brinda Informacion De Los Planes Que Mantenemos Y Que Se Le Puede Realizar El Cambio, Cliente Indica Que Validara Lo Que Mejor Le Conviene Y Se Volvera A Comunicar Ya Que Desea Un Paquete De Discapacidad De La Cual Indica Que Agencia No Le Puede Realizar;instan call;ZTEGDA1C5D81;Closed;0021382473;GPON;0986817483;E079-CAC MALL JARDIN;mgonzalc
2026;2026;agosto;10;WO0000001911974;1;Gestión de Retención;RECHAZO;RECHAZADO;SOLO SOLICITA INFORMACIÓN;Gestión Retención;Intención de renuncia - Instant Call;Problemas económicos;CICLO FMC DIA 4-3;8;2P TODO CLARO EPICO PLUS 550 MBPS+ECDF GPON JUN26 5.2;Internet;3/2/2025;10/8/2026 12:31:48;11/9/2026;24/8/2026 2:45:14;Origen_Asesores_CAC;Destino_RetInstantCall_RET;;CEDULA;1000999497;0953248085;;HUAWEI;HG8145X6-10;Solo solicita Información;G4C083;IVAN EDUARDO GUEVARA ORTEGA;REYES SANCHEZ MELISSA JAMILEX;KEYLI DOMENICA GUILLEN CASTRO;R2;Ntgmolir 0995523791 / Id 3001154850  Cliente Indica Que Tiene Una Denuncia Ingresada En La Arcotel Y Que Al Momento De Tener La Resolucion Se  Acerca Agencia Para Seguir El Proceso Ya Que No Desea Pagar Los Costos De Instalacion;instant call;48575443657B95B0;Closed;0020580813;GPON;0995523791;CAC MALL DEL NORTE;kguillec
2026;2026;septiembre;2;WO0000001986627;1;;;NO CONTACTADO;;Gestión Retención;Intención de renuncia - Instant Call;Traslado fuera de cobertura;CICLO FMC DIA 2-1;0;1P TODO CLARO HIPERCONECTADO 400 MBPS + ECDF JUN26;Internet;23/6/2024;2/9/2026 17:26:13;9/10/2026;2/9/2026 17:26:13;Origen_Asesores_CAC;Destino_RetInstantCall_RET;;CEDULA;1000701906;2200031041;;HUAWEI;HG8145X6-10;-;A1C065;;TORRES CORTEZ TANIA TATIANA;JONATHAN DAVID ROSADO ASUNCION;R1;;INSTANT CALL;48575443442439AF;Assigned;0020168730;GPON;985662330;E085-CAC COCA;jrosadoa
2026;2026;agosto;12;WO0000001916410;1;Gestión de Retención;No contactado;NO CONTACTADO;NO CONTACTADO;Gestión Retención;Intención de renuncia - Instant Call;Problemas económicos;CICLO FMC DIA 26-25;8;2 PLAY Hogar Ilimitado GPON.1;Telefonia;12/5/2023;12/8/2026 11:18:32;2/9/2026;29/8/2026 2:45:28;Origen_Asesores_CAC;Destino_RetInstantCall_RET;;CEDULA;25184847;1721291498;;HUAWEI;HG8245W5;No contactado;U1C059;IVAN EDUARDO GUEVARA ORTEGA;SANCHEZ REAL JUAN ANDRES;DHONY OSWALDO OCHOA RAGUA;R1;Ntgmolir 0992367088 / Cliente Ya Fue Atendido En La Orden Wo0000001916495;Cliente desea hacer el cierre del servicio de Teefonia;48575443D2FF87A8;Closed;0019323178;GPON;0992367088;E066-CAC EL BOSQUE;dochoar
2026;2026;julio;21;WO0000001868609;1;Gestión de Retención;NO RETENIDO;NO RETENIDO;PROBLEMAS ECONÓMICOS;Gestión Retención;Intención de renuncia - Instant Call;Problemas económicos;CICLO FMC DIA 2-1;8;3P TODO CLARO Super Conectado Pro Hogar Sin Limites GPON.1;Telefonia;6/12/2023;21/7/2026 16:48:41;9/8/2026;3/8/2026 19:39:04;Destino_RetInstantCall_RET;Destino_RetInstantCall_RET;;CEDULA;25176957;1711598050;;HUAWEI;HG8145X6-13;Problemas Económicos;U1C023;IVAN EDUARDO GUEVARA ORTEGA;SEGURA GOYES IRENE MARIA;IVAN EDUARDO GUEVARA ORTEGA;R1;Ntggcase 0999618988 / Se Ingresa La Baja Con Valores;INSTANCALL;48575443665079B3;Closed;0020202569;GPON;0999618988;CANTEC UIO;ntgigueo
2026;2026;julio;13;WO0000001849395;1;Gestión de Retención;NO RETENIDO;NO RETENIDO;PROBLEMAS ECONÓMICOS;Gestión Retención;Intención de renuncia - Instant Call;Problemas económicos;CICLO FMC DIA 2-1;8;2P INTERNET 550MBPS + ECDF GPON JUN26;Internet;24/9/2022;13/7/2026 16:17:25;9/8/2026;3/8/2026 19:28:21;Origen_Asesores_CAC;Destino_RetInstantCall_RET;;CEDULA;2218929234;1712748027;;ZTE;F6505N;Problemas Económicos;U02072;IVAN EDUARDO GUEVARA ORTEGA;PILATASIG QUIMBITA SILVIA AMPARO;DHONY OSWALDO OCHOA RAGUA;R1;Ntggcase 0995209805 / Id 2001504452/Cliente Contrato Un Nuevo Servicio Con Claro Mismo, Indica Que El Que Estaba Utilizando Estaba Fallando. No Acepta Beneficios. Se Procede Con La Renuncia;Cliente desea hacer el cierre del servicio de Internet;ZTEGD829DAD9;Closed;0019090348;GPON;0995209805;E066-CAC EL BOSQUE;dochoar
2026;2026;julio;13;WO0000001849546;1;Gestión de Retención;NO RETENIDO;NO RETENIDO;MALA VENTA CAC, CC, DAS;Gestión Retención;Intención de renuncia - Instant Call;Inconformidad con el servicio;CICLO FMC DIA 26-25;8;1P - INTERNET 400 Mbps;Internet;15/11/2022;13/7/2026 17:00:02;2/8/2026;3/8/2026 19:28:27;Origen_Asesores_CAC;Destino_RetInstantCall_RET;;CEDULA;1000136284;0911522365;7C1689C906A0;EMTA SAGEMCOM 24X8 DOCSIS3.0 DUAL BAND;FAST3686 SAGEMCOM;Mala venta CAC, CC, DAS;G04024;MARIELA CAROLINA OLIVO OROZCO;MACIAS ASENCIO WILLIAM ALBERTO;PATRICIO DAVID POZO PARRA;R2;Ntgmolir 0994753500 / Id 2001513973 Cliente No Permite Proporcionar Herramientas De Retencion Y Se Le Indica La Fecha De Eliminacion Y Retiro De Equipos;Intención Renuncia;NQ2131254002249;Closed;0019146686;HFC;0994753500;E035-CAC RIOCENTRO NORTE;ppozor
2026;2026;agosto;15;WO0000001925933;1;Gestión de Retención;RECHAZO;RECHAZADO;YA TIENE ORDEN DE BAJA INGRESADA;Gestión Retención;Intención de renuncia - Instant Call;Falta de uso;CICLO FMC DIA 26-25;8;Internet 400 Mbps;Internet;20/1/2023;15/8/2026 14:12:48;2/9/2026;27/8/2026 2:45:14;Origen_Asesores_CAC;Destino_RetInstantCall_RET;;CEDULA;1000186507;0914688031;D833B7246F90;EMTA SAGEMCOM 24X8 DOCSIS3.0 DUAL BAND;FAST3686 SAGEMCOM;Ya tiene orden de baja ingresada;G03055;IVAN EDUARDO GUEVARA ORTEGA;VERDEZOTO MENDOZA HECTOR ARISTOTELES;JAVIER ANTONIO DEFAS MONTALVAN;R2;Ntgmolir 0992106339 / Cliente Ya Tiene Ingresada La Orden De Baja De Servicio;instantcall;NQ2205354005471;Closed;0019208176;HFC;0992106339;E023-CAC HIPER VIA DAULE;jdefasm
2026;2026;agosto;2;WO0000001894738;1;Gestión de Retención;NO RETENIDO;NO RETENIDO;OTRA PERSONA USA EL SERVICIO;Gestión Retención;Intención de renuncia - Instant Call;Otra Persona usa el servicio;CICLO FMC DIA 11-10;8;Internet 750 Mbps MAR26;Internet;7/2/2023;2/8/2026 16:52:52;18/8/2026;6/8/2026 2:45:14;Origen_Asesores_CAC;Destino_RetInstantCall_RET;;CEDULA;1000128835;0920377934;;HUAWEI;HG8145X6-13;Otra Persona Usa El Servicio;G05064;IVAN EDUARDO GUEVARA ORTEGA;CHAVEZ MURIEL ELVIS CAMILO;BOLIVAR GEOVANNY DEL HIERRO IZAGUIRRE;R2;Ntggcase 0963327243/0992408206 / Id 3001400831 / Cliente Indica Que No Sabe Quien Es La Persona Que Esta Haciendo Uso Del Servicio, Según Nunca Contrato El Servicio En La Dirección Indicada. Menciona Ademas Que Va A Solicitar Una Aclaración De La Venta De Ese Servicio, Ya Que No Esta De Acuerdo Con La Ultima Factura Que Se Va A Generar Y No Sabe Como Se Va A Entregar Los Equipos.;INSTANT CALL;48575443BFDD26B1;Closed;0019126578;GPON;0963327243;E022-CAC TERMINAL TERRESTRE;bdelhiei
2026;2026;agosto;19;WO0000001935971;1;Gestión de Retención;No contactado;NO CONTACTADO;NO CONTACTADO;Gestión Retención;Intención de renuncia - Instant Call;Problemas económicos;CICLO FMC DIA 24-23;8;2P - TODO CLARO HIPERCONECTADO 400 MEGAS + ECDF GPON;Internet;21/10/2023;19/8/2026 12:00:09;1/10/2026;29/8/2026 2:45:32;Origen_Asesores_CAC;Destino_RetInstantCall_RET;;CEDULA;1000451485;0703906644;;ZTE;F6600P;No contactado;U03003;IVAN EDUARDO GUEVARA ORTEGA;ALVARADO RIOFRIO DARLIN GABRIELA;ALEXANDRA GABRIELA MORA ZAMBRANO;R1;Ntgmolir 0963303966 / Cliente Atendido En La Orden Wo0000001941311;INSTANT CALL;ZTEGD712B672;Closed;0019514080;GPON;0963303966;E079-CAC MALL JARDIN;amoraz
2026;2026;septiembre;22;WO0000002047110;1;;;NO CONTACTADO;;Gestión Retención;Intención de renuncia - Instant Call;Inconformidad con el servicio;CICLO FMC DIA 8-7;0;2P CONVERGENTE INTERNET 1024 MBPS + PRIME GPON JUL26 9.0;Internet;7/9/2026;22/9/2026 11:47:22;15/10/2026;22/9/2026 11:47:23;Origen_Asesores_CAC;Destino_RetInstantCall_RET;;CEDULA;1001786451;1715645246;;HUAWEI;HG8145X6-13;-;U4C005;;CUSHICAGUA SIMBAÑA NELSON PAUL;GRACE ALICIA GUERRERO HERRERA;R1;;Instant Call;485754436E1464B4;Assigned;0021958044;GPON;0984675528;E079-CAC MALL JARDIN;gguerreh
2026;2026;septiembre;22;WO0000002047126;1;;;NO CONTACTADO;;Gestión Retención;Intención de renuncia - Instant Call;Inconformidad con el servicio;CICLO FMC DIA 8-7;0;2P CONVERGENTE TELEFONIA SIN LIMITES GPON JUL26 9.0;Telefonia;7/9/2026;22/9/2026 11:50:31;15/10/2026;22/9/2026 11:50:31;Origen_Asesores_CAC;Destino_RetInstantCall_RET;;CEDULA;25147856;1715645246;;HUAWEI;HG8145X6-13;-;U4C005;;CUSHICAGUA SIMBAÑA NELSON PAUL;GRACE ALICIA GUERRERO HERRERA;R1;;Instant Call;485754436E1464B4;Assigned;0021958044;GPON;0984675528;E079-CAC MALL JARDIN;gguerreh
2026;2026;agosto;19;WO0000001935974;1;Gestión de Retención;No contactado;NO CONTACTADO;NO CONTACTADO;Gestión Retención;Intención de renuncia - Instant Call;No dar motivos;CICLO FMC DIA 26-25;8;3P TODO CLARO Esencial Pro 400 Mbps GPON;Internet;24/3/2022;19/8/2026 11:59:24;2/9/2026;29/8/2026 2:45:32;Origen_Asesores_CAC;Destino_RetInstantCall_RET;;CEDULA;1000036850;1716578230;;HUAWEI;HG8245W5;No contactado;U5C003;IVAN EDUARDO GUEVARA ORTEGA;GALARRAGA MOSQUERA MAURO IVAN;MARTIN NICOLAS LIMA DAVILA;R1;Ntgmolir 0988042104 / Id 1001737981 Cliente No Contesta Se Deja Mensaje De Voz;CLIENTE DESEA CANCELAR SU SERVICIO. CONTACTO: 0988042104;485754434B28EDA6;Closed;0018014476;GPON;0988042104;E079-CAC MALL JARDIN;mlimaa
2026;2026;julio;10;WO0000001844270;1;Gestión de Retención;RETENIDO;RETENIDO;CON EL MISMO SERVICIO;Gestión Retención;Intención de renuncia - Instant Call;Viaje;CICLO FMC DIA 21-20;8;2P TODO CLARO TELEFONIA SIN LIMITES GPON JUL24 1.3;Telefonia;22/7/2026;10/7/2026 18:27:14;28/7/2026;3/8/2026 19:25:22;Origen_Asesores_CAC;Destino_RetInstantCall_RET;Con el mismo servicio;CEDULA;25002517;1717356297;;;;;U1C121;MARIELA CAROLINA OLIVO OROZCO;SOPA LAICA ROBERTO CARLOS;LISSETH CAROLINA LUCERO GALINDO;R1;Ntgmolir 0987960150 / Id 2001073151 Cliente Va A Conversar Con La Mamá Para Hacer Cambio De Titular Y Se Volveria A Comunicar Al 611;INSTCALL;;Closed;0021098376;GPON;0987960150;E070-CAC QUICENTRO SUR;llucerog
2026;2026;agosto;7;WO0000001906824;1;Gestión de Retención;No contactado;NO CONTACTADO;NO CONTACTADO;Gestión Retención;Intención de renuncia - Instant Call;Cambio de proveedor;CICLO FMC DIA 26-25;8;Internet 400 Mbps;Internet;18/5/2023;7/8/2026 12:12:11;2/9/2026;24/8/2026 2:45:13;Origen_Asesores_CAC;Destino_RetInstantCall_RET;;CEDULA;1000300424;1750426973;;HUAWEI;HG8245W5-6T;No contactado;U1C026;IVAN EDUARDO GUEVARA ORTEGA;CALDERON ZAMBRANO STEFANY ALEXANDRA;CRISTIAN ALEXIS GARCIA PAZOS;R1;Ntgmolir 0995844687 / Id 3001103750  Cliente Cierra La Llamada Se Vuelve A Llamar Pero Contesta Y Cierra La Llamada;su ayuda con renuncia;485754438CF577A8;Closed;0019324366;GPON;0995844687;E066-CAC EL BOSQUE;cgarciap
2026;2026;agosto;3;WO0000001895402;1;Gestión de Retención;RECHAZO;RECHAZADO;YA TIENE ORDEN DE BAJA INGRESADA;Gestión Retención;Intención de renuncia - Instant Call;Problemas económicos;CICLO FMC DIA 24-23;8;1P  TODO CLARO Hiperconectado 400 Mbps + HBO MAX  GPON;Internet;17/1/2024;3/8/2026 10:31:15;31/8/2026;6/8/2026 2:45:40;Origen_Asesores_CAC;Destino_RetInstantCall_RET;;CEDULA;1000534886;1715571152;;ZTE;F6600P;Ya tiene orden de baja ingresada;U02043;IVAN EDUARDO GUEVARA ORTEGA;LOPEZ MONTENEGRO FRANK DANIEL;DHONY OSWALDO OCHOA RAGUA;R1;Ntgmdomc / Contacto: 0989287007 /   Id De Llamada: 3001477384 / Cliente Con Renuncia Ingresada, Se Brinda Informacion Del Proceso Que Le Generaron Y Se Acerara El 4/08 A Cancelar Valor De Factura Y De Permin;Cliente desea hacer el cierre del servicio de INTERNET;ZTEGD712A983;Closed;0019782270;GPON;0989287007;E066-CAC EL BOSQUE;dochoar
2026;2026;septiembre;21;WO0000002042052;1;;;NO CONTACTADO;;Gestión Retención;Intención de renuncia - Instant Call;Traslado fuera de cobertura;CICLO FMC DIA 11-10;0;2P TODO CLARO Esencial Plus 300 Mbps GPON;Internet;22/2/2024;21/9/2026 11:42:55;18/10/2026;21/9/2026 11:42:56;Origen_Asesores_CAC;Destino_RetInstantCall_RET;;CEDULA;1000573326;1700635004;;HUAWEI;HG8245W5-6T;-;U2C018;;CALDERON SAA ANA BEATRIZ;GRACE ALICIA GUERRERO HERRERA;R1;;Instant Call;48575443FDF325AB;Assigned;0019933117;GPON;0998917884;E079-CAC MALL JARDIN;gguerreh
2026;2026;julio;29;WO0000001886473;1;Gestión de Retención;RETENIDO;RETENIDO;TRASLADO;Gestión Retención;Intención de renuncia - Instant Call;Falla en el servicio - Imputables a claro;CICLO FMC DIA 26-25;8;2P CONVERGENTE GPON INT 550 MBPS + NOV25 75;Internet;24/1/2024;29/7/2026 16:34:35;2/9/2026;3/8/2026 19:48:35;Origen_Asesores_CAC;Destino_RetInstantCall_RET;Traslado;CEDULA;1000541841;0917580706;;ZTE;F680V6;;D1C049;IVAN EDUARDO GUEVARA ORTEGA;VELASCO RECALDE DIANA VERONICA;JORGE GABRIEL TOAPANTA ZAMBRANO;R2;Ntgmdomc / Contacto: 0939132212 /   Id De Llamada: 2001616733 - 2001729996 / Cliente Retenido Con Reubicacion Sin Costo, Solicita Que Vayan Otros Tecnicos;INSTANT CALL;ZTEGD1D7B2EC;Closed;0019793034;GPON;0042806407;E034-CAC RIOCENTRO ENTRE RIOS;jtoapanta
2026;2026;julio;1;WO0000001822767;1;Gestión de Retención;NO RETENIDO;NO RETENIDO;PROBLEMAS ECONÓMICOS;Gestión Retención;Intención de renuncia - Instant Call;Problemas económicos;CICLO FMC DIA 28-27;8;2P INTERNET 550 MBPS GPON ABR25 67;Internet;26/6/2025;1/7/2026 12:29:12;4/8/2026;3/8/2026 19:12:51;Origen_Asesores_CAC;Destino_RetInstantCall_RET;;CEDULA;1001230414;0940452733;;HUAWEI;HG8145X6-13;Problemas Económicos;PC1C002;IVAN EDUARDO GUEVARA ORTEGA;MARTINEZ SOTO FRANCISCO ALEJANDRO;CRISTINA VICTORIA OLAYA CORTEZ;R2;Ntgmdomc / Contacto: 0967985233 /   Id De Llamada: 3001023444 / Cliente Desiste De Sus Servicios Porque Indica Que Lo Usa Su Tio El Cual Por Una Enfermedad No Puede Seguir Pagando, Acepta Valores De Permin Y Cancelara En Agencia Dentro De 48h;Instant Call;48575443CD8388B1;Closed;0020858881;GPON;0967985233;E022-CAC TERMINAL TERRESTRE;colayac
2026;2026;agosto;3;WO0000001897265;1;Gestión de Retención;RETENIDO;RETENIDO;DOWNGRADE;Gestión Retención;Intención de renuncia - Instant Call;Inconformidad con el servicio;CICLO FMC DIA 11-10;8;Blindaje -Internet GPON 400 Mbps DIC24 1.120;Internet;30/4/2022;3/8/2026 18:01:45;18/8/2026;6/8/2026 2:47:53;Origen_Asesores_CAC;Destino_RetInstantCall_RET;Downgrade;CEDULA;2218223873;0917478695;;HUAWEI;HG8145X6-10;;G01012;IVAN EDUARDO GUEVARA ORTEGA;PEÑAFIEL BURGOS DIGNA JACQUELINE;EVELIN NARCISA SUAREZ VELIZ;R2;Ntgmdomc / Contacto: 0994342012 /   Id De Llamada: 3001599103 - 3001608736 / Cliente Retenido Con Cambio De Plan Programado Al Corte 100163531 - 2p $20 Todo Claro Gpon- Int 850mbps+Ecdf+Telf Sin Limites Jun26, Se Menciona Sobre Factura De Telefonia Fija Postpagada;intecion de renuncia;48575443644C0AAF;Closed;0017726497;GPON;0994342012;E035-CAC RIOCENTRO NORTE;esuarezv
2026;2026;julio;31;WO0000001891798;1;Gestión de Retención;No contactado;NO CONTACTADO;NO CONTACTADO;Gestión Retención;Intención de renuncia - Instant Call;Problemas económicos;CICLO FMC DIA 8-7;8;Internet 850 Mbps  JUN26;Internet;7/8/2025;31/7/2026 17:01:49;15/8/2026;3/8/2026 19:51:27;Origen_Asesores_CAC;Destino_RetInstantCall_RET;;CEDULA;1001293750;1713028064;;ZTE;F6505N;No contactado;U5C258;MARIELA CAROLINA OLIVO OROZCO;VASQUEZ VERGARA MARIELA LOURDES;MARIA DE LOS ANGELES BAQUERIZO ORTIZ;R1;Ntgmolir 0983392654 / Numero Equivocado No Permite Dejar Mensaje De Voz En Agencia No Realizan Actualizacion De Datos;instancall;ZTEGD829D64B;Closed;0020914388;GPON;0983392654;E070-CAC QUICENTRO SUR;mbaquero
2026;2026;julio;18;WO0000001862114;1;Gestión de Retención;No contactado;NO CONTACTADO;NO CONTACTADO;Gestión Retención;Intención de renuncia - Instant Call;Problemas económicos;CICLO FMC DIA 24-23;8;1P  TODO CLARO Hiperconectado 400 Mbps + HBO MAX  GPON;Internet;15/12/2023;18/7/2026 17:01:39;31/7/2026;3/8/2026 19:35:35;Origen_Asesores_CAC;Destino_RetInstantCall_RET;;CEDULA;1000506708;0501568653;;ZTE;F6505N;No contactado;U5C267;IVAN EDUARDO GUEVARA ORTEGA;TOAPANTA CHICAIZA LUZ HERLINDA;MARIA DE LOS ANGELES BAQUERIZO ORTIZ;R1;Ntgmdomc / Contacto: 0989366649 /   Id De Llamada: 3001781064 / Nos Comunicamos Al Unico Numero Registrado Y No Hay Respuesta, Se Deja Mensaje De Voz;instancall;ZTEGD829FD9C;Closed;0019733454;GPON;989366649;E070-CAC QUICENTRO SUR;mbaquero
2026;2026;julio;20;WO0000001865196;1;Gestión de Retención;RETENIDO;RETENIDO;50% DE DESCUENTO POR 6 MESES;Gestión Retención;Intención de renuncia - Instant Call;Problemas económicos;CICLO FMC DIA 11-10;8;Internet 400 Mbps;Internet;29/10/2014;20/7/2026 14:45:00;18/8/2026;3/8/2026 19:37:14;Origen_Asesores_CAC;Destino_RetInstantCall_RET;50% de descuento por 6 meses;CEDULA;2201343213;0910367234;B85E718B795C;EMTA TECHNICOLOR CGA2121 DUAL BAND 8X4;TECHNICOLOR CGA2121;;G02022;MARIELA CAROLINA OLIVO OROZCO;YUNGAICELA VIVAR DORINDA ROSARIO;VICTOR MANUEL BAQUEDANO CONFORME;R2;Ntgmolir 0968959194 / Id 3001853069 Cliente Accede A Un Descuento Del 50% Por 6 Meses;INSTANT CALL;358922122384101743;Closed;0017145450;HFC;0991794051;E034-CAC RIOCENTRO ENTRE RIOS;vbaquedc
2026;2026;agosto;18;WO0000001931898;1;Gestión de Retención;RECHAZO;RECHAZADO;YA TIENE ORDEN DE BAJA INGRESADA;Gestión Retención;Intención de renuncia - Instant Call;Problemas económicos;CICLO FMC DIA 4-3;8;Internet 550 Mbps JUN26;Internet;15/10/2024;18/8/2026 12:15:45;11/9/2026;28/8/2026 2:45:14;Origen_Asesores_CAC;Destino_RetInstantCall_RET;;CEDULA;1000856834;1720777703;;HUAWEI;HG8145X6-10;Ya tiene orden de baja ingresada;U2C126;IVAN EDUARDO GUEVARA ORTEGA;JAYA CAZA EDGAR RAMIRO;SHEYLA BRIGITTE ANDRADE FONTE;R1;Ntgmolir 0995714088 / Cliente Ya Fue Atendido En La Orden Wo0000001932219;INSTANT CALL;485754435973E3AF;Closed;0020397333;GPON;0995714088;E066-CAC EL BOSQUE;sandradf
2026;2026;julio;27;WO0000001879764;1;Gestión de Retención;RETENIDO;RETENIDO;25% DE DESCUENTO POR 12 MESES;Gestión Retención;Intención de renuncia - Instant Call;Problemas económicos;CICLO FMC DIA 17-16;8;3P TODO CLARO ENTRETENIMIENTO 400 MBPS + ECDF GPON ENE25 1.0;Internet;16/4/2025;27/7/2026 11:25:35;24/8/2026;3/8/2026 19:44:54;Origen_Asesores_CAC;Destino_RetInstantCall_RET;25% de descuento por 12 meses;CEDULA;1001120762;0400232682;;ZTE;F6600P;;U3C010;IVAN EDUARDO GUEVARA ORTEGA;HERRERA FRIAS NEPTALI ABELINO;GRACE ALICIA GUERRERO HERRERA;R1;Ntgmdomc / Contacto: 0980534323 /   Id De Llamada: 1001068480 / Cliente Retenido Con El 25% De Descuento Por 12 Meses;Instant Call;ZTEGD81459B8;Closed;0020733682;GPON;0984316617;E079-CAC MALL JARDIN;gguerreh
2026;2026;julio;20;WO0000001865323;1;Gestión de Retención;NO RETENIDO;NO RETENIDO;PROBLEMAS ECONÓMICOS;Gestión Retención;Intención de renuncia - Instant Call;Problemas económicos;CICLO FMC DIA 11-10;8;3P TODO CLARO Esencial Pro Hogar Ilimitado GPON.1;Telefonia;28/12/2023;20/7/2026 15:07:13;18/8/2026;3/8/2026 19:37:17;Destino_RetInstantCall_RET;Destino_RetInstantCall_RET;;CEDULA;25029494;0202010047;;ZTE;F680V6;Problemas Económicos;U1C115;IVAN EDUARDO GUEVARA ORTEGA;MORENO VACA FRANCISCO ALEJANDRO;IVAN EDUARDO GUEVARA ORTEGA;R1;Ntggcase 0995253888 / Id 3001835268/Cliente Se Mudo A Un Lugar Donde Ya Tiene Servicio De Internet, Se Aplica Herramientas De Retencion Pero Cliente No Acepta. Se Ingresa La Orden De Renuncia Y Se Indica Los Valores A Pagar.;INSTANCALL;ZTEGD1C96724;Closed;0019733914;GPON;0995253888;CANTEC UIO;ntgigueo
2026;2026;julio;26;WO0000001878510;1;Gestión de Retención;RETENIDO;RETENIDO;50% DE DESCUENTO POR 6 MESES;Gestión Retención;Intención de renuncia - Instant Call;Problemas económicos;CICLO FMC DIA 26-25;8;Internet 800 Mbps MAR26;Internet;14/9/2022;26/7/2026 12:52:56;2/9/2026;3/8/2026 19:44:15;Origen_Asesores_CAC;Destino_RetInstantCall_RET;50% de descuento por 6 meses;CEDULA;2218706573;1726879289;;HUAWEI;HG8245W5;;U5C114;IVAN EDUARDO GUEVARA ORTEGA;CHILUIZA BASTIDAS ANGELA MARIA;MARIA DE LOS ANGELES BAQUERIZO ORTIZ;R1;Ntggcase 0982611235 / Id 1001090570/Indica Que Esta Pagando Un Valor Muy Alto, Es Retenido Con El 50% De Descuento Por 6 Meses;instancall;48575443ED080AA6;Closed;0019989810;GPON;982611235;E070-CAC QUICENTRO SUR;mbaquero
2026;2026;julio;6;WO0000001834201;1;Gestión de Retención;NO RETENIDO;NO RETENIDO;CAMBIO DE PROVEEDOR;Gestión Retención;Intención de renuncia - Instant Call;Problemas económicos;CICLO FMC DIA 11-10;8;Hogar Ilimitado GPON (2play) MR21;Telefonia;30/12/2020;6/7/2026 18:13:24;18/8/2026;3/8/2026 19:19:39;Origen_Asesores_CAC;Destino_RetInstantCall_RET;;CEDULA;55002057;1200958336;;HUAWEI;HG8245W5;Cambio de Proveedor;Q1C005;IVAN EDUARDO GUEVARA ORTEGA;BURGOS RODRIGUEZ RUTH NOEMI;JEAN CARLO PLUAS AGUIRRE;R2;Ntgmdomc / Contacto: 0990980144 /   Id De Llamada: 1001091249 / Cliente Desiste De Sus Servicios Porque Indica Que No Le Ayudaron Con El Problema Que Mantenia Ya Que Estuve Un Mes Sin Servicio, No Accede A Herramientas De Retencion Y Se Menciona Sobre Las 2 Ultimas Facturas;INSTANT CALL;485754431898C6A1;Closed;0017425265;GPON;0999395237;E051-CAC QUEVEDO;jpluasa
2026;2026;agosto;19;WO0000001935747;1;Gestión de Retención;No contactado;NO CONTACTADO;NO CONTACTADO;Gestión Retención;Intención de renuncia - Instant Call;Problemas económicos;CICLO FMC DIA 2-1;8;2P INTERNET 550 MBPS + MAX GPON ABR25 68;Internet;24/12/2025;19/8/2026 11:35:12;9/9/2026;29/8/2026 2:45:31;Origen_Asesores_CAC;Destino_RetInstantCall_RET;;CEDULA;1001475558;1721262481;;ZTE;F6505N;No contactado;U5C174;IVAN EDUARDO GUEVARA ORTEGA;MOREJON SUAREZ DORIS MIREYDA;MARIA DE LOS ANGELES BAQUERIZO ORTIZ;R1;Ntgmolir 0994331477 / Id 1001981112 Cliente No Contesta Se Deja Mensaje Dde Voz;INSTANCALL;ZTEGD82A154F;Closed;0021398888;GPON;0994331477;E070-CAC QUICENTRO SUR;mbaquero
2026;2026;agosto;13;WO0000001919350;1;Gestión de Retención;No contactado;NO CONTACTADO;NO CONTACTADO;Gestión Retención;Intención de renuncia - Instant Call;Viaje;CICLO FMC DIA 26-25;8;Internet 850 Mbps  JUN26;Internet;29/4/2023;13/8/2026 10:35:44;2/9/2026;27/8/2026 2:45:10;Origen_Asesores_CAC;Destino_RetInstantCall_RET;;CEDULA;1000280050;0915479372;;HUAWEI;HG8245W5;No contactado;G3C031;IVAN EDUARDO GUEVARA ORTEGA;MORALES CEVALLOS DAVID MARTIN;CARLOS FRANCISCO PONCE CAMPODONICO;R2;Ntgmolir 0964128609 / Id 3001735830 Contesta Esposa De Titular Se Le Indica Que Se Comunique Al 611 El Titular Ya Que Menciona Que No Contesta El Numero Celular;INTENCION DE RENUNCIA;48575443D300EBA8;Closed;0019275745;GPON;0964128609;E017-CAC 9 DE OCTUBRE 1;cponcep
2026;2026;julio;6;WO0000001832698;1;Gestión de Retención;NO RETENIDO;NO RETENIDO;CIERRE DE NEGOCIO;Gestión Retención;Intención de renuncia - Instant Call;Fallas en el servicio imputables al cliente;CICLO FMC DIA 26-25;8;Internet 850 Mbps  JUN26;Internet;16/12/2022;6/7/2026 12:18:59;2/8/2026;3/8/2026 19:18:52;Origen_Asesores_CAC;Destino_RetInstantCall_RET;;CEDULA;1000164048;0903949691;;HUAWEI;HG8145X6-13;Cierre de Negocio;G06034;MARIELA CAROLINA OLIVO OROZCO;CORNEJO CARMIGNIANI EDUARDO GABRIEL;HAROLD EDGAR PEÑAFIEL ROBLES;R2;Ntgmolir 0999613984 / Id 3001962172 Cliente No Accede A Las Herramientas De Retencion Y Se Le Indica Fecha De Eliminacion Y De Retiro De Equipos Se Le Indica Factura Postpago De Telefonia;cliente cierra oficina y solicita anulacion del servicio corte 25-26;4857544330541FB2;Closed;0019155842;GPON;0999613984;E034-CAC RIOCENTRO ENTRE RIOS;hpenafio
2026;2026;julio;28;WO0000001882633;1;Gestión de Retención;RETENIDO;RETENIDO;MANTENIMIENTO;Gestión Retención;Intención de renuncia - Instant Call;Problemas económicos;CICLO FMC DIA 26-25;8;Internet 400 Mbps + ECDF JUN26 2.0;Internet;6/4/2024;28/7/2026 11:39:28;2/9/2026;3/8/2026 19:46:29;Origen_Asesores_CAC;Destino_RetInstantCall_RET;Mantenimiento;CEDULA;1000619260;1711187813;;HUAWEI;HG8145X6-13;;G01033;IVAN EDUARDO GUEVARA ORTEGA;ARTIEDA POLIT PIETRO GIULIO;LUIS ALBERTO PESANTEZ CARLOSAMA;R2;Ntggcase 0999811292 / Id 1001348233/Cliente Tiene Interferencia En Su Servicio - Se Envia Cambio De Equipo Y Cableado Total Sin Costo (Interno Y Externo) + Mantenimiento Sin Costo Ot4127024 Telf: 0999811292 Y Descuento Del 50% Por 6 Meses;Estimados favro su ayuda cliente requiere cierre de servicio;48575443D74B58B1;Closed;0020047311;GPON;0999811292;E069-CAC QUICENTRO NORTE;lpesantc
2026;2026;septiembre;28;WO0000002071257;1;;;NO CONTACTADO;;Gestión Retención;Intención de renuncia - Instant Call;Traslado fuera de cobertura;CICLO FMC DIA 26-25;0;Internet 400 Mbps;Internet;23/12/2019;28/9/2026 12:56:48;2/11/2026;28/9/2026 12:56:48;Origen_Asesores_CAC;Destino_RetInstantCall_RET;;CEDULA;2214856848;1704814290;;HUAWEI;HG8145X6-13;-;U01066;;ROSERO CORNEJO LUCIA DE LAS MERCEDES;LAURA MARCELA EGAS POSLIGUA;R1;;INSTACALL;485754434F5265B4;Assigned;0017179826;GPON;0987260488;E079-CAC MALL JARDIN;legasp
2026;2026;agosto;21;WO0000001947465;1;Gestión de Retención;RECHAZO;RECHAZADO;ATIENDE TERCERA PERSONA;Gestión Retención;Intención de renuncia - Instant Call;Viaje;CICLO FMC DIA 21-20;8;1P ADULTO MAYOR GPON INTERNET 300 MBPS AGO25 6;Internet;20/10/2025;21/8/2026 10:46:57;28/9/2026;30/8/2026 2:45:15;Origen_Asesores_CAC;Destino_RetInstantCall_RET;;CEDULA;1001400675;1801159490;;HUAWEI;HG8145X6-13;Atiende Tercera Persona;G4C024;IVAN EDUARDO GUEVARA ORTEGA;RIVERA BALLADAREZ ROYER WILFRIDO;KEYLI DOMENICA GUILLEN CASTRO;R2;Ntgmolir 0983077989 / Id 2001331842 Clienteno Se Encuentra Esta Solo La Hija Y Se Le Devuelve La Llamada Y No Se Encuentra Otra Vex El Cliente Se Le Idnica Que Se Comunique Al 611 O Al 045005000  Esta De Acuerdo;cliente desea hacer anulación de servicios;485754436E0053B4;Closed;0021034410;GPON;0983077989;CAC MALL DEL NORTE;kguillec
2026;2026;julio;15;WO0000001854953;1;Gestión de Retención;RETENIDO;RETENIDO;50% DE DESCUENTO POR 6 MESES;Gestión Retención;Intención de renuncia - Instant Call;Problemas económicos;CICLO FMC DIA 11-10;8;2P - Nueva TV Super GPON MAY24;Television;3/12/2024;15/7/2026 18:11:44;18/8/2026;3/8/2026 19:31:38;Destino_RetInstantCall_RET;Destino_RetInstantCall_RET;50% de descuento por 6 meses;CEDULA;1000923520;0915113955;;DECODIFICADOR IPTV SEI ROBOTICS;SEI800AMX;;G05050;IVAN EDUARDO GUEVARA ORTEGA;VELIZ SIERRA JIMMY VICENTE;IVAN EDUARDO GUEVARA ORTEGA;R2;Ntggcase 0994641226 / Id 2001991479/Retenido Con El 50% De Descuento Por 6 Meses;INSTANCALL;GZ24050532714834;Closed;0020968842;GPON;0994641226;CANTEC UIO;ntgigueo
2026;2026;agosto;13;WO0000001919369;1;Gestión de Retención;No contactado;NO CONTACTADO;NO CONTACTADO;Gestión Retención;Intención de renuncia - Instant Call;Viaje;CICLO FMC DIA 26-25;8;2 PLAY Hogar Ilimitado GPON.1;Telefonia;29/4/2023;13/8/2026 10:36:51;2/9/2026;27/8/2026 2:45:11;Origen_Asesores_CAC;Destino_RetInstantCall_RET;;CEDULA;45178398;0915479372;;HUAWEI;HG8245W5;No contactado;G3C031;IVAN EDUARDO GUEVARA ORTEGA;MORALES CEVALLOS DAVID MARTIN;CARLOS FRANCISCO PONCE CAMPODONICO;R2;Ntgmolir 0964128609 / Id 3001735830 Contesta Esposa De Titular Se Le Indica Que Se Comunique Al 611 El Titular Ya Que Menciona Que No Contesta El Numero Celular;INTENCION DE RETENCION;48575443D300EBA8;Closed;0019275745;GPON;0964128609;E017-CAC 9 DE OCTUBRE 1;cponcep
2026;2026;agosto;25;WO0000001960610;1;;;NO CONTACTADO;;Gestión Retención;Intención de renuncia - Instant Call;Problemas económicos;CICLO FMC DIA 11-10;0;2P TODO CLARO Hiperconectado Plus 400 Mbps HFC + HBO MAX;Internet;28/5/2023;25/8/2026 12:46:10;18/9/2026;25/8/2026 12:46:11;Origen_Asesores_CAC;Destino_RetInstantCall_RET;;CEDULA;1000309034;1003204391;E4C0E2913C57;EMTA SAGEMCOM FAST3890V3 DUAL BAND;SAGEMCOM FAST3890V3;-;U01132;;ROJAS ZUMARRAGA MAYRA ALEJANDRA;MARTIN NICOLAS LIMA DAVILA;R1;;CLIENTE YA NO DESEA TENER EL SERVICIO. CONTACTO: 0983386789;DM2127018002502;Assigned;0019320870;HFC;0983386789;E079-CAC MALL JARDIN;mlimaa
2026;2026;julio;3;WO0000001827513;1;Gestión de Retención;RETENIDO;RETENIDO;1 TB POR 1 MES (MANUAL);Gestión Retención;Intención de renuncia - Instant Call;Problemas económicos;CICLO FMC DIA 28-27;8;3P TELEFONIA SIN LIMITES  GPON ABR25 2;Telefonia;26/3/2026;3/7/2026 12:21:48;4/8/2026;3/8/2026 19:15:37;Destino_RetInstantCall_RET;Destino_RetInstantCall_RET;1 TB POR 1 MES (Manual);CEDULA;25232119;1711320174;;HUAWEI;HG8145X6-13;;U5C058;MARIELA CAROLINA OLIVO OROZCO;ZANDRA SUSANA CHAMORRO RAMIREZ;MARIELA CAROLINA OLIVO OROZCO;R1;Ntgmolir 0962887043 / Id 3001272671  Cliente Accede A Un Descuento De Tb Por 1 Mes;INSTANTCALL;485754430CE5E7B4;Closed;0021339058;GPON;0962887043;CANTEC UIO;ntgmolir
2026;2026;julio;26;WO0000001878498;1;Gestión de Retención;RETENIDO;RETENIDO;50% DE DESCUENTO POR 6 MESES;Gestión Retención;Intención de renuncia - Instant Call;Inconformidad de facturación;CICLO FMC DIA 11-10;8;Internet 1024 Mbps MAR26;Internet;29/8/2022;26/7/2026 12:46:41;18/8/2026;3/8/2026 19:44:14;Origen_Asesores_CAC;Destino_RetInstantCall_RET;50% de descuento por 6 meses;CEDULA;2218884347;0916166788;;ZTE;F6505N;;G4C037;MARIELA CAROLINA OLIVO OROZCO;REYES IZQUIERDO GISELLA SUGEY;PATRICIO DAVID POZO PARRA;R2;Ntgmolir 0997735536 / Id 1001042439  Cliente Accede A Mantener El Servicio Con Un Descuento Del 50% Por 6 Meses;INtención de renuncia;ZTEGD82A0DBA;Closed;0018866858;GPON;0997735536;E035-CAC RIOCENTRO NORTE;ppozor
2026;2026;agosto;14;WO0000001923305;1;Gestión de Retención;RECHAZO;RECHAZADO;YA TIENE ORDEN DE BAJA INGRESADA;Gestión Retención;Intención de renuncia - Instant Call;Viaje;CICLO FMC DIA 26-25;8;1 PLAY - TODO CLARO Internet 400 Mbps GPON;Internet;13/7/2021;14/8/2026 13:50:40;2/9/2026;27/8/2026 2:45:12;Origen_Asesores_CAC;Destino_RetInstantCall_RET;;CEDULA;2217260491;1719658922;;HUAWEI;HG8245W5-6T;Ya tiene orden de baja ingresada;U05090;IVAN EDUARDO GUEVARA ORTEGA;RIOFRIO ROBLES DAVID ARMANDO;KATHERINE JOHANA MERCADO OLIVARES;R1;Ntgmolir 0987742443 / Cliente Ya Tiene Ingresada La Baja;cliente solicita el cierre del servicio de internet por motivos de viajes;485754436680BFA8;Closed;0019726034;GPON;0987742443;E066-CAC EL BOSQUE;kmercado
2026;2026;julio;28;WO0000001883694;1;Gestión de Retención;RECHAZO;RECHAZADO;SOLO SOLICITA INFORMACIÓN;Gestión Retención;Intención de renuncia - Instant Call;Inconformidad con el servicio;CICLO FMC DIA 8-7;8;2P - TODO CLARO Hiperconectado Plus HD SUPER NUEVA TV GPON;Television;7/2/2024;28/7/2026 16:14:51;15/8/2026;3/8/2026 19:47:05;Origen_Asesores_CAC;Destino_RetInstantCall_RET;;CEDULA;1000557353;0502262652;;DECODIFICADOR IPTV;STB B866V2;Solo solicita Información;U5C088;MARIELA CAROLINA OLIVO OROZCO;CRUZ TIGSE DARWIN GEOVANNY;LISSETH CAROLINA LUCERO GALINDO;R1;Ntgmolir 0997590337 / Id 1001436932 Cliente Tiene Orden Pendiente 20004396554955 Se Le Indica Que Solicite La Cancelacion De Esa Orden Para Ingreso De Proceso;INSTCALL;ZTEATV41202848157;Closed;0019829812;GPON;0997590337;E070-CAC QUICENTRO SUR;llucerog
2026;2026;julio;11;WO0000001845426;1;Gestión de Retención;RECHAZO;RECHAZADO;SOLO SOLICITA INFORMACIÓN;Gestión Retención;Intención de renuncia - Instant Call;Problemas económicos;CICLO FMC DIA 11-10;8;3P TODO CLARO GPON TELF SIN LIMITES FEB26 4;Telefonia;6/4/2026;11/7/2026 13:47:24;18/8/2026;3/8/2026 19:26:01;Origen_Asesores_CAC;Destino_RetInstantCall_RET;;CEDULA;45111821;0903140184;;HUAWEI;HG8145X6-13;Solo solicita Información;G6C053;IVAN EDUARDO GUEVARA ORTEGA;MARTINEZ MALDONADO PABLO FRANCISCO;ALLISON ASTRID AGUILERA SALGUERO;R2;Ntggcase 0939707547 / Id 2001353017/Cliente No Esta De Acuerdo Con Los Valores De Permin, No Permite Continuar Y Menciona Que Va A Solicitar Una Aclaración Sobre La Venta Que Le Realizaron. Menciona Además Que El No Solicitó El Servicio 3p, Solo Queria Internet Para Su Domicilio.;INSTANT CALL;485754430F7BB6B4;Closed;0021355196;GPON;0986054951;E034-CAC RIOCENTRO ENTRE RIOS;aaguiles
2026;2026;julio;20;WO0000001864612;1;Gestión de Retención;NO RETENIDO;NO RETENIDO;CAMBIO DE PROVEEDOR;Gestión Retención;Intención de renuncia - Instant Call;Problemas personales;CICLO FMC DIA 26-25;8;2 PLAY INTERNET GPON 400 MEGAS  FEB25 1.2;Internet;10/9/2015;20/7/2026 12:28:11;2/8/2026;3/8/2026 19:36:53;Origen_Asesores_CAC;Destino_RetInstantCall_RET;;CEDULA;2202853363;1711403020;;;;Cambio de Proveedor;U02053;IVAN EDUARDO GUEVARA ORTEGA;FLORES TAMAYO JORGE FERNANDO;SHEYLA BRIGITTE ANDRADE FONTE;R1;Ntgmdomc / Contacto: 0999630508 /   Id De Llamada: 3001798917 / Cliente Desiste De Sus Servicios Por Motivo De Que Mantuvo Un Mal Trato De Parte De Los Asesores, Indica Que Se Va A Mantener Con Su Otra Operadora, No Accede A Herramientas De Retencion Y Cancelara En Agencia Dentro De 48 H El Valor De Permin De La Tv;INSTANT CALL;;Closed;0017447902;GPON;0999630508;E066-CAC EL BOSQUE;sandradf
2026;2026;julio;2;WO0000001825372;1;Gestión de Retención;RECHAZO;RECHAZADO;TRASLADO FUERA DE COBERTURA;Gestión Retención;Intención de renuncia - Instant Call;Cierre de negocio;CICLO FMC DIA 2-1;8;2P TELEFONIA SIN LIMITES GPON ENE25 62;Telefonia;9/4/2025;2/7/2026 13:26:54;9/8/2026;3/8/2026 19:14:27;Origen_Asesores_CAC;Destino_RetInstantCall_RET;;CEDULA;25112250;1317045944;;HUAWEI;HG8145X6-13;Traslado fuera de Cobertura;U1C247;IVAN EDUARDO GUEVARA ORTEGA;ALAVA PIN IVER STEVEN;PAUL ALFREDO PINO LAGUATASIG;R1;Ntgmdomc / Contacto: 0939919030 /   Id De Llamada: 3001272864 / Rechazado Por Traslado Fuera De Cobertura, Cliente No Desea Retencion Y Cancelara Valores De Vigecia Y Financiamiento Por Agencia;renuncia - Instant Call;48575443CD4B08B1;Closed;0021159981;GPON;0939919030;E066-CAC EL BOSQUE;ppinol
2026;2026;agosto;12;WO0000001917979;1;Gestión de Retención;NO RETENIDO;NO RETENIDO;FALLAS EN EL SERVICIO - IMPUTABLES A CLARO;Gestión Retención;Intención de renuncia - Instant Call;Problemas personales;CICLO FMC DIA 11-10;8;Internet 400 Mbps;Internet;30/6/2023;12/8/2026 16:37:32;18/9/2026;27/8/2026 2:45:10;Origen_Asesores_CAC;Destino_RetInstantCall_RET;;CEDULA;1000338538;1707581813;;HUAWEI;HG8145X6-13;Fallas en el Servicio - Imputables a Claro;U05139;IVAN EDUARDO GUEVARA ORTEGA;MALDONADO TRUJILLO OSWALDO GUILLERMO;MARIA DE LOS ANGELES BAQUERIZO ORTIZ;R1;Ntgmolir 985358349 / Id 3001726778 Cliente No Desea El Servicio Ya Que Los Señores De Mantenimiento Le Indican Que Tiene Equipos Viejos Y Que No Sirven No Accede A Las Herramientas De Retencion Se Le Indica Fecha De Eliminacion Y De Retiro De Equipos;INSTANCAL;48575443CD4C4BB1;Closed;0019378347;GPON;985358349;E070-CAC QUICENTRO SUR;mbaquero
2026;2026;julio;20;WO0000001864688;1;Gestión de Retención;RETENIDO;RETENIDO;1 TB POR 1 MES (MANUAL);Gestión Retención;Intención de renuncia - Instant Call;No dar motivos;CICLO FMC DIA 11-10;8;Internet 750 Mbps MAR26;Internet;29/12/2020;20/7/2026 12:41:34;18/8/2026;3/8/2026 19:36:56;Origen_Asesores_CAC;Destino_RetInstantCall_RET;1 TB POR 1 MES (Manual);CEDULA;2216245214;0602193120;;ZTE;F680V6;;U04105;IVAN EDUARDO GUEVARA ORTEGA;HUILCAREMA MENDOZA MANUEL FERNANDO;KATHERINE JOHANA MERCADO OLIVARES;R1;Ntggcase 0998731422 / Id 3001817978//Cliente Indica Que Si Desea Actualizar El Plan, Pero No Decide Por Cual, Por Lo Que Se Aplica 1tb Al 100% Mientras Lo Decide. Queda En Volver A Comunicarse.;cliente solicita la renuncia del servicio por falta de uso;ZTEGD4B51FF0;Closed;0017798908;GPON;0998731422;E066-CAC EL BOSQUE;kmercado
2026;2026;julio;20;WO0000001863952;1;Gestión de Retención;RECHAZO;RECHAZADO;YA TIENE ORDEN DE BAJA INGRESADA;Gestión Retención;Intención de renuncia - Instant Call;Problemas económicos;CICLO FMC DIA 11-10;8;BLINDAJE 2P TELEFONIA SIN LIMITES HFC FEB24;Telefonia;31/1/2023;20/7/2026 10:12:03;18/8/2026;3/8/2026 19:36:31;Origen_Asesores_CAC;Destino_RetInstantCall_RET;;CEDULA;25187101;1759866658;B4E2651E442F;EMTA SMDC OG3000 TECHNOLOGY;OG3000 SMDC;Ya tiene orden de baja ingresada;U01035;IVAN EDUARDO GUEVARA ORTEGA;JAUREGUI RAMOS CARLOS EDUARDO;DHONY OSWALDO OCHOA RAGUA;R1;Ntggcase 0984515001 / Se Rechaza Ya Existe Renuncia Ingresada Por Contact Center -20004830008824-20004830168655;Cliente desea hacer el cierre del servicio de TELEFONIA;300122140001938802;Closed;0019518439;HFC;0984515001;E066-CAC EL BOSQUE;dochoar
2026;2026;agosto;18;WO0000001933443;1;Gestión de Retención;RECHAZO;RECHAZADO;SOLO SOLICITA INFORMACIÓN;Gestión Retención;Intención de renuncia - Instant Call;Cambio de proveedor;CICLO FMC DIA 11-10;8;3P TODO CLARO EPICO PRO 300 MBPS GPON JUL24 2.0;Internet;3/10/2022;18/8/2026 17:41:06;18/9/2026;29/8/2026 2:45:30;Origen_Asesores_CAC;Destino_RetInstantCall_RET;;CEDULA;1000100126;1003553425;;HUAWEI;HG8245W5;Solo solicita Información;U4C007;IVAN EDUARDO GUEVARA ORTEGA;ARIAS MEZA CARLOS EDUARDO;CRISTIAN ALEXIS GARCIA PAZOS;R1;Ntgmolir 0987404213 / Id 1001792744 Cliente Indica Quee No Va Hacer La Eliminacion De Este Servicio Se Va A Comunicar Al 611;solicita renuncia del servicio;48575443F1CBFEA6;Closed;0019060411;GPON;0987404213;E066-CAC EL BOSQUE;cgarciap
2026;2026;julio;9;WO0000001840981;1;Gestión de Retención;NO RETENIDO;NO RETENIDO;MALA VENTA CAC, CC, DAS;Gestión Retención;Intención de renuncia - Instant Call;Problemas económicos;CICLO FMC DIA 26-25;8;Internet 850 Mbps JUN26 1.0;Internet;23/6/2023;9/7/2026 14:08:09;2/8/2026;3/8/2026 19:23:28;Origen_Asesores_CAC;Destino_RetInstantCall_RET;;CEDULA;1000331271;1709696742;;ZTE;F680V6;Mala venta CAC, CC, DAS;U3C017;MARIELA CAROLINA OLIVO OROZCO;VEGA GONZALEZ LEONIDAS JOSE;DHONY OSWALDO OCHOA RAGUA;R1;Ntgmolir 0984614242 / Id 1001744149 Cliente No Desea Acceder A Las Herramientas De Retencion Se Le Idnica Fecha De Eliminacion De Servicio Y Retiro De Equipos;Cliente desea hacer el cierre del servicio de  Internet;ZTEGD1D7CF49;Closed;0019989520;GPON;0984614242;E066-CAC EL BOSQUE;dochoar
2026;2026;septiembre;3;WO0000001989714;1;;;NO CONTACTADO;;Gestión Retención;Intención de renuncia - Instant Call;Problemas económicos;CICLO FMC DIA 26-25;0;3P TELEFONIA SIN LIMITES  GPON ABR25;Telefonia;23/8/2022;3/9/2026 16:31:09;3/10/2026;3/9/2026 16:31:09;Origen_Asesores_CAC;Destino_RetInstantCall_RET;;CEDULA;25164094;1712324381;;ZTE;F680V6;-;U03046;;BEDON PILLAPA SEGUNDO XAVIER;GRACE ALICIA GUERRERO HERRERA;R1;;Instant Call;ZTEGD1D7C0CF;Assigned;0019837471;GPON;0992316189;E079-CAC MALL JARDIN;gguerreh
2026;2026;agosto;9;WO0000001911207;1;Gestión de Retención;NO RETENIDO;NO RETENIDO;CAMBIO DE PROVEEDOR;Gestión Retención;Intención de renuncia - Instant Call;Inconformidad con el servicio;CICLO FMC DIA 15-14;8;2P TODO CLARO EPICO PLUS 550 MBPS+ECDF GPON JUN26 5.2;Internet;14/4/2025;9/8/2026 18:39:34;22/8/2026;17/8/2026 2:45:12;Origen_Asesores_CAC;Destino_RetInstantCall_RET;;CEDULA;1001113622;1208546679;;HUAWEI;HG8145X6-13;Cambio de Proveedor;BH1C021;IVAN EDUARDO GUEVARA ORTEGA;VILLACRES BAEZ SOLBRIZA ARLETTE;DIEGO ABEL HERRERIA JACOME;R2;Cliente Desiste De Sus Servicios Por Motivo De Que Se Cambio De Proveedor, Se Envia Link De Pago Habil Por 48 H - 1001890428 Md;INSTALL CALL;48575443BFE840B1;Closed;0020883311;GPON;968680624;E049-CAC PASEO BABAHOYO;dherrerj
2026;2026;julio;20;WO0000001864603;1;Gestión de Retención;NO RETENIDO;NO RETENIDO;CAMBIO DE PROVEEDOR;Gestión Retención;Intención de renuncia - Instant Call;Inconformidad con el servicio;CICLO FMC DIA 26-25;8;2 PLAY NUEVA TV EXTRA GPON FEB25 1.2;Television;26/8/2023;20/7/2026 12:25:11;2/8/2026;3/8/2026 19:36:53;Origen_Asesores_CAC;Destino_RetInstantCall_RET;;CEDULA;1000396403;1711403020;;DECODIFICADOR IPTV;STB B866V2;Cambio de Proveedor;U02053;IVAN EDUARDO GUEVARA ORTEGA;FLORES TAMAYO JORGE FERNANDO;SHEYLA BRIGITTE ANDRADE FONTE;R1;Ntgmdomc / Contacto: 0999630508 /   Id De Llamada: 3001798917 / Cliente Desiste De Sus Servicios Por Motivo De Que Mantuvo Un Mal Trato De Parte De Los Asesores, Indica Que Se Va A Mantener Con Su Otra Operadora, No Accede A Herramientas De Retencion Y Cancelara En Agencia Dentro De 48 H El Valor De Permin De La Tv;INSTANT CALL;ZTEATV41202842019;Closed;0017447902;GPON;0999630508;E066-CAC EL BOSQUE;sandradf
2026;2026;julio;9;WO0000001841480;1;Gestión de Retención;NO RETENIDO;NO RETENIDO;CAMBIO DE PROVEEDOR;Gestión Retención;Intención de renuncia - Instant Call;Problemas económicos;CICLO FMC DIA 11-10;8;3PLAY - Todo Claro Hiperconectado 400 Megas + ECDF;Internet;5/3/2012;9/7/2026 16:14:51;18/8/2026;3/8/2026 19:23:44;Origen_Asesores_CAC;Destino_RetInstantCall_RET;;CEDULA;2200573859;0917914079;3093BCEB9798;EMTA SAGEMCOM 24X8 DOCSIS3.0 DUAL BAND;FAST3686 SAGEMCOM;Cambio de Proveedor;G01017;IVAN EDUARDO GUEVARA ORTEGA;MINDIOLA VACA FERNANDO DANIEL;SYLVIA IRENE ASTUDILLO CASTILLO;R2;Ntgmdomc / Contacto: 0985606788 /   Id De Llamada: 1001792305 / Cliente Desiste De Sus Servicios Por Motivo De Que Desea Cambiarse A Un Plan Comercial, No Accede A Herramientas De Retencion, Se Menciona Sobre Las Facturas Que Se Van A Agenerar;INSTANT CALL;NQ2006354004410;Closed;0017564705;HFC;0985606788;E036-CAC RIOCENTRO SUR;sastudic
2026;2026;agosto;10;WO0000001911994;1;Gestión de Retención;RECHAZO;RECHAZADO;SOLO SOLICITA INFORMACIÓN;Gestión Retención;Intención de renuncia - Instant Call;Problemas económicos;CICLO FMC DIA 11-10;8;2P INTERNET 550MBPS + ECDF GPON JUN26;Internet;9/10/2025;10/8/2026 12:33:25;18/9/2026;24/8/2026 2:45:14;Origen_Asesores_CAC;Destino_RetInstantCall_RET;;CEDULA;1001386372;0953248085;;ZTE;F6505N;Solo solicita Información;G4C034;IVAN EDUARDO GUEVARA ORTEGA;REYES SANCHEZ MELISSA JAMILEX;KEYLI DOMENICA GUILLEN CASTRO;R2;Ntgmolir 0995523791 / Id 3001154850  Cliente Indica Que Tiene Una Denuncia Ingresada En La Arcotel Y Que Al Momento De Tener La Resolucion Se  Acerca Agencia Para Seguir El Proceso Ya Que No Desea Pagar Los Costos De Instalacion;instant call;ZTEGD829D023;Closed;0021027397;GPON;0995523791;CAC MALL DEL NORTE;kguillec
2026;2026;julio;10;WO0000001843253;1;Gestión de Retención;RETENIDO;RETENIDO;50% DE DESCUENTO POR 6 MESES;Gestión Retención;Intención de renuncia - Instant Call;Cierre de negocio;CICLO FMC DIA 26-25;8;3P TODO CLARO NUEVA TV SUPER GPON JUL24 2.2;Television;3/12/2024;10/7/2026 13:20:01;2/8/2026;3/8/2026 19:24:47;Origen_Asesores_CAC;Destino_RetInstantCall_RET;50% de descuento por 6 meses;CEDULA;1000923406;1708002330;;DECODIFICADOR IPTV SEI ROBOTICS;SEI800AMX;;U5C002;MARIELA CAROLINA OLIVO OROZCO;PEÑARANDA DE LA TORRE JOHNY IVAN;PAUL ALFREDO PINO LAGUATASIG;R1;Ntgmolir 0995864978 / Id 1001995089 Cliente Accede Con Un Descuento Del 50% Por 6 Meses Mas Un Mantenimiento De Servicios;renuncia - Instant Call;GZ24050532704345;Closed;0017213349;GPON;0995864978;E066-CAC EL BOSQUE;ppinol
2026;2026;julio;23;WO0000001872286;1;Gestión de Retención;RECHAZO;RECHAZADO;YA TIENE ORDEN DE BAJA INGRESADA;Gestión Retención;Intención de renuncia - Instant Call;Inconformidad con el servicio;CICLO FMC DIA 26-25;8;2P - INTERNET 400 Mbps GPON MAR24;Internet;16/8/2022;23/7/2026 10:12:30;2/9/2026;3/8/2026 19:41:03;Origen_Asesores_CAC;Destino_RetInstantCall_RET;;CEDULA;1000078325;1758559627;;HUAWEI;HG8145X6-13;Ya tiene orden de baja ingresada;U01056;IVAN EDUARDO GUEVARA ORTEGA;MARQUEZ ARENAS JOSE DANIEL;KATHERINE JOHANA MERCADO OLIVARES;R1;Ntgmdomc / Contacto: 0979670498 /  Se Rechaza Ya Que Cliente Ya Cuenta Con Ordenes De Renuncia, Ya Fue Atendido Wo0000001863024;cliente solicita la renuncia del servio de internet y telefonia por inconvenientes de intermitencia;485754436647B1B3;Closed;0018347030;GPON;0979670498;E066-CAC EL BOSQUE;kmercado
2026;2026;agosto;5;WO0000001900888;1;Gestión de Retención;RECHAZO;RECHAZADO;ORDEN DUPLICADA;Gestión Retención;Intención de renuncia - Instant Call;Problemas económicos;CICLO FMC DIA 11-10;8;Internet 900 Mbps MAR26;Internet;24/2/2024;5/8/2026 10:25:04;18/8/2026;16/8/2026 2:45:10;Origen_Asesores_CAC;Destino_RetInstantCall_RET;;CEDULA;1000571279;0901561035;;ZTE;F680V6;Orden duplicada;U03049;IVAN EDUARDO GUEVARA ORTEGA;OLIVARES AGUIRRE HECTOR ENRIQUE;MARTIN NICOLAS LIMA DAVILA;R1;Ya Fue Atendido Wo0000001907100 / M.D;Cliente desea cerrar el servicio. Contacto: 0992744852;ZTEGD1C96300;Closed;0017586834;GPON;0987297333;E079-CAC MALL JARDIN;mlimaa
2026;2026;agosto;11;WO0000001914754;1;Gestión de Retención;No contactado;NO CONTACTADO;NO CONTACTADO;Gestión Retención;Intención de renuncia - Instant Call;Problemas económicos;CICLO FMC DIA 26-25;8;PLAN SUPER PLUS HD HFC;Television;28/10/2019;11/8/2026 16:11:26;2/9/2026;24/8/2026 2:45:17;Origen_Asesores_CAC;Destino_RetInstantCall_RET;;CEDULA;2214742374;1709579872;;EQUIPO SETTOPBOX - DCX525;DCX525e-Two-Way;No contactado;U01090;IVAN EDUARDO GUEVARA ORTEGA;CLAUDIO CARCELEN YOLANDA DEL PILAR;SHEYLA BRIGITTE ANDRADE FONTE;R1;Ntgmolir 0994959222 / Id 3001310307 Cointesta Tercera Persona E Indica Que No Nos Puede Proporcionar Ninguna Informacion Del Titula;INSTANT CALL;M91628EQF178;Closed;0017561063;HFC;0994959222;E066-CAC EL BOSQUE;sandradf
2026;2026;agosto;19;WO0000001935991;1;Gestión de Retención;No contactado;NO CONTACTADO;NO CONTACTADO;Gestión Retención;Intención de renuncia - Instant Call;No dar motivos;CICLO FMC DIA 26-25;8;3P TODO CLARO Esencial Pro Hogar Ilimitado GPON.1;Telefonia;24/3/2022;19/8/2026 12:00:51;2/9/2026;29/8/2026 2:45:32;Origen_Asesores_CAC;Destino_RetInstantCall_RET;;CEDULA;25121082;1716578230;;HUAWEI;HG8245W5;No contactado;U5C003;IVAN EDUARDO GUEVARA ORTEGA;GALARRAGA MOSQUERA MAURO IVAN;MARTIN NICOLAS LIMA DAVILA;R1;Ntgmolir 0988042104 / Id 1001737981 Cliente No Contesta Se Deja Mensaje De Voz;CLIENTE DESEA CANCELAR SU SERVICIO. CONTACTO: 0988042104;485754434B28EDA6;Closed;0018014476;GPON;0988042104;E079-CAC MALL JARDIN;mlimaa
2026;2026;julio;4;WO0000001829427;1;Gestión de Retención;RETENIDO;RETENIDO;25% DE DESCUENTO POR 12 MESES;Gestión Retención;Intención de renuncia - Instant Call;Problemas económicos;CICLO FMC DIA 24-23;8;3P CONVERGENTE GPON INT 300 MBPS + ECDF NOV25 72;Internet;16/12/2025;4/7/2026 10:42:11;31/7/2026;3/8/2026 19:16:40;Origen_Asesores_CAC;Destino_RetInstantCall_RET;25% de descuento por 12 meses;CEDULA;1001467412;1719206771;;HUAWEI;HG8145X6-13;;U5C145;MARIELA CAROLINA OLIVO OROZCO;BARRERA FIGUEROA JOSE DAVID;MARIA DE LOS ANGELES BAQUERIZO ORTIZ;R1;Ntgmolir 0983320813 / Id 3001905143 Cliente Va A Mantener Los Servicios Activos Con Un Descuento Del 25% Por 12 Meses;instancall;48575443489BA8B4;Closed;0021167653;GPON;0983320813;E070-CAC QUICENTRO SUR;mbaquero
2026;2026;julio;6;WO0000001832515;1;Gestión de Retención;RETENIDO;RETENIDO;50% DE DESCUENTO POR 6 MESES;Gestión Retención;Intención de renuncia - Instant Call;Problemas económicos;CICLO FMC DIA 26-25;8;2P TELEFONIA SIN LIMITES GPON ABR25 64;Telefonia;9/11/2023;6/7/2026 11:37:48;2/8/2026;3/8/2026 19:18:45;Destino_RetInstantCall_RET;Destino_RetInstantCall_RET;50% de descuento por 6 meses;CEDULA;55006322;1206524256;;HUAWEI;HG8145X6-13;;VN1C004;MARIELA CAROLINA OLIVO OROZCO;LOOR GARCIA FERNANDO PATRICIO;MARIELA CAROLINA OLIVO OROZCO;R2;Ntgmolir 0982841693 / Id 3001935409 Cliente Accede A Mantener El Servicio Activo Con Un Mantenimiento De Servicios Y Un Descuento Del 50% Por 6 Meses;INSTANTCALL;485754434F3B13B4;Closed;0019090251;GPON;0982841693;CANTEC UIO;ntgmolir
2026;2026;julio;15;WO0000001853298;1;Gestión de Retención;RECHAZO;RECHAZADO;TRASLADO FUERA DE COBERTURA;Gestión Retención;Intención de renuncia - Instant Call;Traslado fuera de cobertura;CICLO FMC DIA 26-25;8;BLINDAJE 3P NUEVA TV SUPER GPON ENE24 1.2;Television;7/4/2025;15/7/2026 11:01:25;2/8/2026;3/8/2026 19:30:39;Origen_Asesores_CAC;Destino_RetInstantCall_RET;;CEDULA;1001104972;1200124830;;DECODIFICADOR IPTV SEI ROBOTICS;SEI800AMX;Traslado fuera de Cobertura;G01025;IVAN EDUARDO GUEVARA ORTEGA;RIQUERO CASTRO PEDRO RAUL;ALBA VIVIANA LEON ZAMBRANO;R2;Ntggcase 0995572052 / Id 2001857152//Cliente Indica Que En Tres Visitas De Los Técnicos No Se Pudo Realizar El Traslado De Su Servicio, Intentaron En Varios Puntos De La Casa, Pero No Llega La Cobertura. No Acepta Beneficios Por Lo Que Se Ingresa Renuncia Y Se Indica Los Valores A Pagar.;INSTAN CALL;GZ24100034601140;Closed;0017410134;GPON;0995572052;E024-CAC MALL DEL SOL;aleonunz
2026;2026;septiembre;10;WO0000002009226;1;;;NO CONTACTADO;;Gestión Retención;Intención de renuncia - Instant Call;Problemas económicos;CICLO FMC DIA 21-20;0;1P ADULTO MAYOR SUPERCONECTADO 150 MBPS GPON JUL24;Internet;14/2/2025;10/9/2026 15:07:31;28/9/2026;10/9/2026 15:07:32;Origen_Asesores_CAC;Destino_RetInstantCall_RET;;CEDULA;1001021074;1700695651;;HUAWEI;HG8145X6-10;-;U5C072;;CUSTODIO ALMACHI MARIA ESPERANZA;MARCELA GUADALUPE INGA JARAMILLO;R1;;INSTANTCALL;48575443973852B0;Assigned;0020627472;GPON;0995263122;E072-CAC RECREO;mingaj
2026;2026;agosto;18;WO0000001931911;1;Gestión de Retención;RECHAZO;RECHAZADO;YA TIENE ORDEN DE BAJA INGRESADA;Gestión Retención;Intención de renuncia - Instant Call;Problemas económicos;CICLO FMC DIA 4-3;8;2P TODO CLARO TELEFONIA SIN LIMITES GPON;Telefonia;15/10/2024;18/8/2026 12:17:24;11/9/2026;28/8/2026 2:45:15;Origen_Asesores_CAC;Destino_RetInstantCall_RET;;CEDULA;25149282;1720777703;;HUAWEI;HG8145X6-10;Ya tiene orden de baja ingresada;U2C126;IVAN EDUARDO GUEVARA ORTEGA;JAYA CAZA EDGAR RAMIRO;SHEYLA BRIGITTE ANDRADE FONTE;R1;Ntgmolir 0995714088 / Cliente Ya Fue Atendido En La Orden Wo0000001932219;INSTANT CALL;485754435973E3AF;Closed;0020397333;GPON;0995714088;E066-CAC EL BOSQUE;sandradf
2026;2026;julio;2;WO0000001825268;1;Gestión de Retención;No contactado;NO CONTACTADO;NO CONTACTADO;Gestión Retención;Intención de renuncia - Instant Call;Problemas económicos;CICLO FMC DIA 11-10;8;3PLAY - Todo Claro Hiperconectado 400 Megas + ECDF;Internet;5/3/2012;2/7/2026 14:43:14;18/7/2026;3/8/2026 19:14:36;Origen_Asesores_CAC;Destino_RetInstantCall_RET;;CEDULA;2200573859;0917914079;3093BCEB9798;EMTA SAGEMCOM 24X8 DOCSIS3.0 DUAL BAND;FAST3686 SAGEMCOM;No contactado;G01017;IVAN EDUARDO GUEVARA ORTEGA;MINDIOLA VACA FERNANDO DANIEL;SYLVIA IRENE ASTUDILLO CASTILLO;R2;Ntggcase 0985606788 / Id 3001300006/No Contesta - Se Realizan Varias Marcaciones Se Deja Buzon De Voz;INSTANT CALL;NQ2006354004410;Closed;0017564705;HFC;0985606788;E036-CAC RIOCENTRO SUR;sastudic
2026;2026;julio;19;WO0000001862907;1;Gestión de Retención;No contactado;NO CONTACTADO;NO CONTACTADO;Gestión Retención;Intención de renuncia - Instant Call;Inconformidad de facturación;CICLO FMC DIA 8-7;8;Internet 850 Mbps + MAX JUN26;Internet;6/1/2026;19/7/2026 11:11:42;15/8/2026;3/8/2026 19:35:57;Origen_Asesores_CAC;Destino_RetInstantCall_RET;;CEDULA;1001483157;0911820082;;HUAWEI;HG8145X6-13;No contactado;G4C107;IVAN EDUARDO GUEVARA ORTEGA;ESPINOZA CARRION JULIO CESAR;CLAUDIA ANDREINA HUERTA GIL;R2;Ntggcase 0978677353/0962774028 / Id 3001770341/3001770829/Se Intenta Al Primer Numero Y No Hay Respuesta, Se Deja Mensaje De Voz. Segundo Número, Buzon De Número Incorrecto.;INSTANT CALL;485754436E01F6B4;Closed;0021202510;GPON;0978677353;E022-CAC TERMINAL TERRESTRE;chuertag
2026;2026;julio;2;WO0000001825054;1;Gestión de Retención;No contactado;NO CONTACTADO;NO CONTACTADO;Gestión Retención;Intención de renuncia - Instant Call;Traslado fuera de cobertura;CICLO FMC DIA 8-7;8;Internet 550 Mbps  JUN26 1.0;Internet;30/4/2024;2/7/2026 12:12:06;15/7/2026;3/8/2026 19:14:18;Origen_Asesores_CAC;Destino_RetInstantCall_RET;;CEDULA;1000645563;1600198236;;HUAWEI;HG8245W5-6T;No contactado;A1C075;IVAN EDUARDO GUEVARA ORTEGA;LASCANO FREIRE GLADYS LEONOR;BRYAN JOSE GOMEZ PRIETO;R1;Ntgmdomc / Contacto: 0998003072 /   Id De Llamada: 3001242868 / Nos Comunicamos Al Unico Numero Registrado Y No Hay Respuesta, Se Deja Mensaje De Voz;INSTANT CALL;48575443FC4D96AC;Closed;0020385733;GPON;0998003072;E058-CAC PUYO;bgomezp
2026;2026;julio;10;WO0000001844309;1;Gestión de Retención;RETENIDO;RETENIDO;UPGRADE;Gestión Retención;Intención de renuncia - Instant Call;Problemas económicos;CICLO FMC DIA 26-25;8;Internet 550 Mbps + MAX JUN26;Internet;14/3/2024;10/7/2026 18:46:29;2/8/2026;3/8/2026 19:25:24;Origen_Asesores_CAC;Destino_RetInstantCall_RET;Upgrade;CEDULA;1000594992;0915924070;;HUAWEI;HG8245W5-6T;;G04003;MARIELA CAROLINA OLIVO OROZCO;BAJAÑA MARQUEZ VERONICA DEL ROCIO;MICHELLE FERNANDA VALLEJO CACERES;R2;Ntgmolir 0939985549 / Id 2001075874 Cliente Tiene Problemas Con La Cobertura Del Servicio De Internet Accede A Una Cambio De Plan De 3p Id 100164285 De 32,60 De Manera Programada;anula internet;485754433238CBAC;Closed;0017442605;GPON;0939985549;E035-CAC RIOCENTRO NORTE;mvalleja
2026;2026;septiembre;1;WO0000001982540;1;;;NO CONTACTADO;;Gestión Retención;Intención de renuncia - Instant Call;Problemas personales;CICLO FMC DIA 2-1;0;2P TODO CLARO TELEFONIA SIN LIMITES GPON JUL24 1.2;Telefonia;28/2/2025;1/9/2026 15:17:21;9/10/2026;1/9/2026 15:17:21;Origen_Asesores_CAC;Destino_RetInstantCall_RET;;CEDULA;25198981;1760622934;;HUAWEI;HG8145X6-10;-;U1C231;;VILCHEZ GARCIA ARGENIS SEGUNDO;DANNY SANTIAGO PAZMIÑO PAREDES;R1;;Instant Call;48575443972EACB0;Assigned;0020650230;GPON;0982991886;E079-CAC MALL JARDIN;dpazminp
2026;2026;julio;8;WO0000001839499;1;Gestión de Retención;RECHAZO;RECHAZADO;ATIENDE TERCERA PERSONA;Gestión Retención;Intención de renuncia - Instant Call;Problemas económicos;CICLO FMC DIA 26-25;8;Internet 550 Mbps  JUN26 1.0;Internet;26/8/2022;8/7/2026 18:47:34;2/8/2026;3/8/2026 19:22:33;Origen_Asesores_CAC;Destino_RetInstantCall_RET;;CEDULA;1000081906;0909813438;;HUAWEI;HG8245W5;Atiende Tercera Persona;G2C006;IVAN EDUARDO GUEVARA ORTEGA;SANCHEZ ANDRADE MARIA DOLORES;BOLIVAR GEOVANNY DEL HIERRO IZAGUIRRE;R2;Ntggcase 0991473969 / Id 1001594716/No Pasa La Validación De Datos, La Fecha De Nacimiento Indicada Es Incorrecta. Se Le Indica Que Puede Acudir A Una Agencia.;INSTANT CALL;48575443C91D92A6;Closed;0019518828;GPON;0991473969;E022-CAC TERMINAL TERRESTRE;bdelhiei
2026;2026;julio;2;WO0000001825263;1;Gestión de Retención;RECHAZO;RECHAZADO;TRASLADO FUERA DE COBERTURA;Gestión Retención;Intención de renuncia - Instant Call;Traslado fuera de cobertura;CICLO FMC DIA 6-5;8;2P TELEFONIA SIN LIMITES  GPON ABR25 73;Telefonia;5/7/2025;2/7/2026 12:56:37;13/8/2026;3/8/2026 19:14:23;Destino_RetInstantCall_RET;Destino_RetInstantCall_RET;;CEDULA;45031518;0927685875;;HUAWEI;HG8145X6-13;Traslado fuera de Cobertura;G2C002;IVAN EDUARDO GUEVARA ORTEGA;OTERO OTERO JUAN CARLOS;IVAN EDUARDO GUEVARA ORTEGA;R2;Ntggcase 0999413508 / Id 3001247846/Rechazado Por Traslado Fuera De Cobertura - No Desea Beneficios - Se Le Informa Del Proceso De Renuncia Y Valores De Facturacion;INSTANCALL;4857544340EBE0B2;Closed;0020868414;GPON;999413508;CANTEC UIO;ntgigueo
2026;2026;julio;6;WO0000001834350;1;Gestión de Retención;NO RETENIDO;NO RETENIDO;VIAJE;Gestión Retención;Intención de renuncia - Instant Call;Viaje;CICLO FMC DIA 11-10;8;Plan Hogar Ilimitado Plus GPON MAY24 1,49;Telefonia;19/7/2024;6/7/2026 19:24:22;18/8/2026;3/8/2026 19:19:43;Destino_RetInstantCall_RET;Destino_RetInstantCall_RET;;CEDULA;45053986;0901787457;;HUAWEI;HG8145X6-10;Viaje;G01047;IVAN EDUARDO GUEVARA ORTEGA;RUIZ DELGADO OLGA MERCEDES;IVAN EDUARDO GUEVARA ORTEGA;R2;Ntggcase 0999869704 / Id 1001093535/Cliente Indica Que Sale De Viaje Sin Fecha De Retorno. No Acepta Beneficios, Se Ingresa Renuncia.;INSTANCALL;4857544344251FAF;Closed;0017929003;GPON;045053986;CANTEC UIO;ntgigueo
2026;2026;agosto;12;WO0000001916892;1;Gestión de Retención;NO RETENIDO;NO RETENIDO;PROBLEMAS ECONÓMICOS;Gestión Retención;Intención de renuncia - Instant Call;Problemas económicos;CICLO FMC DIA 8-7;8;Internet 550 Mbps JUN26;Internet;25/12/2024;12/8/2026 12:42:08;15/9/2026;24/8/2026 2:45:18;Origen_Asesores_CAC;Destino_RetInstantCall_RET;;CEDULA;1000953685;1707338065;;HUAWEI;HG8145X6-10;Problemas Económicos;U2C019;IVAN EDUARDO GUEVARA ORTEGA;VASQUEZ CORTES GYOVANNA ELIZABETH;DHONY OSWALDO OCHOA RAGUA;R1;Ntgmolir 0986108812 / Id 3001354678  Cliente Indica Que No Desea Mantener El Servicio Activo Se Le Indica El Valor A Pagar El Tiempo Y Directamente En La Agencia Caso Contrario La Orden De Eliminacion Se Anula Y El Servicio Se Mantiene3 Activo Esta De Acuerdo Y Lo Va A Realizar;Cliente desea hacer el cierre del servicio de Internet;4857544350357CB0;Closed;0020528524;GPON;0986108812;E066-CAC EL BOSQUE;dochoar
2026;2026;septiembre;4;WO0000001990901;1;;;NO CONTACTADO;;Gestión Retención;Intención de renuncia - Instant Call;Inconformidad con el servicio;CICLO FMC DIA 15-14;0;2P TODO CLARO EPICO PLUS 550 MBPS+ECDF GPON JUN26 5.2;Internet;2/9/2023;4/9/2026 9:45:43;22/9/2026;4/9/2026 9:45:43;Origen_Asesores_CAC;Destino_RetInstantCall_RET;;CEDULA;1000401931;1725911034;;HUAWEI;HG8245W5-6T;-;U2C004;;HERRERA MORENO ANA GABRIELA;CHRISTIAN ANDRES GRANDA MONCAYO;R1;;INSTANT CALL;4857544308976AA9;Assigned;0019428612;GPON;0984271877;E063-CAC CCI;cgrandam
2026;2026;agosto;14;WO0000001923142;1;Gestión de Retención;RECHAZO;RECHAZADO;ATIENDE TERCERA PERSONA;Gestión Retención;Intención de renuncia - Instant Call;Problemas económicos;CICLO FMC DIA 19-18;8;3P TODO CLARO EPICO PRO 300 MBPS GPON JUL24 11.0;Internet;18/3/2025;14/8/2026 13:10:23;26/9/2026;27/8/2026 2:45:12;Origen_Asesores_CAC;Destino_RetInstantCall_RET;;CEDULA;1001065791;1200555769;;HUAWEI;HG8145X6-13;Atiende Tercera Persona;BH1C008;IVAN EDUARDO GUEVARA ORTEGA;BURGOS AGUIRRE AUGUSTO SERGIO;KARLA ANDREA QUINTANA PRIETO;R2;Ntgmolir 0980596859 / Id 3001805628 Contesta Tercera Persona Indica Que El Titular No Puede Contestar Ya Que Tiene Demencia;INSTANT CALL;48575443D74075B1;Closed;0020677483;GPON;0980596859;E049-CAC PASEO BABAHOYO;kquintap
2026;2026;agosto;17;WO0000001929957;1;Gestión de Retención;RETENIDO;RETENIDO;1 TB POR 1 MES (MANUAL);Gestión Retención;Intención de renuncia - Instant Call;Problemas económicos;CICLO FMC DIA 11-10;8;1P  TODO CLARO Hiperconectado 400 Mbps + HBO MAX  GPON;Internet;8/9/2023;17/8/2026 15:57:33;18/9/2026;28/8/2026 2:45:14;Origen_Asesores_CAC;Destino_RetInstantCall_RET;1 TB POR 1 MES (Manual);CEDULA;1000407832;1720192309;;HUAWEI;HG8245W5-6T;;U2C038;IVAN EDUARDO GUEVARA ORTEGA;LOACHAMIN CHARRO FERNANDA;GENESIS YURIANI ALBARRAN REINA;R1;Ntgmolir 988835747 / Id 3001974843 Cliente Accede A Mantener El Servicio Un Descuento De Tarifa Basica Por 1 Mes Mientras Se Realiza El Cambio De Ciudad;cliente soliicta al renuncia del servicio su ayuda con retencion;485754430E8C99A9;Closed;0019433549;GPON;0022056197;E075-CAC SCALA;galbarrr
2026;2026;agosto;7;WO0000001907543;1;Gestión de Retención;No contactado;NO CONTACTADO;NO CONTACTADO;Gestión Retención;Intención de renuncia - Instant Call;Traslado fuera de cobertura;CICLO FMC DIA 2-1;8;2P TODO CLARO - ELITE PLUS 850 MBPS+MAX JUN26;Internet;25/8/2025;7/8/2026 15:27:34;9/9/2026;24/8/2026 2:45:13;Origen_Asesores_CAC;Destino_RetInstantCall_RET;;CEDULA;1001319597;1760690352;;ZTE;F6505N;No contactado;U5C281;IVAN EDUARDO GUEVARA ORTEGA;CASTAÑO RUIZ YOHN WILDER;MARIA DE LOS ANGELES BAQUERIZO ORTIZ;R1;Ntgmolir 0958921715 / Cliente Ya Fue Gestionado En La Orden Wo0000001908000;instancall;ZTEGD829D4F4;Closed;0020947582;GPON;0958921715;E070-CAC QUICENTRO SUR;mbaquero
2026;2026;julio;7;WO0000001834962;1;Gestión de Retención;RETENIDO;RETENIDO;25% DE DESCUENTO POR 12 MESES;Gestión Retención;Intención de renuncia - Instant Call;Inconformidad de facturación;CICLO FMC DIA 8-7;8;3P TODO CLARO NUEVA TV SUPER GPON JUL24 2.2;Television;7/1/2025;7/7/2026 10:38:42;15/8/2026;3/8/2026 19:20:03;Origen_Asesores_CAC;Destino_RetInstantCall_RET;25% de descuento por 12 meses;CEDULA;1000967440;0202384194;;DECODIFICADOR IPTV SEI ROBOTICS;SEI800AMX;;G4C133;MARIELA CAROLINA OLIVO OROZCO;GUAMAN VEGA NAPOLEON ADRIAN;JOSE EDUARDO MORENO SUAREZ;R2;Ntgmolir 0981529810 / Id 1001181644 Cleinte Accede Al Descuento Del 25% Por 12 Meses;INSTANT CALL;GZ24050532704842;Closed;0020521796;GPON;0981529810;E022-CAC TERMINAL TERRESTRE;jmorenos
2026;2026;julio;20;WO0000001864352;1;Gestión de Retención;NO RETENIDO;NO RETENIDO;VIAJE;Gestión Retención;Intención de renuncia - Instant Call;Viaje;CICLO FMC DIA 11-10;8;2P - TELF SIN LIMITES GPON MAY24 1.3;Telefonia;29/7/2021;20/7/2026 11:38:10;18/8/2026;3/8/2026 19:36:45;Destino_RetInstantCall_RET;Destino_RetInstantCall_RET;;CEDULA;25138327;1707488191;;ZTE;F6600P;Viaje;U02075;IVAN EDUARDO GUEVARA ORTEGA;BOHORQUEZ REMACHE MARINITA LOURDES;IVAN EDUARDO GUEVARA ORTEGA;R1;Ntgmdomc / Contacto: 0963788997 /   Id De Llamada: 3001762052 / Cliente Desiste De Sus Servicios Por Motivo De Que Se Cambio De Domicilio, No Accede A Herramientas De Retencion Y Se Menciona De La Ultima Factura De Telefonia Postpagada;INSTANTCALL;ZTEGD7128A2B;Closed;0017522972;GPON;0963965276;CANTEC UIO;ntgigueo
2026;2026;agosto;14;WO0000001924137;1;Gestión de Retención;RECHAZO;RECHAZADO;YA TIENE ORDEN DE BAJA INGRESADA;Gestión Retención;Intención de renuncia - Instant Call;No aplica cobertura BF;CICLO FMC DIA 11-10;8;2P TELEFONIA SIN LIMITES GPON ENE25 46;Telefonia;21/9/2022;14/8/2026 16:57:47;18/9/2026;27/8/2026 2:45:13;Origen_Asesores_CAC;Destino_RetInstantCall_RET;;CEDULA;25195663;1721067369;;ZTE;F6600P;Ya tiene orden de baja ingresada;U03043;IVAN EDUARDO GUEVARA ORTEGA;VERA JARAMILLO KEVIN ESTUARDO;PAUL ALFREDO PINO LAGUATASIG;R1;Ntgmolir 0939926469 / Cliente Ya Fue Atendido En La Orden Wo0000001924231;renuncia - Instant Call;ZTEGD712AF65;Closed;0017932779;GPON;0939926469;E066-CAC EL BOSQUE;ppinol
2026;2026;agosto;14;WO0000001924042;1;Gestión de Retención;RECHAZO;RECHAZADO;YA TIENE ORDEN DE BAJA INGRESADA;Gestión Retención;Intención de renuncia - Instant Call;No aplica cobertura BF;CICLO FMC DIA 11-10;8;Internet 850 Mbps  + ECDF JUN26;Internet;7/4/2015;14/8/2026 16:56:09;18/9/2026;27/8/2026 2:45:13;Origen_Asesores_CAC;Destino_RetInstantCall_RET;;CEDULA;2202215978;1721067369;;ZTE;F6600P;Ya tiene orden de baja ingresada;U03043;IVAN EDUARDO GUEVARA ORTEGA;VERA JARAMILLO KEVIN ESTUARDO;PAUL ALFREDO PINO LAGUATASIG;R1;Ntgmolir 0939926469 / Cliente Ya Fue Atendido En La Orden Wo0000001924231;renuncia - Instant Call;ZTEGD712AF65;Closed;0017932779;GPON;0939926469;E066-CAC EL BOSQUE;ppinol
2026;2026;julio;22;WO0000001869804;1;Gestión de Retención;RECHAZO;RECHAZADO;SOLO SOLICITA INFORMACIÓN;Gestión Retención;Intención de renuncia - Instant Call;Traslado no atendido o fuera de tiempo;CICLO FMC DIA 2-1;8;2P TELEFONIA SIN LIMITES GPON ABR25 63;Telefonia;29/6/2025;22/7/2026 10:49:23;9/8/2026;3/8/2026 19:39:46;Origen_Asesores_CAC;Destino_RetInstantCall_RET;;CEDULA;45059638;0905833869;;HUAWEI;HG8145X6-13;Solo solicita Información;G3C112;IVAN EDUARDO GUEVARA ORTEGA;ZEVALLOS MERA MARTINA DEL JESUS;CARLOS FRANCISCO PONCE CAMPODONICO;R2;Ntgmdomc / Contacto: 0982732288 /   Id De Llamada: 1001315972 / Cliente No Desea Ingresar Nada De Renuncia, Indica Que El Valor Que Le Indicaron En Agencia Que Debe De Cancelar Es Muy Alto Y Que Ya Validara Que Hacer, Cierra Llamada;INTENCION DE RENUNCIA;48575443CD42BBB1;Closed;0020846330;GPON;0985905801;E017-CAC 9 DE OCTUBRE 1;cponcep
2026;2026;septiembre;22;WO0000002047170;1;;;NO CONTACTADO;;Gestión Retención;Intención de renuncia - Instant Call;Inconformidad con el servicio;CICLO FMC DIA 13-12;0;2P CONVERGENTE TELEFONIA SIN LIMITES GPON JUL26 7.0;Telefonia;11/9/2026;22/9/2026 11:55:44;20/10/2026;22/9/2026 11:55:45;Origen_Asesores_CAC;Destino_RetInstantCall_RET;;CEDULA;25038693;1715645246;;HUAWEI;HG8145X6-13;-;U4C005;;CUSHICAGUA SIMBAÑA NELSON PAUL;GRACE ALICIA GUERRERO HERRERA;R1;;Instant Call;485754430CE41EB4;Assigned;0021926255;GPON;0984675528;E079-CAC MALL JARDIN;gguerreh
2026;2026;julio;15;WO0000001853338;1;Gestión de Retención;RECHAZO;RECHAZADO;SOLO SOLICITA INFORMACIÓN;Gestión Retención;Intención de renuncia - Instant Call;Falla en el servicio - Imputables a claro;CICLO FMC DIA 2-1;8;4P FULL CLARO IPTV GPON SUPER NOV25 334;Television;10/1/2026;15/7/2026 11:09:47;9/8/2026;3/8/2026 19:30:40;Origen_Asesores_CAC;Destino_RetInstantCall_RET;;CEDULA;1001476609;1712869872;;DECODIFICADOR IPTV SEI ROBOTICS;SEI800AMX;Solo solicita Información;U4C009;MARIELA CAROLINA OLIVO OROZCO;SALVADOR SALVADOR ESTUARDO;MARCO ARMANDO GONZALEZ CASTRO;R1;Ntgmolir 0991961525 / Id 2001867322 Cliente Indica Que No Puede Cumplir Con Los Tiempos Del Proceso De Eliminacion De Servicios Indica Que Se Va A Cercar El Dia Lunes A La Agencia Para Que Se Le Realice El Proceso Nuevamente Se Le Ofrece Herramientas De Retencion Las Cuales No Accede Se Le Idnica Que No Se Ingresa Proceso De Eliminacion Esta De Acuerdo;instant call;GZ25030231718795;Closed;0021177838;GPON;0991961525;E079-CAC MALL JARDIN;mgonzalc
2026;2026;julio;8;WO0000001839688;1;Gestión de Retención;No contactado;NO CONTACTADO;NO CONTACTADO;Gestión Retención;Intención de renuncia - Instant Call;Problemas económicos;CICLO FMC DIA 11-10;8;3P TODO CLARO OTT GPON SUPER FEB26 168;Television;6/4/2026;8/7/2026 20:28:46;18/8/2026;3/8/2026 19:22:40;Origen_Asesores_CAC;Destino_RetInstantCall_RET;;CEDULA;1001590590;0903140184;;DECODIFICADOR IPTV SEI ROBOTICS;SEI800AMX;No contactado;G6C053;MARIELA CAROLINA OLIVO OROZCO;MARTINEZ MALDONADO PABLO FRANCISCO;ALLISON ASTRID AGUILERA SALGUERO;R2;Ntgmolir 0986054951 / Cliente No Contesta No Permite Dejar Mensaje De Voz;INSTANT CALL;GZ25030231715948;Closed;0021355196;GPON;0986054951;E034-CAC RIOCENTRO ENTRE RIOS;aaguiles
2026;2026;julio;6;WO0000001832464;1;Gestión de Retención;RETENIDO;RETENIDO;CON EL MISMO SERVICIO;Gestión Retención;Intención de renuncia - Instant Call;Cierre de negocio;CICLO FMC DIA 11-10;8;2P INTERNET 550 MBPS GPON ABR25 67;Internet;8/5/2026;6/7/2026 11:27:32;18/8/2026;3/8/2026 19:18:43;Origen_Asesores_CAC;Destino_RetInstantCall_RET;Con el mismo servicio;CEDULA;1001634852;1720507712;;ZTE;F6505N;;U1C115;IVAN EDUARDO GUEVARA ORTEGA;CORDOVA ESPINOZA BLANCA GEOVANNA;PAUL ALFREDO PINO LAGUATASIG;R1;Ntggcase 0969351715 / Id 3001952683/No Se Ingresa Renuncia, Queda Con El Mismo Servicio. Va A Buscar Una Opción Con La Persona Que Le Vendio El Servicio Para El Financiamiento De Un Equipo.;renuncia - Instant Call;ZTEGDA1C59E9;Closed;0021417801;GPON;0969351715;E066-CAC EL BOSQUE;ppinol
2026;2026;agosto;11;WO0000001913647;1;Gestión de Retención;No contactado;NO CONTACTADO;NO CONTACTADO;Gestión Retención;Intención de renuncia - Instant Call;Problemas económicos;CICLO FMC DIA 11-10;8;Hogar Sin Limites $8,40 HFC FEB22;Telefonia;12/7/2022;11/8/2026 11:55:54;18/9/2026;24/8/2026 2:45:16;Origen_Asesores_CAC;Destino_RetInstantCall_RET;;CEDULA;25157741;1707997381;8C8ABB404489;EMTA SMDC OG3000 TECHNOLOGY;OG3000 SMDC;No contactado;U01163;IVAN EDUARDO GUEVARA ORTEGA;ACERO ACHINA JOSE LUIS;DAYANA PAOLA PROAÑO PROAÑO;R1;Ntgmolir 0939061583 / Id 3001274923 Cliente No Contesta Se Deja Mensaje De Voz;INSTANT CALL;300120400004138664;Closed;0017212593;HFC;0939061583;E163-CAC EL PORTAL;dproanop
2026;2026;agosto;19;WO0000001936013;1;Gestión de Retención;No contactado;NO CONTACTADO;NO CONTACTADO;Gestión Retención;Intención de renuncia - Instant Call;No dar motivos;CICLO FMC DIA 26-25;8;3P TODO CLARO Esencial Pro TV Extra GPON IPTV.1;Television;22/7/2023;19/8/2026 12:02:44;2/9/2026;29/8/2026 2:45:32;Origen_Asesores_CAC;Destino_RetInstantCall_RET;;CEDULA;1000362600;1716578230;;DECODIFICADOR IPTV;STB B866V2;No contactado;U5C003;IVAN EDUARDO GUEVARA ORTEGA;GALARRAGA MOSQUERA MAURO IVAN;MARTIN NICOLAS LIMA DAVILA;R1;Ntgmolir 0988042104 / Id 1001737981 Cliente No Contesta Se Deja Mensaje De Voz;CLIENTE DESEA CANCELAR SUS SERVICIOS. CONTACTO: 0988042104;ZTEATV41201711194;Closed;0018014476;GPON;0988042104;E079-CAC MALL JARDIN;mlimaa
2026;2026;agosto;11;WO0000001914752;1;Gestión de Retención;No contactado;NO CONTACTADO;NO CONTACTADO;Gestión Retención;Intención de renuncia - Instant Call;Problemas personales;CICLO FMC DIA 8-7;8;3P TODO CLARO TELEFONIA SIN LIMITES GPON JUL24 2.1;Telefonia;19/12/2024;11/8/2026 16:08:47;15/9/2026;24/8/2026 2:45:17;Origen_Asesores_CAC;Destino_RetInstantCall_RET;;CEDULA;25184368;1702762095;;ZTE;F680V6;No contactado;U1C115;IVAN EDUARDO GUEVARA ORTEGA;VIZCAINO ESPARZA JOSE ELIAS;SHEYLA BRIGITTE ANDRADE FONTE;R1;Ntgmolir 0997598377 / Id3001304687 Cliente No Contesta Se Deja Mensaje De Voz;INSTANT CALL;ZTEGD1C95863;Closed;0019396029;GPON;0997598377;E066-CAC EL BOSQUE;sandradf
2026;2026;julio;6;WO0000001834352;1;Gestión de Retención;NO RETENIDO;NO RETENIDO;VIAJE;Gestión Retención;Intención de renuncia - Instant Call;Viaje;CICLO FMC DIA 11-10;8;PLAN TV EXTRA GPON MAY24 1.1;Television;19/7/2024;6/7/2026 19:25:38;18/8/2026;3/8/2026 19:19:43;Destino_RetInstantCall_RET;Destino_RetInstantCall_RET;;CEDULA;1000732600;0901787457;;DECODIFICADOR IPTV;STB B866V2;Viaje;G01047;IVAN EDUARDO GUEVARA ORTEGA;RUIZ DELGADO OLGA MERCEDES;IVAN EDUARDO GUEVARA ORTEGA;R2;Ntggcase 0999869704 / Id 1001093535/Cliente Indica Que Sale De Viaje Sin Fecha De Retorno. No Acepta Beneficios, Se Ingresa Renuncia.;INSTANCALL;ZTEATV41200779990;Closed;0017929003;GPON;045053986;CANTEC UIO;ntgigueo
2026;2026;agosto;24;WO0000001956548;1;;;NO CONTACTADO;;Gestión Retención;Intención de renuncia - Instant Call;Problemas económicos;CICLO FMC DIA 26-25;0;PLAN CLARO HOGAR ILIMITADO GPON MAY24 1,5;Telefonia;24/5/2017;24/8/2026 11:35:21;3/10/2026;24/8/2026 11:35:22;Origen_Asesores_CAC;Destino_RetInstantCall_RET;;CEDULA;25101467;1701789354;;ZTE;F680V6;-;U03049;;CERON HINOJOSA SEGUNDO LUIS;DANNY SANTIAGO PAZMIÑO PAREDES;R1;;Instant Call;ZTEGD4B5220C;Assigned;0017321588;GPON;0995003442;E079-CAC MALL JARDIN;dpazminp
2026;2026;septiembre;18;WO0000002035402;1;;;NO CONTACTADO;;Gestión Retención;Intención de renuncia - Instant Call;Problemas económicos;CICLO FMC DIA 26-25;0;3P NUEVA TV SUPER GPON ABR25 8;Television;30/6/2025;18/9/2026 19:36:02;3/10/2026;18/9/2026 19:36:02;Origen_Asesores_CAC;Destino_RetInstantCall_RET;;CEDULA;1001235749;1710418482;;DECODIFICADOR IPTV SEI ROBOTICS;SEI800AMX;-;U02017;;LLERENA VEINTIMILLA SONIA MALENA;MARCO ARMANDO GONZALEZ CASTRO;R1;;instant call;GZ24080644201833;Assigned;0017175425;GPON;0994572773;E079-CAC MALL JARDIN;mgonzalc
2026;2026;julio;6;WO0000001832197;1;Gestión de Retención;RETENIDO;RETENIDO;25% DE DESCUENTO POR 12 MESES;Gestión Retención;Intención de renuncia - Instant Call;Problemas económicos;CICLO FMC DIA 24-23;8;3P CONVERGENTE IPTV GPON SUPER NOV25 360;Television;16/12/2025;6/7/2026 10:27:14;31/7/2026;3/8/2026 19:18:34;Destino_RetInstantCall_RET;Destino_RetInstantCall_RET;25% de descuento por 12 meses;CEDULA;1001466738;1719206771;;DECODIFICADOR IPTV SEI ROBOTICS;SEI800AMX;;U5C145;MARIELA CAROLINA OLIVO OROZCO;BARRERA FIGUEROA JOSE DAVID;MARIELA CAROLINA OLIVO OROZCO;R1;Ntgmolir 0983320813 / Id 3001905143 Cliente Va A Mantener Los Servicios Activos Con Un Descuento Del 25% Por 12 Meses;INSTANTCALL;GZ25030231729462;Closed;0021167653;GPON;0983320813;CANTEC UIO;ntgmolir
2026;2026;julio;9;WO0000001841497;1;Gestión de Retención;NO RETENIDO;NO RETENIDO;CAMBIO DE PROVEEDOR;Gestión Retención;Intención de renuncia - Instant Call;Problemas económicos;CICLO FMC DIA 11-10;8;3P - Todo Claro Telefonia Sin limites HFC 1.1;Telefonia;12/11/2020;9/7/2026 16:18:29;18/8/2026;3/8/2026 19:23:44;Origen_Asesores_CAC;Destino_RetInstantCall_RET;;CEDULA;45023510;0917914079;3093BCEB979B;EMTA SAGEMCOM 24X8 DOCSIS3.0 DUAL BAND;FAST3686 SAGEMCOM;Cambio de Proveedor;G01017;IVAN EDUARDO GUEVARA ORTEGA;MINDIOLA VACA FERNANDO DANIEL;SYLVIA IRENE ASTUDILLO CASTILLO;R2;Ntgmdomc / Contacto: 0985606788 /   Id De Llamada: 1001792305 / Cliente Desiste De Sus Servicios Por Motivo De Que Desea Cambiarse A Un Plan Comercial, No Accede A Herramientas De Retencion, Se Menciona Sobre Las Facturas Que Se Van A Agenerar;INSTANT CALL;NQ2006354004410;Closed;0017564705;HFC;0985606788;E036-CAC RIOCENTRO SUR;sastudic
2026;2026;julio;3;WO0000001827517;1;Gestión de Retención;RETENIDO;RETENIDO;1 TB POR 1 MES (MANUAL);Gestión Retención;Intención de renuncia - Instant Call;Problemas económicos;CICLO FMC DIA 28-27;8;3P NUEVA TV SUPER GPON OTT ABR252;Television;26/3/2026;3/7/2026 12:23:29;4/8/2026;3/8/2026 19:15:37;Destino_RetInstantCall_RET;Destino_RetInstantCall_RET;1 TB POR 1 MES (Manual);CEDULA;1001582107;1711320174;;DECODIFICADOR IPTV SEI ROBOTICS;SEI800AMX;;U5C058;MARIELA CAROLINA OLIVO OROZCO;ZANDRA SUSANA CHAMORRO RAMIREZ;MARIELA CAROLINA OLIVO OROZCO;R1;Ntgmolir 0962887043 / Id 3001272671  Cliente Accede A Un Descuento De Tb Por 1 Mes;INSTANCALL;GZ25030231725888;Closed;0021339058;GPON;0962887043;CANTEC UIO;ntgmolir
2026;2026;julio;28;WO0000001882602;1;Gestión de Retención;No contactado;NO CONTACTADO;CIERRA LLAMADA;Gestión Retención;Intención de renuncia - Instant Call;Fallas en el servicio imputables al cliente;CICLO FMC DIA 15-14;8;2P INTERNET 550 MBPS GPON ABR25 67;Internet;13/7/2025;28/7/2026 11:27:52;22/8/2026;3/8/2026 19:46:28;Origen_Asesores_CAC;Destino_RetInstantCall_RET;;CEDULA;1001257320;1717250672;;ZTE;F6505N;Cierra Llamada;U5C269;IVAN EDUARDO GUEVARA ORTEGA;UCHUPANTA ORTEGA CARLOS CESAR;LISSETH CAROLINA LUCERO GALINDO;R1;Ntgmdomc / Contacto: 0988230137 /   Id De Llamada: 1001339565  - 1001342206 - 1001342812 / Cliente Cierra Llamada, No Permite Indicar El Proceso De Renuncia Ni Herramientas De Retencion, Nos Volvemos A Comunicar Pero Cliente Se Encuentra Molesto Y Nos Vuelve A Colgar, Nos Volvemos A Comunicar Y Ya No Hay Respuesta, Se Deja Mensaje De Voz;INSTCALL;ZTEGDA1C3E62;Closed;0020880515;GPON;0988230137;E070-CAC QUICENTRO SUR;llucerog
2026;2026;julio;9;WO0000001841287;1;Gestión de Retención;No contactado;NO CONTACTADO;NO CONTACTADO;Gestión Retención;Intención de renuncia - Instant Call;Falta de uso;CICLO FMC DIA 21-20;8;1P ADULTO MAYOR GPON INTERNET 300 MBPS AGO25 6;Internet;20/2/2026;9/7/2026 15:30:53;28/7/2026;3/8/2026 19:23:38;Origen_Asesores_CAC;Destino_RetInstantCall_RET;;CEDULA;1001530284;0904480092;;HUAWEI;HG8145X6-13;No contactado;G3C123;MARIELA CAROLINA OLIVO OROZCO;MENDOZA SIERRA FLOR AURORA;JOSE EDUARDO MORENO SUAREZ;R2;Ntgmolir 0960592134 / Id 1001782268 Cliente No Contesta Se Deja Mensaje De Voz;INSTANTCALL;485754436E17FFB4;Closed;0021263989;GPON;0960592134;E022-CAC TERMINAL TERRESTRE;jmorenos
2026;2026;julio;22;WO0000001870696;1;Gestión de Retención;NO RETENIDO;NO RETENIDO;FALLAS EN EL SERVICIO - IMPUTABLES A CLARO;Gestión Retención;Intención de renuncia - Instant Call;Inconformidad con el servicio;CICLO FMC DIA 11-10;8;1 PLAY - Internet 400 Mbps;Internet;26/1/2017;22/7/2026 14:08:18;18/8/2026;3/8/2026 19:40:12;Origen_Asesores_CAC;Destino_RetInstantCall_RET;;CEDULA;2206449180;0924935380;7C1689B97ADC;EMTA SAGEMCOM FAST3890V3 DUAL BAND;SAGEMCOM FAST3890V3;Fallas en el Servicio - Imputables a Claro;G06027;MARIELA CAROLINA OLIVO OROZCO;ORELLANA VELIZ CHRISTEL MANUELA;JONATHAN EDDIE ESPINOZA LEON;R2;Ntgmolir 0986514265 / Id 1001639777 Cliente No Accede A Herramientas De Retencion Indica  Que Ya Contrato Otro Serviciose Le Indica Valor A Pagar Por Repetidor De 115 Dolares Y Que Debe Pagar De 24 A 48 Horas Caso Contrario Se Anula La Orden Y El Servicio Se Mantiene Activo Y Facturando;INSTANT CALL;DM2129518002512;Closed;0017171243;HFC;0986514265;E034-CAC RIOCENTRO ENTRE RIOS;jespinol
2026;2026;julio;22;WO0000001870371;1;Gestión de Retención;RETENIDO;RETENIDO;50% DE DESCUENTO POR 6 MESES;Gestión Retención;Intención de renuncia - Instant Call;Problemas económicos;CICLO FMC DIA 26-25;8;2P TODO CLARO EPICO PLUS 550 MBPS+ECDF GPON JUN26 5.2;Internet;19/10/2024;22/7/2026 12:44:35;2/9/2026;3/8/2026 19:40:01;Origen_Asesores_CAC;Destino_RetInstantCall_RET;50% de descuento por 6 meses;CEDULA;1000864567;0904186491;;HUAWEI;HG8145X6-10;;G4C115;IVAN EDUARDO GUEVARA ORTEGA;SALAZAR RIVERA GUILLERMO ERNESTO;BOLIVAR GEOVANNY DEL HIERRO IZAGUIRRE;R2;Ntgmdomc / Contacto: 0982965615 /   Id De Llamada: 1001538133 / Cliente Retenido Con El 50% De Descuento Por 6 Meses;INSTANT CALL;4857544301E646B0;Closed;0020402652;GPON;0982965615;E022-CAC TERMINAL TERRESTRE;bdelhiei
2026;2026;septiembre;4;WO0000001992121;1;;;NO CONTACTADO;;Gestión Retención;Intención de renuncia - Instant Call;Falta de uso;CICLO FMC DIA 28-27;0;3P NUEVA TV SUPER GPON ABR25 8;Television;21/1/2025;4/9/2026 14:11:51;5/10/2026;4/9/2026 14:11:51;Origen_Asesores_CAC;Destino_RetInstantCall_RET;;CEDULA;1000984826;0900491739;;DECODIFICADOR IPTV SEI ROBOTICS;SEI800AMX;-;G05005;;RENDON ALVARADO TITO ARMANDO;DIEGO ABEL HERRERIA JACOME;R2;;INSTALL CALL;GZ24050532703273;Assigned;0017301400;GPON;045071105;E049-CAC PASEO BABAHOYO;dherrerj
2026;2026;julio;3;WO0000001828847;1;Gestión de Retención;No contactado;NO CONTACTADO;NO CONTACTADO;Gestión Retención;Intención de renuncia - Instant Call;Inconformidad con el servicio;CICLO FMC DIA 8-7;8;1PLAY - 550 Megas GPON JUN26 4.6;Internet;30/5/2024;3/7/2026 17:54:23;15/8/2026;3/8/2026 19:16:21;Origen_Asesores_CAC;Destino_RetInstantCall_RET;;CEDULA;1000676455;0100787688;;HUAWEI;HG8245W5-6T;No contactado;G4C113;MARIELA CAROLINA OLIVO OROZCO;CAJAMARCA CUJI LUIS MARIA;PATRICIO DAVID POZO PARRA;R2;Ntgmolir 0985546396 / Id 3001613055  Cliente No Contesta Se Deja Mensaje De Voz;Intención Renuncia;485754430ED208A9;Closed;0020054504;GPON;098274608;E032-CAC POLICENTRO;ppozor
2026;2026;julio;7;WO0000001834963;1;Gestión de Retención;No contactado;NO CONTACTADO;NO CONTACTADO;Gestión Retención;Intención de renuncia - Instant Call;Falla en el servicio - Imputables a claro;CICLO FMC DIA 28-27;8;2P INTERNET 550 MBPS + MAX GPON ABR25 54;Internet;27/11/2025;7/7/2026 10:36:55;4/8/2026;3/8/2026 19:20:03;Origen_Asesores_CAC;Destino_RetInstantCall_RET;;CEDULA;1001447339;0918676404;;HUAWEI;HG8145X6-13;No contactado;G3C051;MARIELA CAROLINA OLIVO OROZCO;GUILLERMO JACINTO VALLE MATAMOROS;STEFFI NICOLE AVILES REYES;R2;Ntgmolir 0985420592 / Id 1001179711    Cliente No Contesta Se Deja Mensaje De Voz;INSTANT CALL;485754436E14E2B4;Closed;0021103514;GPON;0985420592;E025-CAC MALL DEL SUR;savilesr
2026;2026;julio;14;WO0000001851040;1;Gestión de Retención;RECHAZO;RECHAZADO;YA TIENE ORDEN DE BAJA INGRESADA;Gestión Retención;Intención de renuncia - Instant Call;Cierre de negocio;CICLO FMC DIA 26-25;8;Internet 900 Mbps MAR26;Internet;14/5/2021;14/7/2026 11:50:10;2/8/2026;3/8/2026 19:29:19;Origen_Asesores_CAC;Destino_RetInstantCall_RET;;CEDULA;2216967727;0912081072;;HUAWEI;HG8245W5;Ya tiene orden de baja ingresada;G4C009;MARIELA CAROLINA OLIVO OROZCO;VILLACIS PEÑAHERRERA LOLA KARINA;MICHELLE ANGGYE MINCHALA FUENTES;R2;Ntgmolir 0991123051 / Cliente Ya Fue Atendido En Kiosko Y Esta Ingresada La Baja De Todos Sus Servicios Fijos 3 Play;RENUNCIA DE INTERNET;485754432A0695A4;Closed;0017842969;GPON;0991123051;E032-CAC POLICENTRO;mminchaf
2026;2026;julio;10;WO0000001843053;1;Gestión de Retención;No contactado;NO CONTACTADO;NO CONTACTADO;Gestión Retención;Intención de renuncia - Instant Call;Problemas económicos;CICLO FMC DIA 11-10;8;3P TODO CLARO NUEVA TV SUPER GPON JUL24 2.2;Television;17/1/2022;10/7/2026 12:23:13;18/8/2026;3/8/2026 19:24:40;Origen_Asesores_CAC;Destino_RetInstantCall_RET;;CEDULA;2218115689;1200838959;;DECODIFICADOR IPTV SEI ROBOTICS;SEI800AMX;No contactado;G04075;MARIELA CAROLINA OLIVO OROZCO;QUINTO DIGLE RAQUEL;MARIA MATILDE CHICAIZA HASING;R2;Ntgmolir 0992828844 / Id 1001955548 Cleinte No Contesta Se Deja Mensaje De Voz;desea anular tv;GZ25030231711678;Closed;0017410971;GPON;0992828844;CAC MALL DEL NORTE;mchicaiza
2026;2026;julio;7;WO0000001835191;1;Gestión de Retención;RECHAZO;RECHAZADO;TRASLADO FUERA DE COBERTURA;Gestión Retención;Intención de renuncia - Instant Call;Problemas personales;CICLO FMC DIA 26-25;8;Internet 400 Mbps;Internet;24/11/2020;7/7/2026 11:30:23;2/8/2026;3/8/2026 19:20:09;Origen_Asesores_CAC;Destino_RetInstantCall_RET;;CEDULA;2216082442;1710758911;;HUAWEI;HG8145X6-13;Traslado fuera de Cobertura;U05153;IVAN EDUARDO GUEVARA ORTEGA;REA REA RITA CLOTILDE;MARIA DE LOS ANGELES BAQUERIZO ORTIZ;R1;Ntgmdomc / Contacto: 0969018913 /   Id De Llamada: 1001208073 / Cliente Se C Ambia De Ciudad Donde No Hay Cobertura, No Accede A Otras Herramientas De Retencion;instancall;48575443708A49B3;Closed;0019420687;GPON;0969018913;E070-CAC QUICENTRO SUR;mbaquero
2026;2026;julio;14;WO0000001851581;1;Gestión de Retención;RECHAZO;RECHAZADO;INFORMACIÓN INCORRECTA;Gestión Retención;Intención de renuncia - Instant Call;Falla en el servicio - Imputables a claro;CICLO FMC DIA 28-27;8;1P ADULTO MAYOR GPON INTERNET 300 MBPS AGO25 6;Internet;26/3/2026;14/7/2026 14:29:41;4/8/2026;3/8/2026 19:29:38;Origen_Asesores_CAC;Destino_RetInstantCall_RET;;CEDULA;1001581554;0905900213;;HUAWEI;HG8145X6-13;Información incorrecta;VC1C008;MARIELA CAROLINA OLIVO OROZCO;SOTOMAYOR LOOR LORGIO WASHINGTON;DIEGO ABEL HERRERIA JACOME;R2;Ntgmolir 0981491824 / Id 2001720273  Cliente No Realiza Validacion De Datos Correctamente Ya  Que Indica Mal La Fecha De Nacimiento Se Le Idnica Que Se Acerque A La Agencia O Comunicarse Al 611;INSTALL CALL;48575443E3A87EB2;Closed;0021350582;GPON;0981491824;E049-CAC PASEO BABAHOYO;dherrerj
2026;2026;julio;22;WO0000001869691;1;Gestión de Retención;No contactado;NO CONTACTADO;NO CONTACTADO;Gestión Retención;Intención de renuncia - Instant Call;Cambio de proveedor;CICLO FMC DIA 24-23;8;3P TODO CLARO EPICO PRO 300 MBPS HFC JUL24 2;Internet;16/10/2024;22/7/2026 10:17:00;31/8/2026;3/8/2026 19:39:42;Origen_Asesores_CAC;Destino_RetInstantCall_RET;;CEDULA;1000856987;0919622290;B85E718B6E64;EMTA TECHNICOLOR CGA2121 DUAL BAND 8X4;TECHNICOLOR CGA2121;No contactado;G06040;IVAN EDUARDO GUEVARA ORTEGA;BARRENO MORETA FABIOLA ELIZABETH;JONATHAN EDDIE ESPINOZA LEON;R2;Ntgmdomc / Contacto: 0959971021 /   Id De Llamada: 1001269428 / Nos Comunicamos Varias Veces Al Unico Numero Registrado Y No Hay Respuesta, Se Deja Mensaje De Voz, Mantiene El Numero De Claro Bloqueado;INSTANT CALL;358922122382106347;Closed;0020361588;HFC;0985733140;E034-CAC RIOCENTRO ENTRE RIOS;jespinol
2026;2026;julio;29;WO0000001886304;1;Gestión de Retención;RETENIDO;RETENIDO;MANTENIMIENTO;Gestión Retención;Intención de renuncia - Instant Call;Inconformidad con el servicio;CICLO FMC DIA 11-10;8;1P TODO CLARO Esencial 400 Mbps GPON;Internet;9/5/2023;29/7/2026 15:54:17;18/8/2026;3/8/2026 19:48:30;Origen_Asesores_CAC;Destino_RetInstantCall_RET;Mantenimiento;CEDULA;1000290955;1751240746;;ZTE;F6600P;;U02066;MARIELA CAROLINA OLIVO OROZCO;GORDON MORALES ANTONY PAUL;CHRISTOPHER SANTIAGO HERRERA CORREA;R1;Ntgmolir 0999219580 / Id 2001543851 Cliente Va Mantener El Servicio Activo Con Un Descuento De 50% Por 6 Meses Y Un Mantenimiento Agendado Para El 30 De 10 A 1;Cliente solicita cancelación de servicio, hace una semana sin servicio de internet;ZTEGD7128AB7;Closed;0020919323;GPON;0999219580;E066-CAC EL BOSQUE;cherrerc
2026;2026;agosto;11;WO0000001914997;1;Gestión de Retención;No contactado;NO CONTACTADO;NO CONTACTADO;Gestión Retención;Intención de renuncia - Instant Call;Problemas personales;CICLO FMC DIA 11-10;8;Internet 900 Mbps MAR26;Internet;5/4/2024;11/8/2026 16:57:48;18/9/2026;24/8/2026 2:45:17;Origen_Asesores_CAC;Destino_RetInstantCall_RET;;CEDULA;1000614197;0905188983;;ZTE;F6600P;No contactado;G4C153;IVAN EDUARDO GUEVARA ORTEGA;DAVILA BAJAÑA JUAN DOMINGO;LUIS ALFREDO BASCUÑÁN SANTOS;R2;Ntgmolir 0998647271 / Id 3001319178 Cliente No Contesta Se Deja Mensaje De Voz;INSTANT CALL;ZTEGD712A466;Closed;0020542703;GPON;998647271;E024-CAC MALL DEL SOL;lbascuns
2026;2026;julio;10;WO0000001843362;1;Gestión de Retención;NO RETENIDO;NO RETENIDO;VIAJE;Gestión Retención;Intención de renuncia - Instant Call;Cambio de proveedor;CICLO FMC DIA 11-10;8;Internet 400 Mbps;Internet;26/7/2019;10/7/2026 13:55:27;18/8/2026;3/8/2026 19:24:50;Origen_Asesores_CAC;Destino_RetInstantCall_RET;;CEDULA;2213667407;1707274278;384C90F73802;EMTA WIFI ARRIS-TG862A;TG862 ARRI;Viaje;U04073;IVAN EDUARDO GUEVARA ORTEGA;MARTINEZ LARREA IVAN FRANCISCO;CRISTIAN ALEXIS GARCIA PAZOS;R1;Ntgmdomc / Contacto: 0978759239 /   Id De Llamada: 1001984271 / Cliente Desiste De Sus Servicios Porque Sale Del Pais, Se Va A Vivir A España, No Accede A Herramientas De Rtencion Y Se Menciona Sobre Facturas A Generar Este Mes Mas Mora Y Reactivacion, Acepta Todo;su ayuda con renuncia;G59BSTLAJ100142;Closed;0017379317;HFC;0978759239;E066-CAC EL BOSQUE;cgarciap
2026;2026;septiembre;3;WO0000001987674;1;;;NO CONTACTADO;;Gestión Retención;Intención de renuncia - Instant Call;Falta de uso;CICLO FMC DIA 6-5;0;3P CAMBIATE NUEVA TV SUPER GPON JUL24 6.2;Television;5/8/2024;3/9/2026 9:44:48;13/10/2026;3/9/2026 9:44:48;Origen_Asesores_CAC;Destino_RetInstantCall_RET;;CEDULA;1000749018;1721237244;;DECODIFICADOR IPTV;STB B866V2;-;U1C061;;SASIG TAIPE ELIZABETH PAULINA;CHRISTIAN ANDRES GRANDA MONCAYO;R1;;INSTANT CALL;ZTEATV41200792008;Assigned;0020238483;GPON;0999400297;E063-CAC CCI;cgrandam
2026;2026;julio;10;WO0000001843460;1;Gestión de Retención;No contactado;NO CONTACTADO;NO CONTACTADO;Gestión Retención;Intención de renuncia - Instant Call;Problemas económicos;CICLO FMC DIA 28-27;8;3P TODO CLARO NUEVA TV SUPER GPON JUL24 2.2;Television;24/3/2025;10/7/2026 14:18:07;4/8/2026;3/8/2026 19:24:53;Origen_Asesores_CAC;Destino_RetInstantCall_RET;;CEDULA;1001075476;0907768253;;DECODIFICADOR IPTV SEI ROBOTICS;SEI800AMX;No contactado;G1C040;IVAN EDUARDO GUEVARA ORTEGA;JARAMILLO JURADO FANNY ADRIANA;MARIA JOSE VERDUGA VIERA;R2;Ntgmdomc / Contacto: 0984946501 /   Id De Llamada: 1001995167 / Nos Comunicamos Varias Veces Y Cliente No Contesta, Se Deja Mensaje De Voz;INSTANT CALL;GZ24080123809834;Closed;0020670558;GPON;0984946501;E017-CAC 9 DE OCTUBRE 1;mverdugv
2026;2026;agosto;15;WO0000001925730;1;Gestión de Retención;NO RETENIDO;NO RETENIDO;CIERRE DE NEGOCIO;Gestión Retención;Intención de renuncia - Instant Call;Cierre de negocio;CICLO FMC DIA 2-1;8;Internet 400 Mbps + ECDF JUN26 2.0;Internet;28/2/2024;15/8/2026 13:18:44;9/9/2026;27/8/2026 2:45:14;Origen_Asesores_CAC;Destino_RetInstantCall_RET;;CEDULA;1000578285;0927372953;;HUAWEI;HG8245W5-6T;Cierre de Negocio;G3C090;IVAN EDUARDO GUEVARA ORTEGA;BERMEO HUERTAS JUAN CARLOS;JONATHAN EDDIE ESPINOZA LEON;R2;Ntgmolir 0982723551 / Id 3001847091 Cliente Indica Que No Desea Mantener El Servicio Activo Se Le Indica El Valor De Pago Y El Medio Por El Que Lo Debhe Realizar Y Se Le Indica Fecha De Eliminacion Y De Retiro De Equipos;INSTANT CALL;48575443322ABAAC;Closed;0019967295;GPON;0982723551;E034-CAC RIOCENTRO ENTRE RIOS;jespinol
2026;2026;julio;10;WO0000001843337;1;Gestión de Retención;NO RETENIDO;NO RETENIDO;VIAJE;Gestión Retención;Intención de renuncia - Instant Call;Cambio de proveedor;CICLO FMC DIA 11-10;8;Plan Claro Hogar Sin Limites;Telefonia;29/4/2015;10/7/2026 13:50:25;18/8/2026;3/8/2026 19:24:49;Origen_Asesores_CAC;Destino_RetInstantCall_RET;;CEDULA;25128682;1707274278;94E8C54ABE63;EMTA WIFI ARRIS-TG862A;TG862 ARRI;Viaje;U04073;IVAN EDUARDO GUEVARA ORTEGA;MARTINEZ LARREA IVAN FRANCISCO;CRISTIAN ALEXIS GARCIA PAZOS;R1;Ntgmdomc / Contacto: 0978759239 /   Id De Llamada: 1001984271 / Cliente Desiste De Sus Servicios Porque Sale Del Pais, Se Va A Vivir A España, No Accede A Herramientas De Rtencion Y Se Menciona Sobre Facturas A Generar Este Mes Mas Mora Y Reactivacion, Acepta Todo;su ayuda con renuncia;87F2STLBJ103461;Closed;0017715179;HFC;0978759239;E066-CAC EL BOSQUE;cgarciap
2026;2026;julio;28;WO0000001882589;1;;;NO CONTACTADO;;Gestión Retención;Intención de renuncia - Instant Call;Problemas económicos;CICLO FMC DIA 26-25;1;3P TODO CLARO Esencial Pro Hogar Ilimitado GPON.1;Telefonia;24/1/2025;28/7/2026 11:25:54;2/9/2026;3/8/2026 19:46:27;Origen_Asesores_CAC;Destino_RetInstantCall_RET;;CEDULA;25184699;1711794378;;ZTE;F6600P;-;U03003;;ARIAS SIGUENZA MIREYA DEL PILAR;GRACE ALICIA GUERRERO HERRERA;R1;;Instant Call;ZTEGD7186D2D;Pending;0019332601;GPON;0961591848;E079-CAC MALL JARDIN;gguerreh
2026;2026;agosto;5;WO0000001901107;1;Gestión de Retención;RECHAZO;RECHAZADO;ORDEN DUPLICADA;Gestión Retención;Intención de renuncia - Instant Call;Problemas económicos;CICLO FMC DIA 26-25;8;Internet 750 Mbps MAR26;Internet;13/6/2022;5/8/2026 11:11:34;2/9/2026;16/8/2026 2:45:10;Origen_Asesores_CAC;Destino_RetInstantCall_RET;;CEDULA;2218667563;1719275511;;ZTE;F6600P;Orden duplicada;U01001;IVAN EDUARDO GUEVARA ORTEGA;CLAVIJO JARAMILLO VICTOR HUGO;CHRISTOPHER SANTIAGO HERRERA CORREA;R1;Cliente Ya Fue Atendido Wo0000001921335 - Wo0000001921342;Cliente solicita cancelacion de serivicio de internet;ZTEGD71275E3;Closed;0020933423;GPON;0998831397;E066-CAC EL BOSQUE;cherrerc
2026;2026;agosto;11;WO0000001913624;1;Gestión de Retención;No contactado;NO CONTACTADO;NO CONTACTADO;Gestión Retención;Intención de renuncia - Instant Call;Problemas económicos;CICLO FMC DIA 11-10;8;BLINDAJE 3P NUEVA TV SUPER GPON ENE24 1.2;Television;30/10/2019;11/8/2026 11:53:07;18/9/2026;24/8/2026 2:45:15;Origen_Asesores_CAC;Destino_RetInstantCall_RET;;CEDULA;2214737305;1707997381;;DECODIFICADOR IPTV SEI ROBOTICS;SEI800AMX;No contactado;U01163;IVAN EDUARDO GUEVARA ORTEGA;ACERO ACHINA JOSE LUIS;DAYANA PAOLA PROAÑO PROAÑO;R1;Ntgmolir 0939061583 / Id 3001274923 Cliente No Contesta Se Deja Mensaje De Voz;INSTANT CALL;GZ25030231708545;Closed;0017212593;GPON;0939061583;E163-CAC EL PORTAL;dproanop
2026;2026;julio;21;WO0000001867964;1;Gestión de Retención;RECHAZO;RECHAZADO;TRASLADO FUERA DE COBERTURA;Gestión Retención;Intención de renuncia - Instant Call;Cambio de proveedor;CICLO FMC DIA 26-25;8;Blindaje -Internet GPON 400 Mbps DIC24 1.120;Internet;13/10/2020;21/7/2026 14:07:46;2/9/2026;3/8/2026 19:38:43;Origen_Asesores_CAC;Destino_RetInstantCall_RET;;CEDULA;2215915165;1727553826;;ZTE;F680V6;Traslado fuera de Cobertura;U03048;MARIELA CAROLINA OLIVO OROZCO;SIMBA CASTILLO MORELIA SILVANA;CRISTIAN ALEXIS GARCIA PAZOS;R1;Ntgmolir 0989489050 / Id 1001145116/1001146013 Cliente Solicita La Baja De Los Servicios Por Traslado Fuera De Cobertura No Desea Acceder A Las Herramientas De Retencion Se Le Indica La Fecha De Eliminacion Y La Factura Que Sale En Julio Yu En Agosto La De Telefonia;su ayuda con renuncia del servicio;ZTEGD4B51917;Closed;0017221660;GPON;0989489050;E066-CAC EL BOSQUE;cgarciap
2026;2026;julio;30;WO0000001889215;1;Gestión de Retención;RETENIDO;RETENIDO;1 TB POR 1 MES (MANUAL);Gestión Retención;Intención de renuncia - Instant Call;Falla en el servicio - Imputables a claro;CICLO FMC DIA 24-23;8;2P FULL CLARO GPON INT 550 MBPS FEB 26 2;Internet;27/4/2026;30/7/2026 17:12:15;31/8/2026;3/8/2026 19:50:00;Origen_Asesores_CAC;Destino_RetInstantCall_RET;1 TB POR 1 MES (Manual);CEDULA;1001622476;1707551998;;HUAWEI;HG8145X6-13;;G6C054;IVAN EDUARDO GUEVARA ORTEGA;MALDONADO ABAD MARIA VERONICA;HAROLD EDGAR PEÑAFIEL ROBLES;R2;Ntgmdomc / Contacto: 0994890218 /   Id De Llamada: 3001988521 / Cliente Retenido Con Tb Por 1 Mes Porque Indica Que Va A Validar A Otro Titular;solicita la anulacion del servicio de internet;48575443224DDCB4;Closed;0021395642;GPON;0994890218;E034-CAC RIOCENTRO ENTRE RIOS;hpenafio
2026;2026;agosto;6;WO0000001903613;1;Gestión de Retención;NO RETENIDO;NO RETENIDO;CAMBIO DE PROVEEDOR;Gestión Retención;Intención de renuncia - Instant Call;Falta de uso;CICLO FMC DIA 8-7;8;2P TELEFONIA SIN LIMITES GPON ABR25 63;Telefonia;7/7/2025;6/8/2026 9:51:49;15/9/2026;16/8/2026 2:45:11;Origen_Asesores_CAC;Destino_RetInstantCall_RET;;CEDULA;55017669;1202123434;;HUAWEI;HG8145X6-13;Cambio de Proveedor;Q1C012;IVAN EDUARDO GUEVARA ORTEGA;ROSADO TOVAR WALTER EPIFANIO;REINA MADELAINE VELIZ SIERRA;R2;Cliente Desiste De Sus Servicios Porque Al Lugar Donde Se Traslado Ya Contrató Otro Servicio, No Accede A Herramientas De Retencion Y Cancelara En Agencia Dentro De 48 H  El Valor De Permin //  Id 1001631571 - M.D;INSTANT CALL;48575443D71660B1;Closed;0020868795;GPON;0980263860;E051-CAC QUEVEDO;rvelizs
2026;2026;agosto;5;WO0000001900783;1;Gestión de Retención;RECHAZO;RECHAZADO;SOLO SOLICITA INFORMACIÓN;Gestión Retención;Intención de renuncia - Instant Call;Problemas económicos;CICLO FMC DIA 11-10;8;ADULTO MAYOR - 2 PLAY Hogar sin Limites GPON.2;Telefonia;30/5/2023;5/8/2026 10:06:48;18/8/2026;16/8/2026 2:45:10;Origen_Asesores_CAC;Destino_RetInstantCall_RET;;CEDULA;45110481;1302664022;;ZTE;F6600P;Solo solicita Información;G04053;IVAN EDUARDO GUEVARA ORTEGA;CHOEZ RIVERA PAZ NORA;JOSE EDUARDO MORENO SUAREZ;R2;Cliente Ya Fue Atendido Wo0000001907335  - Wo0000001916157 / M,D;INSTANT CALL;ZTEGD71280D2;Closed;0019326556;GPON;0988229222;E022-CAC TERMINAL TERRESTRE;jmorenos
2026;2026;agosto;4;WO0000001898904;1;Gestión de Retención;RECHAZO;RECHAZADO;TRASLADO FUERA DE COBERTURA;Gestión Retención;Intención de renuncia - Instant Call;Cierre de negocio;CICLO FMC DIA 11-10;8;Internet 400 Mbps + ECDF JUN26 2.0;Internet;24/3/2024;4/8/2026 13:38:18;18/8/2026;7/8/2026 2:46:48;Origen_Asesores_CAC;Destino_RetInstantCall_RET;;CEDULA;1000601807;1721981866;;ZTE;F6505N;Traslado fuera de Cobertura;U02083;IVAN EDUARDO GUEVARA ORTEGA;GORDILLO QUINTANA MONICA ANDREA;PAUL ALFREDO PINO LAGUATASIG;R1;Ntgmdomc / Contacto: 0963300390 /   Id De Llamada: 3001770852 / Por Mediante La Informacion Generada  En Wo0000001843849, Se Brinda Proceso De Baja, Cambio De Domicilio Fuera De Cobertura Y Ya Mantiene Otro Servicio En El Nuevo Lugar;renuncia - Instant Call;ZTEGD829C720;Closed;0020018000;GPON;0963300399;E066-CAC EL BOSQUE;ppinol
2026;2026;agosto;3;WO0000001895915;1;Gestión de Retención;RECHAZO;RECHAZADO;YA TIENE ORDEN DE BAJA INGRESADA;Gestión Retención;Intención de renuncia - Instant Call;Cierre de negocio;CICLO FMC DIA 11-10;8;Internet 850 Mbps  JUN26;Internet;27/12/2021;3/8/2026 12:35:05;18/8/2026;6/8/2026 2:46:18;Origen_Asesores_CAC;Destino_RetInstantCall_RET;;CEDULA;2217988765;1720296159;;HUAWEI;HG8245W5;Ya tiene orden de baja ingresada;U5C053;IVAN EDUARDO GUEVARA ORTEGA;GUALPA CANDO VICTOR ALFONSO;LUIS EDUARDO GAIBOR ALBAN;R1;Ntgmdomc / Contacto: 0992771395 /   Id De Llamada: 3001462027 - 3001507098 / Cliente Con Renuncia Ingresada, Se Brinda Informacion Del Proceso Que Le Generaron Y Se Acerara A Agencia A Cancelar Valor De Permin En 48 H, Se Menciona Sobre Ultima Factura Por Mora Y Reactivacion, Acepta Todo El Proceso;instant call;48575443A4AB4EA5;Closed;0018715546;GPON;0988868957;E163-CAC EL PORTAL;lgaibora
2026;2026;julio;21;WO0000001868593;1;Gestión de Retención;NO RETENIDO;NO RETENIDO;PROBLEMAS ECONÓMICOS;Gestión Retención;Intención de renuncia - Instant Call;Problemas económicos;CICLO FMC DIA 2-1;8;3P TODO CLARO Super Conectado Pro 300 Mbps GPON;Internet;6/12/2023;21/7/2026 16:47:13;9/8/2026;3/8/2026 19:39:04;Destino_RetInstantCall_RET;Destino_RetInstantCall_RET;;CEDULA;1000496300;1711598050;;HUAWEI;HG8145X6-13;Problemas Económicos;U1C023;IVAN EDUARDO GUEVARA ORTEGA;SEGURA GOYES IRENE MARIA;IVAN EDUARDO GUEVARA ORTEGA;R1;Ntggcase 0999618988 / Se Ingresa La Baja Con Valores;INSTANCALL;48575443665079B3;Closed;0020202569;GPON;0999618988;;ntgigueo
2026;2026;septiembre;21;WO0000002044783;1;;;NO CONTACTADO;;Gestión Retención;Intención de renuncia - Instant Call;Problemas económicos;CICLO FMC DIA 8-7;0;Internet 550 Mbps GPON JUN26 2.9;Internet;4/12/2023;21/9/2026 17:17:43;15/10/2026;21/9/2026 17:17:44;Origen_Asesores_CAC;Destino_RetInstantCall_RET;;CEDULA;1000495224;0907864797;;HUAWEI;HG8245W5-6T;-;D1C021;;MENENDEZ REINA RITA DEL CARMEN;MICHELLE ANGGYE MINCHALA FUENTES;R2;;renuncia internet;48575443197A11AA;Assigned;0019712310;GPON;0985134079;E032-CAC POLICENTRO;mminchaf
2026;2026;julio;2;WO0000001825135;1;Gestión de Retención;RETENIDO;RETENIDO;TRASLADO;Gestión Retención;Intención de renuncia - Instant Call;Problemas económicos;CICLO FMC DIA 17-16;8;2P TELEFONIA SIN LIMITES  GPON ABR25 65;Telefonia;15/12/2025;2/7/2026 12:23:09;24/7/2026;3/8/2026 19:14:19;Destino_RetInstantCall_RET;Destino_RetInstantCall_RET;Traslado;CEDULA;25001096;0963371869;;HUAWEI;HG8145X6-13;;U5C371;MARIELA CAROLINA OLIVO OROZCO;GALINDO PARRA FREDDY JAVIER;MARIELA CAROLINA OLIVO OROZCO;R1;Ntgmolir 0962580053 / Id 3001237725 Cliente Solicita Un Traslado De Servicio Se Le Indica Que Sera Totalmente Gratis Se Activa Servicio Ya Que Esta Con Suepencion Temporal Se Le Indica El Valor Proporcional Que Se General Al Activar El Servicio Y Que Le Saldria Con La Factura;INSTANCALL;48575443516C42B4;Closed;0021167396;GPON;0962580053;CANTEC UIO;ntgmolir
2026;2026;agosto;3;WO0000001895924;1;Gestión de Retención;RECHAZO;RECHAZADO;YA TIENE ORDEN DE BAJA INGRESADA;Gestión Retención;Intención de renuncia - Instant Call;Cierre de negocio;CICLO FMC DIA 11-10;8;3P TELEFONIA SIN LIMITES  GPON ABR25 8;Telefonia;27/12/2021;3/8/2026 12:36:41;18/8/2026;6/8/2026 2:46:18;Origen_Asesores_CAC;Destino_RetInstantCall_RET;;CEDULA;25041643;1720296159;;HUAWEI;HG8245W5;Ya tiene orden de baja ingresada;U5C053;IVAN EDUARDO GUEVARA ORTEGA;GUALPA CANDO VICTOR ALFONSO;LUIS EDUARDO GAIBOR ALBAN;R1;Ntgmdomc / Contacto: 0992771395 /   Id De Llamada: 3001462027 - 3001507098 / Cliente Con Renuncia Ingresada, Se Brinda Informacion Del Proceso Que Le Generaron Y Se Acerara A Agencia A Cancelar Valor De Permin En 48 H, Se Menciona Sobre Ultima Factura Por Mora Y Reactivacion, Acepta Todo El Proceso;instant call;48575443A4AB4EA5;Closed;0018715546;GPON;0988868957;E163-CAC EL PORTAL;lgaibora
2026;2026;julio;10;WO0000001843359;1;Gestión de Retención;NO RETENIDO;NO RETENIDO;VIAJE;Gestión Retención;Intención de renuncia - Instant Call;Cambio de proveedor;CICLO FMC DIA 11-10;8;Internet 400 Mbps;Internet;6/7/2016;10/7/2026 13:53:19;18/8/2026;3/8/2026 19:24:50;Origen_Asesores_CAC;Destino_RetInstantCall_RET;;CEDULA;2205458472;1707274278;08A7C05F534C;EMTA TECHNICOLOR CGA2121 DUAL BAND 8X4;TECHNICOLOR CGA2121;Viaje;U04073;IVAN EDUARDO GUEVARA ORTEGA;MARTINEZ LARREA IVAN FRANCISCO;CRISTIAN ALEXIS GARCIA PAZOS;R1;Ntgmdomc / Contacto: 0978759239 /   Id De Llamada: 1001984271 / Cliente Desiste De Sus Servicios Porque Sale Del Pais, Se Va A Vivir A España, No Accede A Herramientas De Rtencion Y Se Menciona Sobre Facturas A Generar Este Mes Mas Mora Y Reactivacion, Acepta Todo;su ayuda con renuncia del servicio;358912021386106027;Closed;0017485596;HFC;0978759239;E066-CAC EL BOSQUE;cgarciap
2026;2026;septiembre;18;WO0000002034309;1;;;NO CONTACTADO;;Gestión Retención;Intención de renuncia - Instant Call;Problemas económicos;CICLO FMC DIA 8-7;0;3P TODO CLARO NUEVA TV SUPER HFC JUL24;Television;;18/9/2026 16:20:00;15/10/2026;18/9/2026 16:20:01;Origen_Asesores_CAC;Destino_RetInstantCall_RET;;;1000792059;1705954624001;;;;-;;DIANA CAROLINA QUERO PONCE;RENE SANTIAGO CASTILLO PIÑEIROS;LUIS ALBERTO PESANTEZ CARLOSAMA;R1;;Estimados favro su ayuda con cierre;;Assigned;0020322307;HFC;0986033701;E069-CAC QUICENTRO NORTE;lpesantc
2026;2026;julio;10;WO0000001843264;1;Gestión de Retención;RETENIDO;RETENIDO;50% DE DESCUENTO POR 6 MESES;Gestión Retención;Intención de renuncia - Instant Call;Cierre de negocio;CICLO FMC DIA 26-25;8;3P TODO CLARO TELEFONIA SIN LIMITES GPON JUL24 2.1;Telefonia;24/11/2020;10/7/2026 13:21:24;2/8/2026;3/8/2026 19:24:47;Origen_Asesores_CAC;Destino_RetInstantCall_RET;50% de descuento por 6 meses;CEDULA;25033148;1708002330;;HUAWEI;HG8145X6-13;;U5C002;MARIELA CAROLINA OLIVO OROZCO;PEÑARANDA DE LA TORRE JOHNY IVAN;PAUL ALFREDO PINO LAGUATASIG;R1;Ntgmolir 0995864978 / Id 1001995089 Cliente Accede Con Un Descuento Del 50% Por 6 Meses Mas Un Mantenimiento De Servicios;renuncia - Instant Call;48575443CD7225B1;Closed;0017213349;GPON;0995864978;E066-CAC EL BOSQUE;ppinol
2026;2026;julio;27;WO0000001880137;1;Gestión de Retención;RETENIDO;RETENIDO;50% DE DESCUENTO POR 6 MESES;Gestión Retención;Intención de renuncia - Instant Call;Problemas económicos;CICLO FMC DIA 26-25;8;BLINDAJE 2P TELEFONIA SIN LIMITES GPON FEB24;Telefonia;14/9/2022;27/7/2026 12:56:35;2/9/2026;3/8/2026 19:45:07;Destino_RetInstantCall_RET;Destino_RetInstantCall_RET;50% de descuento por 6 meses;CEDULA;25001905;1726879289;;HUAWEI;HG8245W5;;U5C114;IVAN EDUARDO GUEVARA ORTEGA;CHILUIZA BASTIDAS ANGELA MARIA;IVAN EDUARDO GUEVARA ORTEGA;R1;Ntggcase 0982611235 / Id 1001090570/Indica Que Esta Pagando Un Valor Muy Alto, Es Retenido Con El 50% De Descuento Por 6 Meses;instancall;48575443ED080AA6;Closed;0019989810;GPON;982611235;CANTEC UIO;ntgigueo
2026;2026;julio;27;WO0000001879782;1;Gestión de Retención;RETENIDO;RETENIDO;25% DE DESCUENTO POR 12 MESES;Gestión Retención;Intención de renuncia - Instant Call;Problemas económicos;CICLO FMC DIA 17-16;8;3P TELEFONIA SIN LIMITES GPON ENE 25 1.0;Telefonia;16/4/2025;27/7/2026 11:29:42;24/8/2026;3/8/2026 19:44:55;Origen_Asesores_CAC;Destino_RetInstantCall_RET;25% de descuento por 12 meses;CEDULA;25007899;0400232682;;ZTE;F6600P;;U3C010;IVAN EDUARDO GUEVARA ORTEGA;HERRERA FRIAS NEPTALI ABELINO;GRACE ALICIA GUERRERO HERRERA;R1;Ntgmdomc / Contacto: 0980534323 /   Id De Llamada: 1001068480 / Cliente Retenido Con El 25% De Descuento Por 12 Meses;Instant Call;ZTEGD81459B8;Closed;0020733682;GPON;0984316617;E079-CAC MALL JARDIN;gguerreh
2026;2026;julio;4;WO0000001829576;1;Gestión de Retención;No contactado;NO CONTACTADO;NO CONTACTADO;Gestión Retención;Intención de renuncia - Instant Call;Inconformidad con el servicio;CICLO FMC DIA 21-20;8;Internet 300 Mbps + ECDF MAR26;Internet;31/7/2024;4/7/2026 11:35:01;28/7/2026;3/8/2026 19:16:46;Origen_Asesores_CAC;Destino_RetInstantCall_RET;;CEDULA;1000747450;1718118118;;HUAWEI;HG8145X6-10;No contactado;G4C094;MARIELA CAROLINA OLIVO OROZCO;SAÑAY AVILA JAMIL ALEJANDRO;DIANA VIRGINIA SEGOVIA LIZANO;R2;Ntgmolir 0986855078 / Id 3001921184 Cleinte No Contesta Se Deja Mensaje De Voz;insta call;485754434A048EAF;Closed;0020238080;GPON;0986855078;E032-CAC POLICENTRO;dsegovii
2026;2026;agosto;3;WO0000001895559;1;Gestión de Retención;NO RETENIDO;NO RETENIDO;OTRA PERSONA USA EL SERVICIO;Gestión Retención;Intención de renuncia - Instant Call;Otra Persona usa el servicio;CICLO FMC DIA 11-10;8;2P - TELEF SIN LIMITES GPON MAR24 1.1;Telefonia;7/2/2023;3/8/2026 11:01:49;18/8/2026;6/8/2026 2:45:50;Destino_RetInstantCall_RET;Destino_RetInstantCall_RET;;CEDULA;45163408;0920377934;;HUAWEI;HG8145X6-13;Otra Persona Usa El Servicio;G05064;IVAN EDUARDO GUEVARA ORTEGA;CHAVEZ MURIEL ELVIS CAMILO;IVAN EDUARDO GUEVARA ORTEGA;R2;Ntggcase 0963327243/0992408206 / Id 3001400831 / Cliente Indica Que No Sabe Quien Es La Persona Que Esta Haciendo Uso Del Servicio, Según Nunca Contrato El Servicio En La Dirección Indicada. Menciona Ademas Que Va A Solicitar Una Aclaración De La Venta De Ese Servicio, Ya Que No Esta De Acuerdo Con La Ultima Factura Que Se Va A Generar Y No Sabe Como Se Va A Entregar Los Equipos.;INSTANCALL;48575443BFDD26B1;Closed;0019126578;GPON;0963327243;CANTEC UIO;ntgigueo
2026;2026;julio;29;WO0000001886504;1;Gestión de Retención;RETENIDO;RETENIDO;TRASLADO;Gestión Retención;Intención de renuncia - Instant Call;Falla en el servicio - Imputables a claro;CICLO FMC DIA 26-25;8;2P CONVERGENTE GPON TELF SIN LIMITES NOV25 75;Telefonia;22/12/2025;29/7/2026 16:37:45;2/9/2026;3/8/2026 19:48:36;Origen_Asesores_CAC;Destino_RetInstantCall_RET;Traslado;CEDULA;45144387;0917580706;;ZTE;F680V6;;D1C049;IVAN EDUARDO GUEVARA ORTEGA;VELASCO RECALDE DIANA VERONICA;JORGE GABRIEL TOAPANTA ZAMBRANO;R2;Ntgmdomc / Contacto: 0939132212 /   Id De Llamada: 2001616733 - 2001729996 / Cliente Retenido Con Reubicacion Sin Costo, Solicita Que Vayan Otros Tecnicos;INSTANT CALL;ZTEGD1D7B2EC;Closed;0019793034;GPON;0042806407;Kiosco CAC Riocentro Entrerios;jtoapanta
2026;2026;agosto;18;WO0000001933766;1;;;NO CONTACTADO;;Gestión Retención;Intención de renuncia - Instant Call;Fallas en el servicio imputables al cliente;CICLO FMC DIA 26-25;0;3P TODO CLARO Super Conectado Pro 300 Mbps GPON;Internet;19/8/2022;18/8/2026 19:19:48;2/9/2026;18/8/2026 19:19:48;Origen_Asesores_CAC;Destino_RetInstantCall_RET;;CEDULA;2218829695;0926274028;;ZTE;F680V6;-;G4C059;;ABRIL QUIMIS JOHANNA MARLENE;EVELIN NARCISA SUAREZ VELIZ;R2;;INSTANT CALL;ZTEGCE54F2FF;Assigned;0018827093;GPON;0961530266;E035-CAC RIOCENTRO NORTE;esuarezv
2026;2026;julio;1;WO0000001823887;1;Gestión de Retención;RETENIDO;RETENIDO;TRASLADO;Gestión Retención;Intención de renuncia - Instant Call;Traslado fuera de cobertura;CICLO FMC DIA 26-25;8;3P TELEFONIA SIN LIMITES  GPON ABR25 9;Telefonia;1/2/2026;1/7/2026 17:59:23;2/8/2026;3/8/2026 19:13:30;Origen_Asesores_CAC;Destino_RetInstantCall_RET;Traslado;CEDULA;25233176;1706362884;;;;;U4C091;IVAN EDUARDO GUEVARA ORTEGA;EGAS GRANJA CARLOS HERNAN;GRACE ALICIA GUERRERO HERRERA;R1;Ntggcase 0984609709 / Id 3001122087/Cliente Retenido Con Tralado Sin Costo Y 1tb Por Un Mes Al 100%;Instant Call;;Closed;0021234273;GPON;0984609709;E079-CAC MALL JARDIN;gguerreh
2026;2026;agosto;5;WO0000001901113;1;Gestión de Retención;RECHAZO;RECHAZADO;ORDEN DUPLICADA;Gestión Retención;Intención de renuncia - Instant Call;Problemas económicos;CICLO FMC DIA 26-25;8;2P - TELEF SIN LIMITES GPON MAR24 1.1;Telefonia;13/6/2022;5/8/2026 11:12:43;2/9/2026;16/8/2026 2:45:10;Origen_Asesores_CAC;Destino_RetInstantCall_RET;;CEDULA;25023907;1719275511;;ZTE;F6600P;Orden duplicada;U01001;IVAN EDUARDO GUEVARA ORTEGA;CLAVIJO JARAMILLO VICTOR HUGO;CHRISTOPHER SANTIAGO HERRERA CORREA;R1;Cliente Ya Fue Atendido Wo0000001921335 - Wo0000001921342;Cliente solicita cancelacion de serivicio de telefonia;ZTEGD71275E3;Closed;0020933423;GPON;0998831397;E066-CAC EL BOSQUE;cherrerc
2026;2026;septiembre;15;WO0000002022675;1;;;NO CONTACTADO;;Gestión Retención;Intención de renuncia - Instant Call;Mantenimiento no atendido o fuera de tiempo;CICLO FMC DIA 11-10;0;2P TODO CLARO Hiperconectado Plus 400 Mbps + HBO MAX  GPON;Internet;2/12/2023;15/9/2026 14:11:52;18/10/2026;15/9/2026 14:11:53;Origen_Asesores_CAC;Destino_RetInstantCall_RET;;CEDULA;1000491109;1713382545;;HUAWEI;HG8145X6-13;-;U01035;;QUILLIGANA CAIZA IRMA JEANETH;EDDIE STHEVEN ALTAMIRANO QUISPE;R1;;SIN SERVICIO;48575443D72147B1;Assigned;0019689959;GPON;0987331413;E063-CAC CCI;ealtamiq
2026;2026;agosto;24;WO0000001957788;1;;;NO CONTACTADO;;Gestión Retención;Intención de renuncia - Instant Call;Inconformidad de facturación;CICLO FMC DIA 6-5;0;Internet 750 Mbps MAR26;Internet;4/6/2025;24/8/2026 15:24:34;13/9/2026;24/8/2026 15:24:35;Origen_Asesores_CAC;Destino_RetInstantCall_RET;;CEDULA;1001199541;0905700175;;ZTE;F6600P;-;G4C070;;ANDRADE DEL CASTILLO MARTHA YOLANDA;YANINE MILDRED CASTAÑEDA GALARZA;R2;;INSTANCALL;ZTEGD814623E;Assigned;0020828310;GPON;0993744384;CAC MALL DEL NORTE;ycastang
2026;2026;julio;20;WO0000001865021;1;Gestión de Retención;NO RETENIDO;NO RETENIDO;PROBLEMAS ECONÓMICOS;Gestión Retención;Intención de renuncia - Instant Call;Problemas económicos;CICLO FMC DIA 11-10;8;Internet 400 Mbps + MAX JUN26 2.0;Internet;9/8/2023;20/7/2026 13:52:13;18/8/2026;3/8/2026 19:37:07;Origen_Asesores_CAC;Destino_RetInstantCall_RET;;CEDULA;1000379002;0202010047;B4E2651FAEA9;EMTA SMDC OG3000 TECHNOLOGY;OG3000 SMDC;Problemas Económicos;U04026;IVAN EDUARDO GUEVARA ORTEGA;MORENO VACA FRANCISCO ALEJANDRO;DHONY OSWALDO OCHOA RAGUA;R1;Ntggcase 0995253888 / Id 3001835268/Cliente Se Mudo A Un Lugar Donde Ya Tiene Servicio De Internet, Se Aplica Herramientas De Retencion Pero Cliente No Acepta. Se Ingresa La Orden De Renuncia Y Se Indica Los Valores A Pagar.;Cliente desea hacer el cierre del servicio de  INTERNET;300122140001957361;Closed;0019400710;HFC;0995253888;E066-CAC EL BOSQUE;dochoar
2026;2026;agosto;17;WO0000001929034;1;Gestión de Retención;No contactado;NO CONTACTADO;NO CONTACTADO;Gestión Retención;Intención de renuncia - Instant Call;Problemas económicos;CICLO FMC DIA 26-25;8;2 PLAY - Nueva TV Super GPON MAR24 1.1;Television;9/2/2025;17/8/2026 12:56:41;2/9/2026;27/8/2026 2:45:15;Origen_Asesores_CAC;Destino_RetInstantCall_RET;;CEDULA;1001014303;1707629893;;DECODIFICADOR IPTV SEI ROBOTICS;SEI800AMX;No contactado;G03069;IVAN EDUARDO GUEVARA ORTEGA;MOROCHO PAREDES IVAN OSWALDO;SOFIA BELEN CHACON MORAN;R2;Ntgmolir 0994685342 / Id 3001914855 Cliente No Contesta Se Deja Mensaje De Voz;INSTANT CALL;GZ24080123806479;Closed;0017227904;GPON;0994685342;Kiosco CAC San Marino;schaconm
2026;2026;septiembre;3;WO0000001988810;1;;;NO CONTACTADO;;Gestión Retención;Intención de renuncia - Instant Call;Inconformidad con el servicio;CICLO FMC DIA 26-25;0;3P CONVERGENTE GPON INT 750 MBPS + HBO FEB26 26;Internet;18/3/2026;3/9/2026 13:33:38;3/10/2026;3/9/2026 13:33:39;Origen_Asesores_CAC;Destino_RetInstantCall_RET;;CEDULA;1001571084;1303397002;;HUAWEI;HG8145X6-13;-;G0404;;SUAREZ LUZARDO RUBEN DARIO;MICHELLE ANGGYE MINCHALA FUENTES;R2;;renuncia;4857544322497BB4;Assigned;0017554569;GPON;0994960461;E032-CAC POLICENTRO;mminchaf
2026;2026;julio;2;WO0000001826535;1;Gestión de Retención;RETENIDO;RETENIDO;CON EL MISMO SERVICIO;Gestión Retención;Intención de renuncia - Instant Call;Problemas económicos;CICLO FMC DIA 2-1;8;3P TODO CLARO Super Conectado Pro 300 Mbps GPON;Internet;6/12/2023;2/7/2026 18:51:08;9/8/2026;3/8/2026 19:15:05;Destino_RetInstantCall_RET;Destino_RetInstantCall_RET;Con el mismo servicio;CEDULA;1000496300;1711598050;;HUAWEI;HG8145X6-13;;U1C023;IVAN EDUARDO GUEVARA ORTEGA;SEGURA GOYES IRENE MARIA;IVAN EDUARDO GUEVARA ORTEGA;R1;Ntggcase 0999618988 / Id 3001358858/No Se Ingresa La Baja, Los Servicios Quedan Como Se Encuentra;INSTANCALL;48575443665079B3;Closed;0020202569;GPON;0999618988;CANTEC UIO;ntgigueo
2026;2026;julio;5;WO0000001831663;1;Gestión de Retención;NO RETENIDO;NO RETENIDO;CAMBIO DE PROVEEDOR;Gestión Retención;Intención de renuncia - Instant Call;Problemas económicos;CICLO FMC DIA 26-25;8;Internet 1024 Mbps MAR26;Internet;18/6/2017;5/7/2026 18:36:50;2/8/2026;3/8/2026 19:18:15;Origen_Asesores_CAC;Destino_RetInstantCall_RET;;CEDULA;2208201877;1720279684;;HUAWEI;HG8145X6-10;Cambio de Proveedor;U1C020;IVAN EDUARDO GUEVARA ORTEGA;HIDALGO PIEDRA NANCY CRISTINA;JOSE DAVID TINAJERO BARAHONA;R1;Ntgmdomc / Contacto: 0963985548 /   Id De Llamada: 3001942091 / Cliente Desiste De Sus Servicios Por Motivo De Que Contrato Con Otro Proveedor, Asesores Le Ofrecieron Otro Servicio Y No Le Instalaron;INSTANT CALL;485754439752B6B0;Closed;0021313200;GPON;0958735098;E163-CAC EL PORTAL;jtinajea
2026;2026;agosto;17;WO0000001928944;1;Gestión de Retención;No contactado;NO CONTACTADO;NO CONTACTADO;Gestión Retención;Intención de renuncia - Instant Call;Traslado no atendido o fuera de tiempo;CICLO FMC DIA 4-3;8;2P INTERNET 550MBPS + ECDF GPON JUN26;Internet;29/9/2025;17/8/2026 12:35:54;11/9/2026;27/8/2026 2:45:14;Origen_Asesores_CAC;Destino_RetInstantCall_RET;;CEDULA;1001372189;1719449546;;ZTE;F6505N;No contactado;U5C170;IVAN EDUARDO GUEVARA ORTEGA;CALI VINUEZA DARIO ALEJANDRO;MARIA DE LOS ANGELES BAQUERIZO ORTIZ;R1;Ntgmolir 0963391385 / Cliente Atendido En La Orden Wo0000001941641;instancall;ZTEGD829FDF2;Closed;0021109012;GPON;0963391385;E070-CAC QUICENTRO SUR;mbaquero
2026;2026;julio;20;WO0000001866285;1;Gestión de Retención;RECHAZO;RECHAZADO;YA TIENE ORDEN DE BAJA INGRESADA;Gestión Retención;Intención de renuncia - Instant Call;Problemas personales;CICLO FMC DIA 26-25;8;Internet 900 Mbps MAR26;Internet;24/2/2022;20/7/2026 18:17:41;2/8/2026;3/8/2026 19:37:49;Origen_Asesores_CAC;Destino_RetInstantCall_RET;;CEDULA;2218432830;1000690220;;HUAWEI;HG8245W5;Ya tiene orden de baja ingresada;OT1C005;IVAN EDUARDO GUEVARA ORTEGA;DONOSO JORGE EDMUNDO;JORGE FABRICIO CAMPOVERDE CORDOVA;R1;Ntggcase 0991785523 / Se Rechaza Ya Existe Renuncia Ingresada 20004831207662/20004831134854;INSTACALL;4857544335B61BA6;Closed;0018856840;GPON;0991785523;E157-CAC ETECO;jcampovo
2026;2026;julio;29;WO0000001887021;1;Gestión de Retención;RETENIDO;RETENIDO;25% DE DESCUENTO POR 12 MESES;Gestión Retención;Intención de renuncia - Instant Call;Problemas económicos;CICLO FMC DIA 26-25;8;2P - TODO CLARO Esencial Plus TELF SIN LIMITES GPON JUL23.1;Telefonia;13/2/2024;29/7/2026 19:14:38;2/9/2026;3/8/2026 19:48:51;Origen_Asesores_CAC;Destino_RetInstantCall_RET;25% de descuento por 12 meses;CEDULA;45037836;0940880339;;ZTE;F6505N;;G04058;IVAN EDUARDO GUEVARA ORTEGA;VELIZ BAJAÑA CINTHIA TAMARA;MICHELLE FERNANDA VALLEJO CACERES;R2;Ntggcase 0939195044 / Id 2001936113/Retenido Con El 25% De Descuento Por 12 Meses;anula telefonia;ZTEGDA1C4217;Closed;0017896390;GPON;0939195044;E035-CAC RIOCENTRO NORTE;mvalleja
2026;2026;julio;18;WO0000001862110;1;Gestión de Retención;NO RETENIDO;NO RETENIDO;VIAJE;Gestión Retención;Intención de renuncia - Instant Call;Problemas económicos;CICLO FMC DIA 11-10;8;Internet 750 Mbps MAR26;Internet;29/7/2021;18/7/2026 17:00:17;18/8/2026;3/8/2026 19:35:34;Origen_Asesores_CAC;Destino_RetInstantCall_RET;;CEDULA;2217333024;1707488191;;ZTE;F6600P;Viaje;U02075;IVAN EDUARDO GUEVARA ORTEGA;BOHORQUEZ REMACHE MARINITA LOURDES;MARIA DE LOS ANGELES BAQUERIZO ORTIZ;R1;Ntgmdomc / Contacto: 0963788997 /   Id De Llamada: 3001762052 / Cliente Desiste De Sus Servicios Por Motivo De Que Se Cambio De Domicilio, No Accede A Herramientas De Retencion Y Se Menciona De La Ultima Factura De Telefonia Postpagada;instancall;ZTEGD7128A2B;Closed;0017522972;GPON;0963965276;E070-CAC QUICENTRO SUR;mbaquero
2026;2026;septiembre;3;WO0000001989666;1;;;NO CONTACTADO;;Gestión Retención;Intención de renuncia - Instant Call;Problemas económicos;CICLO FMC DIA 26-25;0;Internet 750 Mbps + ECDF MAR26;Internet;23/8/2022;3/9/2026 16:26:17;3/10/2026;3/9/2026 16:26:17;Origen_Asesores_CAC;Destino_RetInstantCall_RET;;CEDULA;2218842162;1712324381;;ZTE;F680V6;-;U03046;;BEDON PILLAPA SEGUNDO XAVIER;GRACE ALICIA GUERRERO HERRERA;R1;;Instant Call;ZTEGD1D7C0CF;Assigned;0019837471;GPON;0992316189;E079-CAC MALL JARDIN;gguerreh
2026;2026;agosto;14;WO0000001923315;1;Gestión de Retención;RECHAZO;RECHAZADO;ORDEN DUPLICADA;Gestión Retención;Intención de renuncia - Instant Call;Viaje;CICLO FMC DIA 26-25;8;2P TARJETA CREDITO ELITE PLUS 450 MBPS GPON;Internet;15/9/2024;14/8/2026 13:52:35;2/9/2026;27/8/2026 2:45:12;Origen_Asesores_CAC;Destino_RetInstantCall_RET;;CEDULA;1000812558;1719658922;;HUAWEI;HG8145X6-10;Orden duplicada;U5C313;IVAN EDUARDO GUEVARA ORTEGA;RIOFRIO ROBLES DAVID ARMANDO;KATHERINE JOHANA MERCADO OLIVARES;R1;Ntgmolir 0987742443 / Cliente Ya Fue Atendido En La Orden Wo0000001929092;renuncia por viaje;48575443644AB2AF;Closed;0020343586;GPON;0987742443;E066-CAC EL BOSQUE;kmercado
2026;2026;julio;22;WO0000001871187;1;Gestión de Retención;RECHAZO;RECHAZADO;TRASLADO FUERA DE COBERTURA;Gestión Retención;Intención de renuncia - Instant Call;Problemas económicos;CICLO FMC DIA 19-18;8;2P TODO CLARO TELEFONIA SIN LIMITES GPON JUL24 1.2;Telefonia;17/10/2024;22/7/2026 16:19:37;26/8/2026;3/8/2026 19:40:28;Origen_Asesores_CAC;Destino_RetInstantCall_RET;;CEDULA;25186605;2100472907;;ZTE;F6600P;Traslado fuera de Cobertura;U1C123;IVAN EDUARDO GUEVARA ORTEGA;GALINDO ASTUDILLO NORA JUDITH;JOSE DAVID TINAJERO BARAHONA;R1;Ntgmdomc / Contacto: 0987263506 /   Id De Llamada: 1001869238 / Cliente Desiste De Sus Servicios Por Motivo De Que Se Cambio A Otro Domicilio Donde Ya Cuenta Con Otro  Servicioy No Tiene Cobertura En Otro Lugar Donde Quiso Cambiar, No Accede A Herramientas De Retencion Y Cancelara Valores De Permin En Agencia Dentro De 48 H;INSTANT CALL;ZTEGD712B299;Closed;0020398237;GPON;0997524205;E163-CAC EL PORTAL;jtinajea
2026;2026;julio;15;WO0000001853345;1;Gestión de Retención;RECHAZO;RECHAZADO;SOLO SOLICITA INFORMACIÓN;Gestión Retención;Intención de renuncia - Instant Call;Falla en el servicio - Imputables a claro;CICLO FMC DIA 2-1;8;4P FULL CLARO GPON TELF SIN LIMITES NOV25 46;Telefonia;10/1/2026;15/7/2026 11:10:49;9/8/2026;3/8/2026 19:30:40;Origen_Asesores_CAC;Destino_RetInstantCall_RET;;CEDULA;25239115;1712869872;;HUAWEI;HG8145X6-13;Solo solicita Información;U4C009;MARIELA CAROLINA OLIVO OROZCO;SALVADOR SALVADOR ESTUARDO;MARCO ARMANDO GONZALEZ CASTRO;R1;Ntgmolir 0991961525 / Id 2001867322 Cliente Indica Que No Puede Cumplir Con Los Tiempos Del Proceso De Eliminacion De Servicios Indica Que Se Va A Cercar El Dia Lunes A La Agencia Para Que Se Le Realice El Proceso Nuevamente Se Le Ofrece Herramientas De Retencion Las Cuales No Accede Se Le Idnica Que No Se Ingresa Proceso De Eliminacion Esta De Acuerdo;instant call;485754436E09A8B4;Closed;0021177838;GPON;0991961525;E079-CAC MALL JARDIN;mgonzalc
2026;2026;agosto;17;WO0000001929652;1;Gestión de Retención;NO RETENIDO;NO RETENIDO;FALLAS EN EL SERVICIO - IMPUTABLES A CLARO;Gestión Retención;Intención de renuncia - Instant Call;Falla en el servicio - Imputables a claro;CICLO FMC DIA 11-10;8;2P - TELEF VOZ BASICA GPON MAR24;Telefonia;15/4/2023;17/8/2026 15:01:59;18/9/2026;28/8/2026 2:45:14;Origen_Asesores_CAC;Destino_RetInstantCall_RET;;CEDULA;45176230;0953394228;;ZTE;F680V6;Fallas en el Servicio - Imputables a Claro;G04053;IVAN EDUARDO GUEVARA ORTEGA;MARTINEZ QUITO OLIVER JOSUE;INGRID DIANA LOPEZ MUÑOZ;R2;Ntgmolir 0959968921 / Id 3001972926 Cliente No Accede A Herramientas De Retencion Y Necesita Que Se Le De La Eliminacion De Servicio De Telefonia Se Le Indica Fecha De Eliminacion Factura Postpagada;INSTANTCALL;ZTEGD1D7B670;Closed;0017818687;GPON;0959968921;E035-CAC RIOCENTRO NORTE;ilopezm
2026;2026;julio;20;WO0000001864413;1;Gestión de Retención;RETENIDO;RETENIDO;CON EL MISMO SERVICIO;Gestión Retención;Intención de renuncia - Instant Call;Problemas económicos;CICLO FMC DIA 8-7;8;3P TODO CLARO Esencial Pro Hogar Ilimitado GPON.1;Telefonia;15/12/2024;20/7/2026 11:48:36;15/8/2026;3/8/2026 19:36:47;Destino_RetInstantCall_RET;Destino_RetInstantCall_RET;Con el mismo servicio;CEDULA;45185385;0954313417;;HUAWEI;HG8145X6-10;;G05035;IVAN EDUARDO GUEVARA ORTEGA;PODESTA ALAVA JEREMY ANTHONY;IVAN EDUARDO GUEVARA ORTEGA;R2;Ntgmdomc / Contacto: 0985510485 /   Id De Llamada: 3001746968 / Cliente Se Mantiene Con Sus Servicios, Indica Que Validara Con La Esposa Si Mantiene Sus Servicios Con El Beneficio Del 50% Por 3 O 6 Meses;INSTANTCALL;48575443504221B0;Closed;0021005039;GPON;0985510485;CANTEC UIO;ntgigueo
2026;2026;agosto;18;WO0000001931979;1;Gestión de Retención;No contactado;NO CONTACTADO;NO CONTACTADO;Gestión Retención;Intención de renuncia - Instant Call;Cierre de negocio;CICLO FMC DIA 11-10;8;3P TODO CLARO Esencial Pro TV Extra HFC.1;Television;5/10/2020;18/8/2026 12:28:59;18/9/2026;28/8/2026 2:45:15;Origen_Asesores_CAC;Destino_RetInstantCall_RET;;CEDULA;2215879589;0911796126;;EQUIPO SETTOPBOX - DCX525;DCX525e-Two-Way;No contactado;U04084;IVAN EDUARDO GUEVARA ORTEGA;ERBETTA GONZALEZ PAOLA VIVIANA;ANDREA CAROLINA ECHEVERRIA MOSQUERA;R1;Ntgmolir 0999193478 / Id 3001988023 Cliente No Contesta No Se Permite Dejar Mensaje De Voz;CIERRE TV;M91822ER9351;Closed;0020682435;HFC;0999193478;E069-CAC QUICENTRO NORTE;aechevem
2026;2026;agosto;13;WO0000001921665;1;Gestión de Retención;No contactado;NO CONTACTADO;NO CONTACTADO;Gestión Retención;Intención de renuncia - Instant Call;Problemas económicos;CICLO FMC DIA 8-7;8;3P NUEVA TV SUPER GPON OCT24 4.1;Television;6/11/2024;13/8/2026 19:11:54;15/9/2026;27/8/2026 2:45:11;Origen_Asesores_CAC;Destino_RetInstantCall_RET;;CEDULA;1000883803;0502875818;;DECODIFICADOR IPTV SEI ROBOTICS;SEI800AMX;No contactado;U4C048;IVAN EDUARDO GUEVARA ORTEGA;VIRACOCHA IZA GINO ALEXANDER;GRACE ALICIA GUERRERO HERRERA;R1;Ntgmolir 0963533287 / Id 3001784888 Cliente No Contesta Se Deja Mensjae De Voz;CLIENTE YA NO DESEA EL SERVICIO. CONTACTO: 0961035675;GZ24050532715351;Closed;0020415251;GPON;0963533287;E079-CAC MALL JARDIN;gguerreh
2026;2026;agosto;2;WO0000001894124;1;Gestión de Retención;No contactado;NO CONTACTADO;NO CONTACTADO;Gestión Retención;Intención de renuncia - Instant Call;Problemas económicos;CICLO FMC DIA 2-1;8;2P CONVERGENTE GPON INT 300 MBPS + ECDF NOV25 70;Internet;7/2/2026;2/8/2026 10:47:36;9/9/2026;6/8/2026 2:45:14;Origen_Asesores_CAC;Destino_RetInstantCall_RET;;CEDULA;1001520288;1310984487;;HUAWEI;HG8145X6-13;No contactado;PV1C023;IVAN EDUARDO GUEVARA ORTEGA;MACIAS RAMON FERNANDO;BOLIVAR GEOVANNY DEL HIERRO IZAGUIRRE;R2;Ntggcase 0959045233/0963195850 / Id 3001396775-3001397660/Primer Numero Se Realiza Varios Intentos Y No Hay Respuesta, Se Deja Mensaje De Voz-Segundo Numero Responde Tercero;INSTANT CALL;48575443067BA3B4;Closed;0021253841;GPON;0959045233;E022-CAC TERMINAL TERRESTRE;bdelhiei
2026;2026;septiembre;18;WO0000002035388;1;;;NO CONTACTADO;;Gestión Retención;Intención de renuncia - Instant Call;Problemas económicos;CICLO FMC DIA 26-25;0;Internet 850 Mbps  JUN26;Internet;13/9/2020;18/9/2026 19:32:55;3/10/2026;18/9/2026 19:32:55;Origen_Asesores_CAC;Destino_RetInstantCall_RET;;CEDULA;2215799021;1710418482;;ZTE;F6505N;-;U02017;;LLERENA VEINTIMILLA SONIA MALENA;MARCO ARMANDO GONZALEZ CASTRO;R1;;instant call;ZTEGD829DC9B;Assigned;0017175425;GPON;0994572773;E079-CAC MALL JARDIN;mgonzalc
2026;2026;julio;9;WO0000001841017;1;Gestión de Retención;No contactado;NO CONTACTADO;NO CONTACTADO;Gestión Retención;Intención de renuncia - Instant Call;Otra Persona usa el servicio;CICLO FMC DIA 24-23;8;2P INTERNET 550MBPS + ECDF GPON JUN26;Internet;11/6/2025;9/7/2026 14:21:56;31/7/2026;3/8/2026 19:23:29;Origen_Asesores_CAC;Destino_RetInstantCall_RET;;CEDULA;1001209305;1716142094;;HUAWEI;HG8145X6-13;No contactado;U05147;IVAN EDUARDO GUEVARA ORTEGA;CAICEDO VALDEZ MARLENE DEL ROCIO;JOSE LUIS TROYA AYALA;R1;Ntgmdomc / Contacto: 0991143315 /   Id De Llamada: 1001746138 / Nos Comunicamos Varias Veces Al Unico Numero Registrado Ycliente No Contesta, Se Deja Mensaje De Voz;INSTANT CALL;485754433E3C35B2;Closed;0020833615;GPON;0981155494;E058-CAC PUYO;jtroyaa
2026;2026;julio;13;WO0000001848603;1;Gestión de Retención;RECHAZO;RECHAZADO;TRASLADO FUERA DE COBERTURA;Gestión Retención;Intención de renuncia - Instant Call;Problemas económicos;CICLO FMC DIA 11-10;8;2P - TELEF VOZ BASICA GPON MAR24 1.1;Telefonia;7/2/2022;13/7/2026 13:06:28;18/8/2026;3/8/2026 19:27:51;Origen_Asesores_CAC;Destino_RetInstantCall_RET;;CEDULA;25011521;1004449110;;ZTE;F6505N;Traslado fuera de Cobertura;U02072;IVAN EDUARDO GUEVARA ORTEGA;QUIRANZA LIQUINCHANA SISA BELEN;DHONY OSWALDO OCHOA RAGUA;R1;Ntgmdomc / Contacto: 0995584788 /   Id De Llamada: 2001425623 / Cliente Desiste De Sus Servicios Por Motivo De Que Sale De La Ciudad Donde No Hay Cobertura, No Desea Beneficios, Se Menciona Sobre Sus 2 Facturas;Cliente desea hacer el cierre del servicio de TELEFONIA;ZTEGD829C8F2;Closed;0020405064;GPON;0995584788;E066-CAC EL BOSQUE;dochoar
2026;2026;julio;20;WO0000001864974;1;Gestión de Retención;RETENIDO;RETENIDO;25% DE DESCUENTO POR 4 MESES;Gestión Retención;Intención de renuncia - Instant Call;No dar motivos;CICLO FMC DIA 11-10;8;1P TODO CLARO HIPERCONECTADO 400 MBPS + ECDF JUN26;Internet;29/7/2021;20/7/2026 13:40:11;18/8/2026;3/8/2026 19:37:06;Origen_Asesores_CAC;Destino_RetInstantCall_RET;25% de descuento por 4 meses;CEDULA;2217322157;1707773154;;HUAWEI;HG8245W5;;U5C047;IVAN EDUARDO GUEVARA ORTEGA;NETO REINOSO WALTER SALOMON;KATHERINE JOHANA MERCADO OLIVARES;R1;Ntgmdomc / Contacto: 0987578459 /   Id De Llamada: 3001827547 / Cliente Retenido Con El 25% De Descuento Por 4 Meses Y Se Genera Cambio De Cuenta Bancaria;CLIENTE SOLICITA LA RENUNCIA DEL SERVICIO;4857544329F9D7A4;Closed;0017329441;GPON;0987578459;E066-CAC EL BOSQUE;kmercado
2026;2026;agosto;11;WO0000001915042;1;Gestión de Retención;RECHAZO;RECHAZADO;YA TIENE ORDEN DE BAJA INGRESADA;Gestión Retención;Intención de renuncia - Instant Call;Falla en el servicio - Imputables a claro;CICLO FMC DIA 11-10;8;Internet 400 Mbps + ECDF JUN26;Internet;8/8/2025;11/8/2026 17:08:01;18/9/2026;24/8/2026 2:45:18;Origen_Asesores_CAC;Destino_RetInstantCall_RET;;CEDULA;1001296556;0932360696;;HUAWEI;HG8145X6-13;Ya tiene orden de baja ingresada;G04075;IVAN EDUARDO GUEVARA ORTEGA;BALLADARES DE LA A ALEJANDRO DAVID;MEGGY ARIANA PEREZ SANCAN;R2;Ntgmolir 0987296987 / Cliente Ya Fue Atendido En La Orden Wo0000001915214;instan call;48575443D7437CB1;Closed;0020906767;GPON;0987296987;CAC MALL DEL NORTE;mpereze
2026;2026;julio;10;WO0000001843164;1;Gestión de Retención;No contactado;NO CONTACTADO;NO CONTACTADO;Gestión Retención;Intención de renuncia - Instant Call;Problemas económicos;CICLO FMC DIA 28-27;8;3P TODO CLARO NUEVA TV SUPER GPON JUL24 2.2;Television;24/3/2025;10/7/2026 12:51:44;4/8/2026;3/8/2026 19:24:44;Origen_Asesores_CAC;Destino_RetInstantCall_RET;;CEDULA;1001075476;0907768253;;DECODIFICADOR IPTV SEI ROBOTICS;SEI800AMX;No contactado;G1C040;IVAN EDUARDO GUEVARA ORTEGA;JARAMILLO JURADO FANNY ADRIANA;MARIA JOSE VERDUGA VIERA;R2;Ntgmdomc / Contacto: 0984946501 /   Id De Llamada: 1001971336 / Nos Comunicamos Varias Veces Y Cliente No Contesta, Se Deja Mensaje De Voz;INSTANT CALL;GZ24080123809834;Closed;0020670558;GPON;0984946501;E017-CAC 9 DE OCTUBRE 1;mverdugv
2026;2026;julio;6;WO0000001834233;1;Gestión de Retención;RECHAZO;RECHAZADO;YA TIENE ORDEN DE BAJA INGRESADA;Gestión Retención;Intención de renuncia - Instant Call;Falla en el servicio - Imputables a claro;CICLO FMC DIA 11-10;8;3P TODO CLARO Hiperconectado Pro 400 Mbps + HBO MAX HFC.1;Internet;15/8/2023;6/7/2026 18:28:50;18/8/2026;3/8/2026 19:19:40;Origen_Asesores_CAC;Destino_RetInstantCall_RET;;CEDULA;1000385032;0911656452;B85E718DCF0C;EMTA TECHNICOLOR CGA2121 DUAL BAND 8X4;TECHNICOLOR CGA2121;Ya tiene orden de baja ingresada;G06021;IVAN EDUARDO GUEVARA ORTEGA;WILMOT PINO SANDRA LORENA;HAROLD EDGAR PEÑAFIEL ROBLES;R2;Ntgmdomc Cliente Ya Fue Atendido Wo0000001835663, Se Rechaza;cliente solicita anulacion de sus servicios por problemas con los mismos;358922122393103745;Closed;0017624380;HFC;045066828;E034-CAC RIOCENTRO ENTRE RIOS;hpenafio
2026;2026;agosto;13;WO0000001921667;1;Gestión de Retención;No contactado;NO CONTACTADO;NO CONTACTADO;Gestión Retención;Intención de renuncia - Instant Call;Problemas económicos;CICLO FMC DIA 8-7;8;3P TELEFONIA SIN LIMITES GPON OCT24 4.1;Telefonia;6/11/2024;13/8/2026 19:13:07;15/9/2026;27/8/2026 2:45:11;Origen_Asesores_CAC;Destino_RetInstantCall_RET;;CEDULA;25141066;0502875818;;ZTE;F6600P;No contactado;U4C048;IVAN EDUARDO GUEVARA ORTEGA;VIRACOCHA IZA GINO ALEXANDER;GRACE ALICIA GUERRERO HERRERA;R1;Ntgmolir 0963533287 / Id 3001784888 Cliente No Contesta Se Deja Mensjae De Voz;CLIENTE YA NO DESEA EL SERVICIO. CONTACTO: 0961035675;ZTEGD712B3D7;Closed;0020415251;GPON;0963533287;E079-CAC MALL JARDIN;gguerreh
2026;2026;agosto;3;WO0000001895841;1;Gestión de Retención;RECHAZO;RECHAZADO;TRASLADO FUERA DE COBERTURA;Gestión Retención;Intención de renuncia - Instant Call;Traslado fuera de cobertura;CICLO FMC DIA 15-14;8;2P TELEFONIA SIN LIMITES  GPON ABR25 65;Telefonia;19/5/2025;3/8/2026 12:19:03;22/8/2026;6/8/2026 2:46:11;Origen_Asesores_CAC;Destino_RetInstantCall_RET;;CEDULA;25222769;1719831065;;ZTE;F6505N;Traslado fuera de Cobertura;U3C006;IVAN EDUARDO GUEVARA ORTEGA;PACHECO TOAPANTA OSCAR XAVIER;DHONY OSWALDO OCHOA RAGUA;R1;Ntgmdomc / Contacto: 0990533941 /   Id De Llamada: 3001450056 / Cliente Desiste Por Cambio De Domicilio Donde No Tuvo Cobertura, No Accede A Herramientas De Retencion Y Se Menciona Valor De Permin El Cual Se Acercara A Agencia Para La Devolucion Del Valor Y Volver A Cancelar Con Eso Ya Que Anteriormente Ya Hizo La Renuncia Pero Le Indicaron Que Para Que Se Rebaje La Deuda Le Dan Suspension Temporal, Se Menciona Valores De Reactivacion Por La Suspension Temporal;Cliente desea hacer el cierre del servicio de la telefonia;ZTEGD829DBE2;Closed;0021300602;GPON;0990533941;E066-CAC EL BOSQUE;dochoar
2026;2026;agosto;25;WO0000001960623;1;;;NO CONTACTADO;;Gestión Retención;Intención de renuncia - Instant Call;Problemas económicos;CICLO FMC DIA 11-10;0;2P - TODO CLARO Hiperconectado Plus TELF SIN LIMITES HFC JUL23.1;Telefonia;13/3/2024;25/8/2026 12:47:07;18/9/2026;29/8/2026 8:55:34;Origen_Asesores_CAC;Destino_RetInstantCall_RET;;CEDULA;25179993;1003204391;E4C0E2913C5A;EMTA SAGEMCOM FAST3890V3 DUAL BAND;SAGEMCOM FAST3890V3;-;U01132;;ROJAS ZUMARRAGA MAYRA ALEJANDRA;MARTIN NICOLAS LIMA DAVILA;R1;;CLIENTE YA NO DESEA TENER EL SERVICIO. CONTACTO: 0983386789;DM2127018002502;Assigned;0019320870;HFC;0983386789;E079-CAC MALL JARDIN;mlimaa
2026;2026;julio;29;WO0000001887013;1;Gestión de Retención;RETENIDO;RETENIDO;25% DE DESCUENTO POR 12 MESES;Gestión Retención;Intención de renuncia - Instant Call;Problemas económicos;CICLO FMC DIA 26-25;8;2P TODO CLARO Esencial Plus 300 Mbps GPON;Internet;13/2/2024;29/7/2026 19:13:10;2/9/2026;3/8/2026 19:48:51;Origen_Asesores_CAC;Destino_RetInstantCall_RET;25% de descuento por 12 meses;CEDULA;1000563046;0940880339;;ZTE;F6505N;;G04058;IVAN EDUARDO GUEVARA ORTEGA;VELIZ BAJAÑA CINTHIA TAMARA;MICHELLE FERNANDA VALLEJO CACERES;R2;Ntggcase 0939195044 / Id 2001936113/Retenido Con El 25% De Descuento Por 12 Meses;anulainternet;ZTEGDA1C4217;Closed;0017896390;GPON;0939195044;E035-CAC RIOCENTRO NORTE;mvalleja
2026;2026;septiembre;4;WO0000001992103;1;;;NO CONTACTADO;;Gestión Retención;Intención de renuncia - Instant Call;Falta de uso;CICLO FMC DIA 28-27;0;Internet 850 Mbps  JUN26;Internet;21/1/2025;4/9/2026 14:08:21;5/10/2026;4/9/2026 14:08:22;Origen_Asesores_CAC;Destino_RetInstantCall_RET;;CEDULA;1000983757;0900491739;;HUAWEI;HG8145X6-10;-;G05005;;RENDON ALVARADO TITO ARMANDO;DIEGO ABEL HERRERIA JACOME;R2;;INSTALL CALL;4857544343D429B0;Assigned;0017301400;GPON;045071105;E049-CAC PASEO BABAHOYO;dherrerj
2026;2026;julio;12;WO0000001847144;1;Gestión de Retención;NO RETENIDO;NO RETENIDO;MALA VENTA CAC, CC, DAS;Gestión Retención;Intención de renuncia - Instant Call;Problemas económicos;CICLO FMC DIA 11-10;8;2P INTERNET 550 MBPS GPON JUN26 6.2;Internet;29/12/2021;12/7/2026 16:48:05;18/8/2026;3/8/2026 19:27:00;Origen_Asesores_CAC;Destino_RetInstantCall_RET;;CEDULA;2218024358;0907054357;;HUAWEI;HG8145X6-10;Mala venta CAC, CC, DAS;G01008;MARIELA CAROLINA OLIVO OROZCO;ORTEGA TERAN MANUEL MESIAS;BOLIVAR GEOVANNY DEL HIERRO IZAGUIRRE;R2;Ntgmolir 0995952907 / Id 2001352700 Cliente No Accede A Herramientas De Retencion Se Le Indica Fecha De Eliminacion De Servicio Y De Retiro De Equipos Esta De Acuerdo;INSTANT CALL;485754434979A2AF;Closed;0017569641;GPON;0995952907;E022-CAC TERMINAL TERRESTRE;bdelhiei
2026;2026;agosto;24;WO0000001956134;1;;;NO CONTACTADO;;Gestión Retención;Intención de renuncia - Instant Call;Problemas económicos;CICLO FMC DIA 26-25;0;Hogar Sin Limites GPON_ MR21;Telefonia;18/12/2021;24/8/2026 10:27:00;3/10/2026;24/8/2026 10:27:00;Origen_Asesores_CAC;Destino_RetInstantCall_RET;;CEDULA;45081872;0905300182;;HUAWEI;HG8145X6-13;-;G4C009;;MINA QUINTERO CRISTOBAL IDALGO;KEYLI DOMENICA GUILLEN CASTRO;R2;;SOLICITA ANULACION DE SERVICIOS CONTACTO 981700257;485754436DEE29B4;Assigned;0019003317;GPON;0981700257;CAC MALL DEL NORTE;kguillec
2026;2026;agosto;10;WO0000001912575;1;Gestión de Retención;No contactado;NO CONTACTADO;NO CONTACTADO;Gestión Retención;Intención de renuncia - Instant Call;Problemas personales;CICLO FMC DIA 11-10;8;Internet 850 Mbps  JUN26;Internet;7/6/2023;10/8/2026 17:21:46;18/9/2026;24/8/2026 2:45:15;Origen_Asesores_CAC;Destino_RetInstantCall_RET;;CEDULA;1000317143;0200579225;;HUAWEI;HG8245W5-6T;No contactado;U5C121;IVAN EDUARDO GUEVARA ORTEGA;CHILUISA TOAPANTA ROSA ELENA;MARIA DE LOS ANGELES BAQUERIZO ORTIZ;R1;Ntgmolir 0991026003 / Id 3001168494 Cliente No Contesta Se Deja Mensaje De Voz;instancall;48575443089342A9;Closed;0019357687;GPON;991026003;E070-CAC QUICENTRO SUR;mbaquero
2026;2026;julio;22;WO0000001869799;1;Gestión de Retención;RECHAZO;RECHAZADO;SOLO SOLICITA INFORMACIÓN;Gestión Retención;Intención de renuncia - Instant Call;Traslado no atendido o fuera de tiempo;CICLO FMC DIA 2-1;8;Internet 850 Mbps JUN26;Internet;29/6/2025;22/7/2026 10:35:19;9/8/2026;3/8/2026 19:39:43;Origen_Asesores_CAC;Destino_RetInstantCall_RET;;CEDULA;1001235812;0905833869;;HUAWEI;HG8145X6-13;Solo solicita Información;G3C112;IVAN EDUARDO GUEVARA ORTEGA;ZEVALLOS MERA MARTINA DEL JESUS;CARLOS FRANCISCO PONCE CAMPODONICO;R2;Ntgmdomc / Contacto: 0982732288 /   Id De Llamada: 1001315972 / Cliente No Desea Ingresar Nada De Renuncia, Indica Que El Valor Que Le Indicaron En Agencia Que Debe De Cancelar Es Muy Alto Y Que Ya Validara Que Hacer, Cierra Llamada;INTENCION DE RENUNCIA;48575443CD42BBB1;Closed;0020846330;GPON;0985905801;E017-CAC 9 DE OCTUBRE 1;cponcep
2026;2026;agosto;14;WO0000001924037;1;Gestión de Retención;No contactado;NO CONTACTADO;NO CONTACTADO;Gestión Retención;Intención de renuncia - Instant Call;Cierre de negocio;CICLO FMC DIA 11-10;8;1 PLAY - TODO CLARO Internet 400 Mbps GPON;Internet;6/8/2021;14/8/2026 16:34:12;18/9/2026;27/8/2026 2:45:13;Origen_Asesores_CAC;Destino_RetInstantCall_RET;;CEDULA;2217387501;1004047617;;ZTE;F6505N;No contactado;U02071;IVAN EDUARDO GUEVARA ORTEGA;SALAS ROSERO MAYRA VERONICA;PAUL ALFREDO PINO LAGUATASIG;R1;Ntgmolir 0981981213 / Id 3001834569 Cliente No Contesta Se Deja Mensaje De Voz;renuncia - Instant Call;ZTEGD829F327;Closed;0017377175;GPON;0981981213;E066-CAC EL BOSQUE;ppinol
2026;2026;julio;10;WO0000001843056;1;Gestión de Retención;No contactado;NO CONTACTADO;NO CONTACTADO;Gestión Retención;Intención de renuncia - Instant Call;Problemas económicos;CICLO FMC DIA 11-10;8;3P TODO CLARO TELEFONIA SIN LIMITES GPON JUL24 2.1;Telefonia;10/1/2022;10/7/2026 12:24:17;18/8/2026;3/8/2026 19:24:40;Origen_Asesores_CAC;Destino_RetInstantCall_RET;;CEDULA;45074770;1200838959;;HUAWEI;HG8145X6-13;No contactado;G04075;MARIELA CAROLINA OLIVO OROZCO;QUINTO DIGLE RAQUEL;MARIA MATILDE CHICAIZA HASING;R2;Ntgmolir 0992828844 / Id 1001955548 Cleinte No Contesta Se Deja Mensaje De Voz;no desea telefnia;4857544330B052B2;Closed;0017410971;GPON;0992828844;CAC MALL DEL NORTE;mchicaiza
2026;2026;agosto;3;WO0000001896423;1;Gestión de Retención;NO RETENIDO;NO RETENIDO;FALLAS EN EL SERVICIO IMPUTABLES AL CLIENTE;Gestión Retención;Intención de renuncia - Instant Call;Cambio de proveedor;CICLO FMC DIA 2-1;8;2P - TODO CLARO Esencial Plus TELF SIN LIMITES GPON JUL23.1;Telefonia;1/12/2023;3/8/2026 14:56:53;9/9/2026;6/8/2026 2:46:54;Origen_Asesores_CAC;Destino_RetInstantCall_RET;;CEDULA;55002383;1204502718;;HUAWEI;HG8245W5-6T;Fallas en el servicio imputables al cliente;Q1C009;IVAN EDUARDO GUEVARA ORTEGA;CORTEZ PLUAS JONATHAN GEOVANNY;REINA MADELAINE VELIZ SIERRA;R2;Ntgmdomc / Contacto: 0982091922 /   Id De Llamada: 3001520830 -  / Cliente Desiste Por Problemas Personales, No Accede A Herramientas De Retencion Y Cancelara En Agencia El Valor De Permin, Se Menciona Sobre Factura A Generar Este Mes;INSTANT CALL;48575443195220AA;Closed;0021057657;GPON;0982091922;E051-CAC QUEVEDO;rvelizs
2026;2026;julio;20;WO0000001864131;1;Gestión de Retención;RECHAZO;RECHAZADO;SOLO SOLICITA INFORMACIÓN;Gestión Retención;Intención de renuncia - Instant Call;Problemas económicos;CICLO FMC DIA 26-25;8;3P TODO CLARO Esencial Pro TV Extra GPON IPTV.1;Television;14/6/2024;20/7/2026 10:58:14;2/8/2026;3/8/2026 19:36:38;Origen_Asesores_CAC;Destino_RetInstantCall_RET;;CEDULA;1000693176;1701460766;;DECODIFICADOR IPTV;STB B866V2;Solo solicita Información;U03030;MARIELA CAROLINA OLIVO OROZCO;PAZ GARRIDO CARLOS BOLIVAR;MARCO ARMANDO GONZALEZ CASTRO;R1;Ntgmolir 0968197682 / Id 3001785435 Cliente Solicita Que Se Cancele La Orden De Trabajo Para Eliminacion De Servicios Que Se Comunicara En Otro Momentoal 611;instant call;ZTEATV41201716786;Closed;0017231923;GPON;0968197682;E079-CAC MALL JARDIN;mgonzalc
2026;2026;julio;2;WO0000001825828;1;Gestión de Retención;No contactado;NO CONTACTADO;NO CONTACTADO;Gestión Retención;Intención de renuncia - Instant Call;Problemas económicos;CICLO FMC DIA 11-10;8;3P - Todo Claro Telefonia Sin limites HFC 1.1;Telefonia;12/11/2020;2/7/2026 15:16:31;18/7/2026;3/8/2026 19:14:41;Origen_Asesores_CAC;Destino_RetInstantCall_RET;;CEDULA;45023510;0917914079;3093BCEB979B;EMTA SAGEMCOM 24X8 DOCSIS3.0 DUAL BAND;FAST3686 SAGEMCOM;No contactado;G01017;IVAN EDUARDO GUEVARA ORTEGA;MINDIOLA VACA FERNANDO DANIEL;SYLVIA IRENE ASTUDILLO CASTILLO;R2;Ntggcase 0985606788 / Id 3001300006/No Contesta - Se Realizan Varias Marcaciones Se Deja Buzon De Voz;INSTANT CALL;NQ2006354004410;Closed;0017564705;HFC;0985606788;E036-CAC RIOCENTRO SUR;sastudic
2026;2026;julio;31;WO0000001891813;1;Gestión de Retención;NO RETENIDO;NO RETENIDO;PROBLEMAS ECONÓMICOS;Gestión Retención;Intención de renuncia - Instant Call;No dar motivos;CICLO FMC DIA 11-10;8;2P ADULTO MAYOR - Sin Limites GPON;Telefonia;10/5/2023;31/7/2026 17:07:20;18/8/2026;3/8/2026 19:51:28;Origen_Asesores_CAC;Destino_RetInstantCall_RET;;CEDULA;45179493;0906268776;;HUAWEI;HG8245W5;Problemas Económicos;G3C050;IVAN EDUARDO GUEVARA ORTEGA;JARAMILLO COBOS AURA JULIETA;FRANK TONY LOPEZ CRISTOBAL;R2;Ntggcase 0981572140 / Id 1001945474/No Acepta Beneficios, No Desea Tener El Servicio Activo. No Es Posible Ofrecer Descuentos, Ya Que Tiene Uno De Adulto Mayor.;INSTANT CALL;48575443D31248A8;Closed;0019322946;GPON;0981572140;E017-CAC 9 DE OCTUBRE 1;flopezc
2026;2026;julio;20;WO0000001863945;1;Gestión de Retención;RECHAZO;RECHAZADO;YA TIENE ORDEN DE BAJA INGRESADA;Gestión Retención;Intención de renuncia - Instant Call;Problemas económicos;CICLO FMC DIA 11-10;8;Internet 400 Mbps;Internet;31/1/2023;20/7/2026 10:11:01;18/8/2026;3/8/2026 19:36:31;Origen_Asesores_CAC;Destino_RetInstantCall_RET;;CEDULA;1000199906;1759866658;B4E2651E442E;EMTA SMDC OG3000 TECHNOLOGY;OG3000 SMDC;Ya tiene orden de baja ingresada;U01035;IVAN EDUARDO GUEVARA ORTEGA;JAUREGUI RAMOS CARLOS EDUARDO;DHONY OSWALDO OCHOA RAGUA;R1;Ntggcase 0984515001 / Se Rechaza Ya Existe Renuncia Ingresada Por Contact Center -20004830008824-20004830168655;Cliente desea hacer el cierre del servicio de INTERNET;300122140001938802;Closed;0019518439;HFC;0984515001;E066-CAC EL BOSQUE;dochoar
2026;2026;julio;22;WO0000001870362;1;Gestión de Retención;RECHAZO;RECHAZADO;YA TIENE ORDEN DE BAJA INGRESADA;Gestión Retención;Intención de renuncia - Instant Call;Problemas económicos;CICLO FMC DIA 26-25;8;3P TODO CLARO EPICO PRO 300 MBPS+MAX GPON JUL24 5.0;Internet;9/2/2024;22/7/2026 12:40:42;2/9/2026;3/8/2026 19:40:00;Origen_Asesores_CAC;Destino_RetInstantCall_RET;;CEDULA;1000559874;0602932089;;ZTE;F680V6;Ya tiene orden de baja ingresada;U02043;MARIELA CAROLINA OLIVO OROZCO;BUSTOS ROMERO STEFAN JAVIER;DHONY OSWALDO OCHOA RAGUA;R1;Ntgmolir 0999818650 / Cliente Ya Tiene Ingresada La Baja De Servicios;Cliente desea hacer el cierre del servicio de INTERNET;ZTEGD1D7BD8B;Closed;0017900780;GPON;0999818650;E066-CAC EL BOSQUE;dochoar
2026;2026;septiembre;22;WO0000002047149;1;;;NO CONTACTADO;;Gestión Retención;Intención de renuncia - Instant Call;Inconformidad con el servicio;CICLO FMC DIA 13-12;0;2P CONVERGENTE INTERNET 1024 MBPS + HBO MAX GPON JUL26 7.0;Internet;11/9/2026;22/9/2026 11:53:43;20/10/2026;22/9/2026 11:53:43;Origen_Asesores_CAC;Destino_RetInstantCall_RET;;CEDULA;1001793397;1715645246;;HUAWEI;HG8145X6-13;-;U4C005;;CUSHICAGUA SIMBAÑA NELSON PAUL;GRACE ALICIA GUERRERO HERRERA;R1;;Instant Call;485754430CE41EB4;Assigned;0021926255;GPON;0984675528;E079-CAC MALL JARDIN;gguerreh
2026;2026;julio;2;WO0000001825775;1;Gestión de Retención;No contactado;NO CONTACTADO;NO CONTACTADO;Gestión Retención;Intención de renuncia - Instant Call;Problemas económicos;CICLO FMC DIA 11-10;8;3P - Todo Claro Tv Maximo HFC 1.1;Television;12/11/2020;2/7/2026 15:15:11;18/7/2026;3/8/2026 19:14:41;Origen_Asesores_CAC;Destino_RetInstantCall_RET;;CEDULA;2215994017;0917914079;;EQUIPO SETTOPBOX - DCX525;DCX525e-Two-Way;No contactado;G01017;IVAN EDUARDO GUEVARA ORTEGA;MINDIOLA VACA FERNANDO DANIEL;SYLVIA IRENE ASTUDILLO CASTILLO;R2;Ntggcase 0985606788 / Id 3001300006/No Contesta - Se Realizan Varias Marcaciones Se Deja Buzon De Voz;INSTANT CALL;M92017ERK204;Closed;0017564705;HFC;0985606788;E036-CAC RIOCENTRO SUR;sastudic
2026;2026;julio;9;WO0000001841038;1;Gestión de Retención;No contactado;NO CONTACTADO;NO CONTACTADO;Gestión Retención;Intención de renuncia - Instant Call;Otra Persona usa el servicio;CICLO FMC DIA 24-23;8;2P TELEFONIA SIN LIMITES  GPON ABR25 73;Telefonia;11/6/2025;9/7/2026 14:26:02;31/7/2026;3/8/2026 19:23:30;Origen_Asesores_CAC;Destino_RetInstantCall_RET;;CEDULA;25221409;1716142094;;HUAWEI;HG8145X6-13;No contactado;U05147;IVAN EDUARDO GUEVARA ORTEGA;CAICEDO VALDEZ MARLENE DEL ROCIO;JOSE LUIS TROYA AYALA;R1;Ntgmdomc / Contacto: 0991143315 /   Id De Llamada: 1001746138 / Nos Comunicamos Varias Veces Al Unico Numero Registrado Ycliente No Contesta, Se Deja Mensaje De Voz;INSTANT CALL;485754433E3C35B2;Closed;0020833615;GPON;0991143315;E058-CAC PUYO;jtroyaa
2026;2026;septiembre;18;WO0000002034266;1;;;NO CONTACTADO;;Gestión Retención;Intención de renuncia - Instant Call;Problemas económicos;CICLO FMC DIA 8-7;0;3P TODO CLARO TELEFONIA SIN LIMITES HFC JUL24 6;Telefonia;;18/9/2026 16:17:52;15/10/2026;18/9/2026 16:17:53;Origen_Asesores_CAC;Destino_RetInstantCall_RET;;;25007998;1705954624001;;;;-;;DIANA CAROLINA QUERO PONCE;RENE SANTIAGO CASTILLO PIÑEIROS;LUIS ALBERTO PESANTEZ CARLOSAMA;R1;;Estimados favro su ayuda con cierre de servicio;;Assigned;0020322307;HFC;0986033701;E069-CAC QUICENTRO NORTE;lpesantc
2026;2026;julio;21;WO0000001868618;1;Gestión de Retención;NO RETENIDO;NO RETENIDO;PROBLEMAS ECONÓMICOS;Gestión Retención;Intención de renuncia - Instant Call;Problemas económicos;CICLO FMC DIA 2-1;8;3P TODO CLARO Super Conectado Pro TV Super GPON IPTV.1;Television;6/12/2023;21/7/2026 16:50:09;9/8/2026;3/8/2026 19:39:05;Destino_RetInstantCall_RET;Destino_RetInstantCall_RET;;CEDULA;1000495949;1711598050;;DECODIFICADOR IPTV;STB B866V2;Problemas Económicos;U1C023;IVAN EDUARDO GUEVARA ORTEGA;SEGURA GOYES IRENE MARIA;IVAN EDUARDO GUEVARA ORTEGA;R1;Ntggcase 0999618988 / Se Ingresa La Baja Con Valores;INSTANCALL;ZTEATV41200769274;Closed;0020202569;GPON;0999618988;CANTEC UIO;ntgigueo
2026;2026;julio;28;WO0000001882577;1;;;NO CONTACTADO;;Gestión Retención;Intención de renuncia - Instant Call;Problemas económicos;CICLO FMC DIA 26-25;1;3P TODO CLARO Esencial Pro TV Extra GPON IPTV.1;Television;24/1/2025;28/7/2026 11:24:19;2/9/2026;3/8/2026 19:46:27;Origen_Asesores_CAC;Destino_RetInstantCall_RET;;CEDULA;1000985559;1711794378;;DECODIFICADOR IPTV SEI ROBOTICS;SEI800AMX;-;U03003;;ARIAS SIGUENZA MIREYA DEL PILAR;GRACE ALICIA GUERRERO HERRERA;R1;;Instant Call;GZ24050532703706;Pending;0019332601;GPON;0961591848;E079-CAC MALL JARDIN;gguerreh
2026;2026;agosto;25;WO0000001962390;1;;;NO CONTACTADO;;Gestión Retención;Intención de renuncia - Instant Call;Viaje;CICLO FMC DIA 11-10;0;2P - TELEF VOZ BASICA GPON MAR24;Telefonia;12/3/2023;25/8/2026 18:16:59;18/9/2026;25/8/2026 18:16:59;Origen_Asesores_CAC;Destino_RetInstantCall_RET;;CEDULA;25188704;1313438630;;ZTE;F6505N;-;U02071;;VALBERDE MARCILLO DIEGO ALEXI;KATHERINE JOHANA MERCADO OLIVARES;R1;;cliente solicita la renuncia del servicio por traslado a otra provincia;ZTEGD82A0A7B;Assigned;0019256320;GPON;0981840481;E066-CAC EL BOSQUE;kmercado
2026;2026;julio;15;WO0000001853751;1;Gestión de Retención;RETENIDO;RETENIDO;1 TB POR 1 MES (MANUAL);Gestión Retención;Intención de renuncia - Instant Call;Problemas económicos;CICLO FMC DIA 8-7;8;2P TODO CLARO - ELITE PLUS 850 MBPS+MAX JUN26;Internet;7/4/2026;15/7/2026 13:01:39;15/8/2026;3/8/2026 19:30:55;Origen_Asesores_CAC;Destino_RetInstantCall_RET;1 TB POR 1 MES (Manual);CEDULA;1001596174;1251262166;;HUAWEI;HG8145X6-13;;G3C077;IVAN EDUARDO GUEVARA ORTEGA;ROSADO MARTINEZ ANGIE MAYERLY;VICTOR STALIN CAMPUZANO LOOR;R2;Ntgmdomc / Contacto: 0967303540 /   Id De Llamada: 2001907889 / Cliente Retenido Con Tb Por 1 Mes, Cliente Validara Si Realiza Cambio De Titular, Cambio De Ciudad O De Slo Domicilio, Se Volvera A Comunicar;INSTANT CALL;485754432D74DAB4;Closed;0021359523;GPON;0967303540;E051-CAC QUEVEDO;vcampuzl
2026;2026;julio;23;WO0000001872166;1;Gestión de Retención;RECHAZO;RECHAZADO;ATIENDE TERCERA PERSONA;Gestión Retención;Intención de renuncia - Instant Call;Problemas económicos;CICLO FMC DIA 2-1;8;1P  TODO CLARO Hiperconectado 400 Mbps + HBO MAX  GPON;Internet;26/10/2023;23/7/2026 10:28:15;9/8/2026;3/8/2026 19:41:06;Origen_Asesores_CAC;Destino_RetInstantCall_RET;;CEDULA;1000456706;1309903951;;HUAWEI;HG8245W5-6T;Atiende Tercera Persona;S1C054;IVAN EDUARDO GUEVARA ORTEGA;ALCIVAR MOREIRA ANDARY DANDY;VICTOR STALIN CAMPUZANO LOOR;R1;Ntgmdomc / Contacto: 0958950815 /   Id De Llamada: 2001441831 / Se Rechaza, Contesta Tercera Persona, Indica Que La Titular Se Encuentra Fuera Del Pais (España) Por Tiempo Indefinido, Se Deriva A Agencia Ya Que Indica Que Mantiene Un Poder Firmado Por La Titular;INSTANT CALL;485754431986F5AA;Closed;0019523182;GPON;0958950815;E051-CAC QUEVEDO;vcampuzl
2026;2026;agosto;19;WO0000001935071;1;Gestión de Retención;NO RETENIDO;NO RETENIDO;TRASLADO FUERA DE COBERTURA;Gestión Retención;Intención de renuncia - Instant Call;Traslado fuera de cobertura;CICLO FMC DIA 8-7;8;Internet 550 Mbps  JUN26 1.0;Internet;30/4/2024;19/8/2026 10:27:49;15/9/2026;24/8/2026 2:45:26;Origen_Asesores_CAC;Destino_RetInstantCall_RET;;CEDULA;1000645563;1600198236;;HUAWEI;HG8245W5-6T;Traslado fuera de cobertura;A1C075;IVAN EDUARDO GUEVARA ORTEGA;LASCANO FREIRE GLADYS LEONOR;CARLOS LUIS GUTIERREZ BARONA;R1;Ntgmolir 0998003072 / Id 3001082130 Cliente No Accede A Herramientas De Retencion Se Le Indica Fecha De Eliminacion Y Retiro De Equipos;INSTANT CALL;48575443FC4D96AC;Closed;0020385733;GPON;0998003072;E058-CAC PUYO;cgutierb
2026;2026;agosto;24;WO0000001957980;1;;;NO CONTACTADO;;Gestión Retención;Intención de renuncia - Instant Call;Inconformidad con el servicio;CICLO FMC DIA 6-5;0;2P ADULTO TELEFONIA SIN LIMITES  GPON ABR25 2;Telefonia;4/6/2025;24/8/2026 16:02:17;13/9/2026;24/8/2026 16:02:18;Origen_Asesores_CAC;Destino_RetInstantCall_RET;;CEDULA;45012840;0905700175;;ZTE;F6600P;-;G4C070;;ANDRADE DEL CASTILLO MARTHA YOLANDA;YANINE MILDRED CASTAÑEDA GALARZA;R2;;INTALCALL;ZTEGD814623E;Assigned;0020828310;GPON;0993744384;CAC MALL DEL NORTE;ycastang
2026;2026;agosto;24;WO0000001956385;1;;;NO CONTACTADO;;Gestión Retención;Intención de renuncia - Instant Call;Problemas económicos;CICLO FMC DIA 2-1;0;2P TELEFONIA SIN LIMITES  GPON ABR25 67;Telefonia;24/3/2026;24/8/2026 11:10:28;9/9/2026;24/8/2026 11:10:29;Origen_Asesores_CAC;Destino_RetInstantCall_RET;;CEDULA;25033364;1706667431;;HUAWEI;HG8145X6-13;-;U4C002;;GARCIA TORRES GERMAN ROMMEL;GRACE ALICIA GUERRERO HERRERA;R1;;Instant Call;48575443224B5FB4;Assigned;0021343735;GPON;0962592458;E079-CAC MALL JARDIN;gguerreh
2026;2026;julio;22;WO0000001870382;1;Gestión de Retención;RETENIDO;RETENIDO;CON EL MISMO SERVICIO;Gestión Retención;Intención de renuncia - Instant Call;Problemas económicos;CICLO FMC DIA 11-10;8;BLINDAJE 3P TELEFONIA SIN LIMITES GPON ENE24 1.4;Telefonia;20/2/2013;22/7/2026 12:45:29;18/8/2026;3/8/2026 19:40:01;Destino_RetInstantCall_RET;Destino_RetInstantCall_RET;Con el mismo servicio;CEDULA;45040602;0909051096;;ZTE;F6600P;;G06036;IVAN EDUARDO GUEVARA ORTEGA;MUÑOZ ARIAS MARIO GERMAN;IVAN EDUARDO GUEVARA ORTEGA;R2;Ntggcase 0999123066 / Id 1001390087cliente Accede A Quedar Con Internet Y Telefonia, Se Procede Con La Baja Solo Del Servicio De Tv.;INSTANCALL;ZTEGD81457CF;Closed;0017777932;GPON;0999123066;CANTEC UIO;ntgigueo
2026;2026;julio;8;WO0000001837779;1;Gestión de Retención;RETENIDO;RETENIDO;25% DE DESCUENTO POR 12 MESES;Gestión Retención;Intención de renuncia - Instant Call;Problemas económicos;CICLO FMC DIA 11-10;8;SUPER PLAY NUEVA TV GPON;Television;4/2/2023;8/7/2026 11:17:50;18/8/2026;3/8/2026 19:21:32;Origen_Asesores_CAC;Destino_RetInstantCall_RET;25% de descuento por 12 meses;CEDULA;1000203526;1715201230;;DECODIFICADOR IPTV;STB B866V2;;U1C115;MARIELA CAROLINA OLIVO OROZCO;CARRASCO PUEBLA JUAN FERNANDO;CHRISTOPHER SANTIAGO HERRERA CORREA;R1;Ntgmolir 0996700080 / Id 1001419927/1001420318 Cliente Va A Mantener El Servicio Activo Con Un Descuento Del 25% Por 12 Meses Y Un Mantenimiento En El Servicio De Tv;Cliente desea cancelar servicio de tv;ZTEATV41201710100;Closed;0019215145;GPON;0996700080;E066-CAC EL BOSQUE;cherrerc
2026;2026;julio;9;WO0000001842024;1;Gestión de Retención;RECHAZO;RECHAZADO;ORDEN DUPLICADA;Gestión Retención;Intención de renuncia - Instant Call;Traslado fuera de cobertura;CICLO FMC DIA 4-3;8;2P INTERNET 550MBPS + ECDF GPON JUN26;Internet;2/7/2025;9/7/2026 19:33:31;11/8/2026;3/8/2026 19:24:03;Origen_Asesores_CAC;Destino_RetInstantCall_RET;;CEDULA;1001237675;1206832683;;HUAWEI;HG8145X6-13;Orden duplicada;MG1C021;IVAN EDUARDO GUEVARA ORTEGA;SANTILLAN VALENCIA LISSETTE ESTEFANIA;DIEGO ABEL HERRERIA JACOME;R2;Orden Duplicada;INSTALL CALL;48575443D7282EB1;Closed;0020863123;GPON;0990011318;E049-CAC PASEO BABAHOYO;dherrerj
2026;2026;agosto;1;WO0000001892808;1;Gestión de Retención;No contactado;NO CONTACTADO;NO CONTACTADO;Gestión Retención;Intención de renuncia - Instant Call;Fallas en el servicio imputables al cliente;CICLO FMC DIA 11-10;8;Internet 750 Mbps MAR26;Internet;8/4/2021;1/8/2026 11:34:22;18/8/2026;6/8/2026 2:45:12;Origen_Asesores_CAC;Destino_RetInstantCall_RET;;CEDULA;2216780058;1600293573;;ZTE;F6600P;No contactado;U03015;IVAN EDUARDO GUEVARA ORTEGA;LUGO CIFUENTES ENA ELIZABETH;MARTIN NICOLAS LIMA DAVILA;R1;Ntggcase 0992606021 / Id 3001390618/ Se Realiza Varios Intentos Y No Hay Respuesta, No Permite Dejar Mensaje De Voz;CLIENTE DESEA CANCELAR SERVICIO. Contacto: 0992606021;ZTEGD7186D33;Closed;0018701623;GPON;0992606021;E079-CAC MALL JARDIN;mlimaa
2026;2026;agosto;14;WO0000001922256;1;Gestión de Retención;RECHAZO;RECHAZADO;YA TIENE ORDEN DE BAJA INGRESADA;Gestión Retención;Intención de renuncia - Instant Call;Falla en el servicio - Imputables a claro;CICLO FMC DIA 11-10;8;Hogar Sin Limites;Telefonia;9/7/2021;14/8/2026 10:10:57;18/9/2026;27/8/2026 2:45:11;Origen_Asesores_CAC;Destino_RetInstantCall_RET;;CEDULA;45041837;0908605173;1033BF80597D;EMTA TECHNICOLOR CGA0112 DUAL BAND 8X4;CGA0112 TECHNICOLOR;Ya tiene orden de baja ingresada;G04109;IVAN EDUARDO GUEVARA ORTEGA;GIRON SANCHEZ CLARITA CRUZ;PATRICIO DAVID POZO PARRA;R2;Ntgmolir 0939293239 / Id 3001788844 Cliente Ya Tiene Ingresada La Eliminacion De Servicio;Intención Renuncia;L30203935413902;Closed;0017128315;HFC;0939293239;E035-CAC RIOCENTRO NORTE;ppozor
2026;2026;julio;26;WO0000001878491;1;Gestión de Retención;RETENIDO;RETENIDO;50% DE DESCUENTO POR 6 MESES;Gestión Retención;Intención de renuncia - Instant Call;Inconformidad de facturación;CICLO FMC DIA 11-10;8;BLINDAJE 3P NUEVA TV SUPER GPON ENE24 1.6;Television;29/8/2022;26/7/2026 12:44:29;18/8/2026;3/8/2026 19:44:14;Origen_Asesores_CAC;Destino_RetInstantCall_RET;50% de descuento por 6 meses;CEDULA;2218884346;0916166788;;DECODIFICADOR IPTV;STB B866V2;;G4C037;MARIELA CAROLINA OLIVO OROZCO;REYES IZQUIERDO GISELLA SUGEY;PATRICIO DAVID POZO PARRA;R2;Ntgmolir 0997735536 / Id 1001042439  Cliente Accede A Mantener El Servicio Con Un Descuento Del 50% Por 6 Meses;Intención de Renncia;ZTEATV41200781270;Closed;0018866858;GPON;0997735536;E035-CAC RIOCENTRO NORTE;ppozor
2026;2026;julio;3;WO0000001827315;1;Gestión de Retención;RETENIDO;RETENIDO;1 TB POR 1 MES (MANUAL);Gestión Retención;Intención de renuncia - Instant Call;Problemas económicos;CICLO FMC DIA 8-7;8;1P TODO CLARO Esencial 400 Mbps GPON;Internet;27/10/2023;3/7/2026 11:33:01;15/8/2026;3/8/2026 19:15:31;Origen_Asesores_CAC;Destino_RetInstantCall_RET;1 TB POR 1 MES (Manual);CEDULA;1000458669;0918836644;;HUAWEI;HG8145X6-13;;G4C008;IVAN EDUARDO GUEVARA ORTEGA;ECHEVERRIA ESPINOZA MARCELO EVEL;YANINE MILDRED CASTAÑEDA GALARZA;R2;Ntggcase 0998499412 / Id 3001473219/Cliente Molesto Por El Mal Servicio Recibido En Agencia. Se Ingresa 1tb Gratis Por Retencion;INSTANT CALL;48575443D7373AB1;Closed;0017230215;GPON;042575874;CAC MALL DEL NORTE;ycastang
2026;2026;septiembre;1;WO0000001982533;1;;;NO CONTACTADO;;Gestión Retención;Intención de renuncia - Instant Call;Problemas personales;CICLO FMC DIA 2-1;0;2P TODO CLARO EPICO PLUS 550 MBPS+ECDF GPON JUN26 5.2;Internet;28/2/2025;1/9/2026 15:15:27;9/10/2026;1/9/2026 15:15:27;Origen_Asesores_CAC;Destino_RetInstantCall_RET;;CEDULA;1001042507;1760622934;;HUAWEI;HG8145X6-10;-;U1C231;;VILCHEZ GARCIA ARGENIS SEGUNDO;DANNY SANTIAGO PAZMIÑO PAREDES;R1;;Instant Call;48575443972EACB0;Assigned;0020650230;GPON;0982991886;E079-CAC MALL JARDIN;dpazminp
2026;2026;agosto;14;WO0000001923174;1;Gestión de Retención;RECHAZO;RECHAZADO;YA TIENE ORDEN DE BAJA INGRESADA;Gestión Retención;Intención de renuncia - Instant Call;Traslado fuera de cobertura;CICLO FMC DIA 21-20;8;1P ADULTO MAYOR GPON INTERNET 300 MBPS AGO25 6;Internet;13/1/2026;14/8/2026 13:17:01;28/8/2026;27/8/2026 2:45:12;Origen_Asesores_CAC;Destino_RetInstantCall_RET;;CEDULA;1001492637;1001094075;;HUAWEI;HG8245W5-6T;Ya tiene orden de baja ingresada;U2C013;IVAN EDUARDO GUEVARA ORTEGA;CUACES ALMEIDA CARLOS GERMAN;RUBEN SEBASTIAN CENTENO MOGOLLON;R1;Ntgmolir 0978805394 / Cliente Ya Tiene Ingresada Labaja;INSTANCALL;48575443323D28AC;Closed;0021212715;GPON;0978805394;E075-CAC SCALA;rcenteno
2026;2026;agosto;17;WO0000001929289;1;Gestión de Retención;RECHAZO;RECHAZADO;SOLO SOLICITA INFORMACIÓN;Gestión Retención;Intención de renuncia - Instant Call;Problemas económicos;CICLO FMC DIA 11-10;8;1P TODO CLARO Esencial 400 Mbps GPON;Internet;9/8/2023;17/8/2026 13:42:17;18/9/2026;28/8/2026 2:45:13;Origen_Asesores_CAC;Destino_RetInstantCall_RET;;CEDULA;1000379276;1724576051;;ZTE;F680V6;Solo solicita Información;U5C110;IVAN EDUARDO GUEVARA ORTEGA;PARRA GAVILANEZ ANDREA STEFANIA;MARIA DE LOS ANGELES BAQUERIZO ORTIZ;R1;Ntgmolir 0986695974 / Id 3001919155 Cliente Indica Que Le Mencionaron Que Estaba Suspensión Temporal Pero Tiene Valores Pendientes De Pago Y Bloqueado Por Cobranzas Indica Que No Tiene Para Pagar Las Facturas Y Se Le Indica Que No Se Ingreso Ningun Proseso De Eliminacion De Servicio;instancall;ZTEGD1C969C8;Closed;0019400907;GPON;0986695974;E070-CAC QUICENTRO SUR;mbaquero
2026;2026;julio;6;WO0000001833827;1;Gestión de Retención;No contactado;NO CONTACTADO;CIERRA LLAMADA;Gestión Retención;Intención de renuncia - Instant Call;Problemas económicos;CICLO FMC DIA 24-23;8;1P  TODO CLARO Hiperconectado 400 Mbps + HBO MAX  GPON;Internet;17/7/2023;6/7/2026 16:32:13;31/7/2026;3/8/2026 19:19:28;Origen_Asesores_CAC;Destino_RetInstantCall_RET;;CEDULA;1000353806;1726545278;;HUAWEI;HG8145X6-13;Cierra Llamada;U05071;IVAN EDUARDO GUEVARA ORTEGA;MEDINA HEREDIA LESLIE JHAJAIRA;MARIA DE LOS ANGELES BAQUERIZO ORTIZ;R1;Ntgmdomc / Contacto: 0983344573 /   Id De Llamada: 1001066406 - 1001067904 / Cliente Cierra La Llamada, Nos Volvemos A Comunicar Con La Cliente Y Vuelve A Cerrar Indiicando Que Se Acercara A Agencia A Entregar Todo, No Nos Permite Indicarle Ningun Proceso, Se Le Menciona El Tiempo Que Tiene Con El Servicio Y Se Molesta Porque Le  Indicaron Que Ya Tiene 3 Años, Se Le Cmenta Que Se Le Puede Ayudar Igual Con La Renuncia Pero No Desea Nada, Servicio Queda Activo;instancall;485754432D6E50B4;Closed;0019381108;GPON;0983344573;E070-CAC QUICENTRO SUR;mbaquero
2026;2026;julio;13;WO0000001849400;1;Gestión de Retención;NO RETENIDO;NO RETENIDO;PROBLEMAS ECONÓMICOS;Gestión Retención;Intención de renuncia - Instant Call;Problemas económicos;CICLO FMC DIA 2-1;8;2P TELEFONIA SIN LIMITES  GPON ABR25 73;Telefonia;24/9/2022;13/7/2026 16:19:17;9/8/2026;3/8/2026 19:28:21;Origen_Asesores_CAC;Destino_RetInstantCall_RET;;CEDULA;25166306;1712748027;;ZTE;F6505N;Problemas Económicos;U02072;IVAN EDUARDO GUEVARA ORTEGA;PILATASIG QUIMBITA SILVIA AMPARO;DHONY OSWALDO OCHOA RAGUA;R1;Ntggcase 0995209805 / Id 2001504452/Cliente Contrato Un Nuevo Servicio Con Claro Mismo, Indica Que El Que Estaba Utilizando Estaba Fallando. No Acepta Beneficios. Se Procede Con La Renuncia;Cliente desea hacer el cierre del servicio de TELEFONIA;ZTEGD829DAD9;Closed;0019090348;GPON;0995209805;E066-CAC EL BOSQUE;dochoar
2026;2026;julio;2;WO0000001824716;1;Gestión de Retención;No contactado;NO CONTACTADO;NO CONTACTADO;Gestión Retención;Intención de renuncia - Instant Call;Problemas económicos;CICLO FMC DIA 15-14;8;3P TODO CLARO EPICO PRO 300 MBPS+ECDF GPON JUL24 20.0;Internet;14/2/2025;2/7/2026 10:42:30;22/7/2026;3/8/2026 19:14:04;Origen_Asesores_CAC;Destino_RetInstantCall_RET;;CEDULA;1001018453;0801130709;;ZTE;F6600P;No contactado;U5C404;IVAN EDUARDO GUEVARA ORTEGA;NAZARENO CHICHANDE MAURO ITALO;MARIA DE LOS ANGELES BAQUERIZO ORTIZ;R1;Ntggcase 0993522628 / Id 3001215019/Contesta Tercera Persona, Indica Que Es El Unico Numero De Contacto.;instancall;ZTEGD81465F5;Closed;0020603575;GPON;0993522628;E070-CAC QUICENTRO SUR;mbaquero
2026;2026;julio;9;WO0000001841492;1;Gestión de Retención;NO RETENIDO;NO RETENIDO;CAMBIO DE PROVEEDOR;Gestión Retención;Intención de renuncia - Instant Call;Problemas económicos;CICLO FMC DIA 11-10;8;3P - Todo Claro Tv Maximo HFC 1.1;Television;12/11/2020;9/7/2026 16:16:47;18/8/2026;3/8/2026 19:23:44;Origen_Asesores_CAC;Destino_RetInstantCall_RET;;CEDULA;2215994017;0917914079;;EQUIPO SETTOPBOX - DCX525;DCX525e-Two-Way;Cambio de Proveedor;G01017;IVAN EDUARDO GUEVARA ORTEGA;MINDIOLA VACA FERNANDO DANIEL;SYLVIA IRENE ASTUDILLO CASTILLO;R2;Ntgmdomc / Contacto: 0985606788 /   Id De Llamada: 1001792305 / Cliente Desiste De Sus Servicios Por Motivo De Que Desea Cambiarse A Un Plan Comercial, No Accede A Herramientas De Retencion, Se Menciona Sobre Las Facturas Que Se Van A Agenerar;INSTANT CALL;M92017ERK204;Closed;0017564705;HFC;0985606788;E036-CAC RIOCENTRO SUR;sastudic
2026;2026;julio;2;WO0000001826262;1;Gestión de Retención;RECHAZO;RECHAZADO;SOLO SOLICITA INFORMACIÓN;Gestión Retención;Intención de renuncia - Instant Call;No dar motivos;CICLO FMC DIA 26-25;8;Internet 750 Mbps + ECDF + MAX MAR26;Internet;11/11/2023;2/7/2026 16:58:29;2/8/2026;3/8/2026 19:14:56;Origen_Asesores_CAC;Destino_RetInstantCall_RET;;CEDULA;1000471031;1712473121;;ZTE;F680V6;Solo solicita Información;U1C113;MARIELA CAROLINA OLIVO OROZCO;MARTINEZ MUÑOZ JUAN CARLOS;JORGE FABRICIO CAMPOVERDE CORDOVA;R1;Ntgmolir 0995518352 / Id 3001358326 Cliente Indica Que Se Va Acercar Nuevamente A La Agencia Que Necesita El Proceso Rapido;INSTANT CALL;ZTEGD1C953E5;Closed;0019642550;GPON;0995518352;E163-CAC EL PORTAL;jcampovo
2026;2026;septiembre;4;WO0000001990906;1;;;NO CONTACTADO;;Gestión Retención;Intención de renuncia - Instant Call;Inconformidad con el servicio;CICLO FMC DIA 15-14;0;2P TODO CLARO TELEFONIA SIN LIMITES GPON JUL24 1.2;Telefonia;15/4/2025;4/9/2026 9:46:51;22/9/2026;4/9/2026 9:46:52;Origen_Asesores_CAC;Destino_RetInstantCall_RET;;CEDULA;25010310;1725911034;;HUAWEI;HG8245W5-6T;-;U2C004;;HERRERA MORENO ANA GABRIELA;CHRISTIAN ANDRES GRANDA MONCAYO;R1;;instant call;4857544308976AA9;Assigned;0019428612;GPON;0984271877;E063-CAC CCI;cgrandam
2026;2026;julio;6;WO0000001832481;1;Gestión de Retención;RETENIDO;RETENIDO;CON EL MISMO SERVICIO;Gestión Retención;Intención de renuncia - Instant Call;Cierre de negocio;CICLO FMC DIA 11-10;8;2P TELEFONIA SIN LIMITES  GPON ABR25 67;Telefonia;8/5/2026;6/7/2026 11:29:20;18/8/2026;3/8/2026 19:18:44;Origen_Asesores_CAC;Destino_RetInstantCall_RET;Con el mismo servicio;CEDULA;25122966;1720507712;;ZTE;F6505N;;U1C115;IVAN EDUARDO GUEVARA ORTEGA;CORDOVA ESPINOZA BLANCA GEOVANNA;PAUL ALFREDO PINO LAGUATASIG;R1;Ntggcase 0969351715 / Id 3001952683/No Se Ingresa Renuncia, Queda Con El Mismo Servicio. Va A Buscar Una Opción Con La Persona Que Le Vendio El Servicio Para El Financiamiento De Un Equipo.;renuncia - Instant Call;ZTEGDA1C59E9;Closed;0021417801;GPON;0969351715;E066-CAC EL BOSQUE;ppinol
2026;2026;julio;9;WO0000001840331;1;Gestión de Retención;NO RETENIDO;NO RETENIDO;FALLAS EN EL SERVICIO IMPUTABLES AL CLIENTE;Gestión Retención;Intención de renuncia - Instant Call;Inconformidad con el servicio;CICLO FMC DIA 15-14;8;2P TODO CLARO - ELITE PLUS 850 MBPS+MAX JUN26;Internet;17/7/2025;9/7/2026 11:31:18;22/7/2026;3/8/2026 19:23:05;Origen_Asesores_CAC;Destino_RetInstantCall_RET;;CEDULA;1001258229;0967680638;;HUAWEI;HG8145X6-13;Fallas en el servicio imputables al cliente;G2C078;MARIELA CAROLINA OLIVO OROZCO;ALVAREZ  TOMAS;JONATHAN EDDIE ESPINOZA LEON;R2;Ntgmolir 0997829485 / Id 1001683620 Cliente No Desea Mantener Los Servicios Activos Se Le Idnica Valores A Pagar Por Costos De Instalacion Y Fecha De Eliminacion Y Retiro De Equipos;INSTANT CALL;48575443D71C13B1;Closed;0020883466;GPON;997829485;E034-CAC RIOCENTRO ENTRE RIOS;jespinol
2026;2026;julio;22;WO0000001870374;1;Gestión de Retención;RECHAZO;RECHAZADO;YA TIENE ORDEN DE BAJA INGRESADA;Gestión Retención;Intención de renuncia - Instant Call;Problemas económicos;CICLO FMC DIA 26-25;8;3P TODO CLARO TELEFONIA SIN LIMITES GPON JUL24 5.1;Telefonia;9/2/2024;22/7/2026 12:43:07;2/9/2026;3/8/2026 19:40:01;Origen_Asesores_CAC;Destino_RetInstantCall_RET;;CEDULA;25123140;0602932089;;ZTE;F680V6;Ya tiene orden de baja ingresada;U02043;MARIELA CAROLINA OLIVO OROZCO;BUSTOS ROMERO STEFAN JAVIER;DHONY OSWALDO OCHOA RAGUA;R1;Ntgmolir 0999818650 / Cliente Ya Tiene Ingresada La Baja De Servicios;Cliente desea hacer el cierre del servicio de TELEFONO;ZTEGD1D7BD8B;Closed;0017900780;GPON;0999818650;E066-CAC EL BOSQUE;dochoar
2026;2026;agosto;4;WO0000001898245;1;Gestión de Retención;RECHAZO;RECHAZADO;YA TIENE ORDEN DE BAJA INGRESADA;Gestión Retención;Intención de renuncia - Instant Call;Viaje;CICLO FMC DIA 26-25;8;1P  TODO CLARO Hiperconectado 400 Mbps + HBO MAX  GPON;Internet;13/3/2020;4/8/2026 11:04:10;2/9/2026;7/8/2026 2:45:57;Origen_Asesores_CAC;Destino_RetInstantCall_RET;;CEDULA;2215249250;1725231151;;HUAWEI;HG8145X6-10;Ya tiene orden de baja ingresada;U01066;IVAN EDUARDO GUEVARA ORTEGA;RODRIGUEZ MOLANO SANDRA LUCIA;CHRISTOPHER SANTIAGO HERRERA CORREA;R1;Ntgmdomc / Contacto: 0989997755 /   Id De Llamada: 3001731811 / Cliente Con Renuncia Ingresada, Se Brinda Informacion De La Renuncia;Cliente solicita la renuncia de internet por salida del pais.;4857544319983BB0;Closed;0017498207;GPON;0985205981;E066-CAC EL BOSQUE;cherrerc
2026;2026;agosto;11;WO0000001915030;1;Gestión de Retención;RECHAZO;RECHAZADO;YA TIENE ORDEN DE BAJA INGRESADA;Gestión Retención;Intención de renuncia - Instant Call;Falla en el servicio - Imputables a claro;CICLO FMC DIA 24-23;8;2P TODO CLARO EPICO PLUS 550 MBPS+ECDF GPON JUN26 5.2;Internet;13/10/2024;11/8/2026 17:03:41;31/8/2026;24/8/2026 2:45:17;Origen_Asesores_CAC;Destino_RetInstantCall_RET;;CEDULA;1000853856;0932360696;;HUAWEI;HG8145X6-10;Ya tiene orden de baja ingresada;G4C133;IVAN EDUARDO GUEVARA ORTEGA;BALLADARES DE LA A ALEJANDRO DAVID;MEGGY ARIANA PEREZ SANCAN;R2;Ntgmolir 0987296987 / Cliente Ya Fue Atendido En La Orden Wo0000001915214;INSTANTCALL;48575443F367EFAF;Closed;0020392263;GPON;0987296987;CAC MALL DEL NORTE;mpereze
2026;2026;julio;10;WO0000001843043;1;Gestión de Retención;No contactado;NO CONTACTADO;NO CONTACTADO;Gestión Retención;Intención de renuncia - Instant Call;Problemas económicos;CICLO FMC DIA 11-10;8;3P TODO CLARO EPICO PRO 300 MBPS GPON JUL24 2.0;Internet;10/1/2022;10/7/2026 12:21:56;18/8/2026;3/8/2026 19:24:40;Origen_Asesores_CAC;Destino_RetInstantCall_RET;;CEDULA;2218084997;1200838959;;HUAWEI;HG8145X6-13;No contactado;G04075;MARIELA CAROLINA OLIVO OROZCO;QUINTO DIGLE RAQUEL;MARIA MATILDE CHICAIZA HASING;R2;Ntgmolir 0992828844 / Id 1001955548 Cleinte No Contesta Se Deja Mensaje De Voz;no desea internet;4857544330B052B2;Closed;0017410971;GPON;0992828844;CAC MALL DEL NORTE;mchicaiza
2026;2026;julio;22;WO0000001871169;1;Gestión de Retención;RECHAZO;RECHAZADO;TRASLADO FUERA DE COBERTURA;Gestión Retención;Intención de renuncia - Instant Call;Problemas económicos;CICLO FMC DIA 19-18;8;2P TODO CLARO EPICO PLUS 550 MBPS+ECDF GPON JUN26 5.2;Internet;17/10/2024;22/7/2026 16:17:46;26/8/2026;3/8/2026 19:40:28;Origen_Asesores_CAC;Destino_RetInstantCall_RET;;CEDULA;1000858387;2100472907;;ZTE;F6600P;Traslado fuera de Cobertura;U1C123;IVAN EDUARDO GUEVARA ORTEGA;GALINDO ASTUDILLO NORA JUDITH;JOSE DAVID TINAJERO BARAHONA;R1;Ntgmdomc / Contacto: 0987263506 /   Id De Llamada: 1001869238 / Cliente Desiste De Sus Servicios Por Motivo De Que Se Cambio A Otro Domicilio Donde Ya Cuenta Con Otro  Servicioy No Tiene Cobertura En Otro Lugar Donde Quiso Cambiar, No Accede A Herramientas De Retencion Y Cancelara Valores De Permin En Agencia Dentro De 48 H;INSTANT CALL;ZTEGD712B299;Closed;0020398237;GPON;0997524205;E163-CAC EL PORTAL;jtinajea
2026;2026;septiembre;25;WO0000002060551;1;;;NO CONTACTADO;;Gestión Retención;Intención de renuncia - Instant Call;Problemas económicos;CICLO FMC DIA 26-25;0;Blindaje -Internet GPON 400 Mbps DIC24 1.120;Internet;5/11/2021;25/9/2026 13:07:44;2/11/2026;25/9/2026 13:07:44;Origen_Asesores_CAC;Destino_RetInstantCall_RET;;CEDULA;2217761389;0501315535;;ZTE;F6600P;-;U04105;;TINILLO AQUINO FELIX EDUARDO;PABLO JESUS ORELLANA GARRIDO;R1;;INSTANT CALL;ZTEGD71DD136;Assigned;0017298584;GPON;0995860794;E079-CAC MALL JARDIN;porellar
2026;2026;julio;6;WO0000001832831;1;Gestión de Retención;NO RETENIDO;NO RETENIDO;CIERRE DE NEGOCIO;Gestión Retención;Intención de renuncia - Instant Call;Cierre de negocio;CICLO FMC DIA 26-25;8;2 PLAY Hogar Ilimitado GPON.1;Telefonia;27/4/2023;6/7/2026 12:40:50;2/8/2026;3/8/2026 19:18:56;Destino_RetInstantCall_RET;Destino_RetInstantCall_RET;;CEDULA;45178390;0903949691;;HUAWEI;HG8145X6-13;Cierre de Negocio;G06034;MARIELA CAROLINA OLIVO OROZCO;CORNEJO CARMIGNIANI EDUARDO GABRIEL;MARIELA CAROLINA OLIVO OROZCO;R2;Ntgmolir 0999613984 / Id 3001962172 Cliente No Accede A Las Herramientas De Retencion Y Se Le Indica Fecha De Eliminacion Y De Retiro De Equipos Se Le Indica Factura Postpago De Telefonia;INSTANTCALL;4857544330541FB2;Closed;0019155842;GPON;0999613984;CANTEC UIO;ntgmolir
2026;2026;agosto;27;WO0000001967531;1;;;NO CONTACTADO;;Gestión Retención;Intención de renuncia - Instant Call;Otra Persona usa el servicio;CICLO FMC DIA 21-20;0;1P RESCATE - GPON INT 100 MBPS FEB26 2;Internet;19/5/2026;27/8/2026 13:42:33;28/9/2026;27/8/2026 13:42:33;Origen_Asesores_CAC;Destino_RetInstantCall_RET;;CEDULA;1001650392;0906308101;;HUAWEI;HG8145X6-13;-;BH1C016;;ALFONZO IRRAZABA PEDRO PABLO;BOLIVAR GEOVANNY DEL HIERRO IZAGUIRRE;R2;;INSTANTCALL;48575443BFF0E6B1;Assigned;0021422581;GPON;0998764546;E022-CAC TERMINAL TERRESTRE;bdelhiei
2026;2026;agosto;7;WO0000001907850;1;Gestión de Retención;RETENIDO;RETENIDO;DOWNGRADE;Gestión Retención;Intención de renuncia - Instant Call;Cliente no contactado;CICLO FMC DIA 26-25;8;Internet 1024 Mbps MAR26;Internet;22/5/2012;7/8/2026 16:44:25;2/9/2026;24/8/2026 2:45:13;Origen_Asesores_CAC;Destino_RetInstantCall_RET;Downgrade;CEDULA;2200626411;1708056393;;ZTE;F6505N;;U03012;IVAN EDUARDO GUEVARA ORTEGA;SERRANO MALDONADO RAFAEL ERNESTO;PAUL ALFREDO PINO LAGUATASIG;R1;Ntgmolir 0985647887 / Id 3001121246 Cliente Acfcede A Mantener El Servicio Activo Con Un Cambio De Plan De 100164285 Con El Adicional Del Deco 6,61 Programado;renuncia - Instant Call;ZTEGD829DCF1;Closed;0017470811;GPON;0985647887;E066-CAC EL BOSQUE;ppinol
